Customer_ID,Gender,Age,Tenure_Months,Contract_Type,Payment_Method,Monthly_Charges,Total_Charges,Internet_Service,Tech_Support,Streaming_Service,Number_of_Complaints,Support_Calls,Last_Login_Days,Satisfaction_Score,Churn
C100000,Male,20,62,One Year,Bank Transfer,98.56,6066.68,No Internet,Yes,No,2,0,13,6.4,0
C100001,Female,24,4,Month-to-Month,Electronic Check,60.78,232.84,DSL,Yes,No,0,2,25,7.9,1
C100002,Female,43,6,Month-to-Month,Electronic Check,103.17,571.54,No Internet,No,Yes,0,5,22,6.3,1
C100003,Female,24,72,Month-to-Month,Bank Transfer,68.68,5278.75,DSL,No,Yes,0,2,18,6.1,0
C100004,Male,51,16,Month-to-Month,Electronic Check,110.19,1637.33,DSL,No,No,1,3,10,8.2,1
C100005,Male,37,38,Month-to-Month,Bank Transfer,105.68,3847.91,Fiber Optic,No,No,4,2,30,4.6,1
C100006,Male,39,49,Two Year,UPI,62.06,3214.43,No Internet,No,Yes,3,1,6,7.5,0
C100007,Female,35,61,Two Year,Credit Card,82.56,5390.16,DSL,No,Yes,0,3,9,9.0,0
C100008,Female,47,65,Month-to-Month,Electronic Check,80.4,5364.41,Fiber Optic,Yes,Yes,4,1,1,7.4,0
C100009,Female,47,50,Month-to-Month,Electronic Check,87.87,4223.87,DSL,No,No,3,1,3,7.7,0
C100010,Male,42,17,Two Year,Electronic Check,78.49,,Fiber Optic,No,No,2,2,8,6.1,0
C100011,Female,45,28,Month-to-Month,Bank Transfer,68.92,1931.44,Fiber Optic,No,No,1,1,13,6.6,0
C100012,Female,35,44,Two Year,Credit Card,91.71,4315.53,No Internet,No,Yes,1,3,22,5.5,0
C100013,Male,45,12,One Year,Credit Card,92.56,1190.13,Fiber Optic,No,No,3,2,13,4.6,1
C100014,Male,34,70,One Year,Electronic Check,51.64,3574.66,DSL,No,Yes,1,2,11,5.4,0
C100015,Male,38,71,Month-to-Month,Electronic Check,105.08,7247.19,No Internet,Yes,No,2,0,6,7.3,0
C100016,Male,35,72,Month-to-Month,UPI,109.89,7769.08,Fiber Optic,No,Yes,1,3,25,7.8,0
C100017,Female,33,3,Month-to-Month,Electronic Check,92.03,264.32,No Internet,No,No,2,2,25,6.8,1
C100018,Male,30,49,Month-to-Month,Credit Card,85.71,3979.42,Fiber Optic,No,Yes,5,2,7,3.7,1
C100019,Male,44,21,One Year,Electronic Check,65.73,,Fiber Optic,No,Yes,2,3,6,7.8,0
C100020,Female,54,8,Month-to-Month,Electronic Check,110.76,852.03,Fiber Optic,Yes,No,1,0,29,6.5,0
C100021,Male,52,64,Month-to-Month,UPI,64.91,4373.67,DSL,No,Yes,1,0,20,7.0,0
C100022,Male,23,59,Two Year,Electronic Check,71.27,4034.92,Fiber Optic,Yes,Yes,3,6,5,5.7,0
C100023,Male,53,30,Month-to-Month,Bank Transfer,84.1,2543.24,No Internet,Yes,Yes,2,3,4,8.3,0
C100024,Male,34,32,Month-to-Month,Credit Card,35.34,1168.91,No Internet,No,No,1,5,6,7.7,0
C100025,Female,45,20,Two Year,Bank Transfer,86.4,1770.21,DSL,No,Yes,3,2,9,4.4,0
C100026,Male,27,16,Month-to-Month,UPI,58.15,872.84,DSL,No,No,2,2,9,,0
C100027,Male,40,25,Month-to-Month,Electronic Check,71.27,1717.57,DSL,No,No,1,2,8,7.7,0
C100028,Female,42,60,Month-to-Month,Electronic Check,92.59,5125.67,DSL,No,No,2,2,10,6.8,1
C100029,Male,20,45,One Year,Electronic Check,107.76,4919.28,DSL,No,Yes,2,2,8,6.2,0
C100030,Female,45,9,Month-to-Month,Credit Card,114.28,1047.64,Fiber Optic,No,Yes,1,1,2,6.0,1
C100031,Male,54,51,Month-to-Month,Credit Card,111.11,5644.57,No Internet,No,Yes,2,2,26,6.1,0
C100032,Male,36,61,Month-to-Month,UPI,84.04,5236.42,Fiber Optic,No,No,1,3,7,6.5,0
C100033,Female,54,40,Month-to-Month,Electronic Check,37.56,1586.84,Fiber Optic,No,Yes,2,2,12,5.8,1
C100034,Female,36,61,Month-to-Month,Bank Transfer,70.61,4138.02,DSL,No,No,2,0,8,6.0,0
C100035,Female,48,67,One Year,Electronic Check,94.45,6366.88,No Internet,Yes,Yes,0,0,2,8.0,0
C100036,Male,18,15,One Year,Electronic Check,76.79,1084.62,Fiber Optic,No,Yes,1,1,10,8.1,0
C100037,Male,67,53,One Year,Bank Transfer,71.42,3624.61,DSL,Yes,Yes,2,2,13,7.3,0
C100038,Female,56,4,Month-to-Month,UPI,48.04,186.16,DSL,No,No,3,1,10,8.5,0
C100039,Male,35,23,Month-to-Month,Electronic Check,95.45,2269.78,DSL,Yes,Yes,2,4,7,6.4,0
C100040,Male,18,27,One Year,Electronic Check,75.18,1915.21,Fiber Optic,No,Yes,1,2,7,7.5,0
C100041,Male,41,37,One Year,Bank Transfer,73.85,2818.28,DSL,No,Yes,0,1,7,9.1,0
C100042,Male,21,43,Two Year,Bank Transfer,97.68,3927.16,Fiber Optic,No,No,4,2,3,6.5,1
C100043,Female,43,37,Month-to-Month,UPI,78.2,2976.58,DSL,No,Yes,0,1,5,8.4,0
C100044,Male,43,29,Month-to-Month,Electronic Check,109.73,3326.24,DSL,No,No,1,2,15,8.1,0
C100045,Female,27,29,One Year,Bank Transfer,71.56,2208.71,No Internet,No,Yes,1,4,4,6.6,0
C100046,Male,51,49,Two Year,Credit Card,45.18,2330.71,Fiber Optic,No,No,1,2,19,,0
C100047,Female,48,51,Two Year,Credit Card,95.29,4968.25,DSL,Yes,Yes,3,7,17,4.5,0
C100048,Female,50,50,Two Year,Electronic Check,90.64,4740.58,Fiber Optic,Yes,Yes,0,2,12,7.3,0
C100049,Male,38,28,Two Year,Electronic Check,100.47,2911.66,Fiber Optic,No,No,1,5,4,6.8,1
C100050,Female,21,5,One Year,UPI,80.43,400.43,Fiber Optic,No,Yes,0,2,8,,1
C100051,Female,50,56,Month-to-Month,Credit Card,96.9,5675.47,Fiber Optic,Yes,Yes,3,1,9,6.6,0
C100052,Female,35,64,One Year,Electronic Check,84.28,,Fiber Optic,Yes,Yes,2,3,49,5.3,1
C100053,Female,21,17,Month-to-Month,Bank Transfer,46.71,832.73,DSL,No,Yes,3,1,21,7.6,0
C100054,Female,54,55,Month-to-Month,Bank Transfer,89.43,5252.4,DSL,No,No,0,3,28,6.4,1
C100055,Female,63,9,One Year,Credit Card,102.32,981.83,Fiber Optic,Yes,Yes,2,1,7,6.4,0
C100056,Male,38,68,One Year,Credit Card,97.49,7158.14,DSL,No,No,2,1,14,8.7,0
C100057,Male,64,16,One Year,Credit Card,30.61,472.43,Fiber Optic,Yes,No,1,4,7,6.6,0
C100058,Male,39,16,Month-to-Month,Electronic Check,79.77,1202.15,No Internet,Yes,Yes,4,3,35,6.1,1
C100059,Male,33,13,Month-to-Month,UPI,74.96,973.32,Fiber Optic,No,No,1,1,3,7.3,0
C100060,Male,30,63,Two Year,Credit Card,110.4,6779.94,Fiber Optic,No,Yes,0,2,6,6.6,0
C100061,Male,58,41,One Year,UPI,92.88,3782.05,Fiber Optic,Yes,Yes,2,2,36,6.6,0
C100062,Female,29,53,Month-to-Month,Bank Transfer,81.72,4236.12,Fiber Optic,No,Yes,0,1,11,7.2,0
C100063,Male,47,68,One Year,Bank Transfer,125.23,8999.4,Fiber Optic,Yes,Yes,1,1,2,7.2,0
C100064,Male,31,9,Two Year,Electronic Check,122.81,1112.84,DSL,Yes,Yes,2,3,7,7.6,1
C100065,Female,32,51,Month-to-Month,Credit Card,113.88,6080.06,No Internet,No,Yes,1,3,9,7.6,0
C100066,Male,50,48,Month-to-Month,Bank Transfer,88.0,4087.55,DSL,Yes,Yes,3,2,23,7.8,0
C100067,Female,33,49,Month-to-Month,Electronic Check,70.37,3390.03,DSL,No,Yes,1,0,12,7.6,0
C100068,Male,33,18,Month-to-Month,Bank Transfer,129.98,2259.67,Fiber Optic,Yes,No,2,0,14,4.8,1
C100069,Female,52,10,Month-to-Month,Electronic Check,115.18,1238.68,Fiber Optic,Yes,No,2,2,21,4.9,1
C100070,Female,57,54,Month-to-Month,UPI,104.43,5589.97,Fiber Optic,Yes,No,1,1,27,6.6,0
C100071,Male,46,15,Month-to-Month,UPI,82.05,1212.97,Fiber Optic,No,Yes,2,3,22,5.9,1
C100072,Male,30,11,Month-to-Month,Bank Transfer,65.25,756.78,Fiber Optic,No,Yes,1,3,14,7.9,1
C100073,Female,32,40,Month-to-Month,Electronic Check,53.36,2222.19,DSL,Yes,Yes,0,4,17,7.4,0
C100074,Female,39,47,Two Year,Bank Transfer,75.47,3785.65,DSL,No,No,1,1,4,5.6,0
C100075,Female,42,20,One Year,Bank Transfer,102.16,2126.35,Fiber Optic,No,Yes,0,2,9,8.5,0
C100076,Female,26,22,Month-to-Month,UPI,41.8,897.1,Fiber Optic,No,No,2,5,7,5.8,0
C100077,Male,47,48,Month-to-Month,Electronic Check,107.13,4979.18,Fiber Optic,No,No,3,2,23,5.2,1
C100078,Male,39,16,Month-to-Month,Bank Transfer,51.68,851.3,Fiber Optic,No,No,1,4,7,6.6,0
C100079,Male,18,5,One Year,Electronic Check,74.8,351.84,DSL,No,Yes,0,4,60,5.9,1
C100080,Female,27,65,One Year,Bank Transfer,117.53,7136.86,Fiber Optic,No,Yes,0,0,10,8.3,0
C100081,Female,32,21,Two Year,UPI,124.04,2727.56,DSL,No,No,3,3,7,5.9,0
C100082,Male,37,61,One Year,UPI,87.86,5476.0,Fiber Optic,Yes,No,2,3,25,3.7,0
C100083,Male,61,55,Two Year,Bank Transfer,81.81,4297.15,Fiber Optic,Yes,No,3,2,7,6.8,0
C100084,Male,41,24,Month-to-Month,Credit Card,87.83,2165.09,Fiber Optic,No,Yes,2,2,7,6.0,1
C100085,Male,28,23,Two Year,UPI,87.47,1950.48,Fiber Optic,No,Yes,2,1,7,8.3,0
C100086,Female,41,11,One Year,Credit Card,97.85,1039.18,DSL,Yes,Yes,2,1,10,5.9,0
C100087,Female,34,47,Month-to-Month,Electronic Check,66.95,3032.58,No Internet,No,Yes,1,5,8,7.1,0
C100088,Female,42,2,Month-to-Month,UPI,71.38,142.91,Fiber Optic,No,No,0,4,8,7.4,0
C100089,Male,45,70,Month-to-Month,Credit Card,60.62,4543.05,DSL,Yes,No,1,1,28,6.9,0
C100090,Male,53,53,Month-to-Month,Bank Transfer,107.6,6111.97,Fiber Optic,No,No,0,2,1,9.6,0
C100091,Female,38,11,One Year,Electronic Check,90.42,1002.0,No Internet,Yes,Yes,1,3,18,7.2,0
C100092,Female,58,15,One Year,Electronic Check,87.73,1393.54,No Internet,No,Yes,0,2,18,7.1,0
C100093,Female,49,12,Month-to-Month,Credit Card,126.1,1514.47,Fiber Optic,Yes,No,1,0,7,7.1,0
C100094,Female,30,36,Month-to-Month,Credit Card,94.17,3385.81,No Internet,Yes,Yes,2,3,21,7.1,1
C100095,Male,65,23,Two Year,Credit Card,125.14,2665.54,DSL,No,Yes,2,2,2,7.0,0
C100096,Female,42,27,Month-to-Month,Credit Card,110.28,3094.33,No Internet,Yes,Yes,3,5,33,6.2,0
C100097,Male,28,14,Month-to-Month,Credit Card,52.26,747.71,DSL,Yes,No,2,2,9,6.1,1
C100098,Male,58,54,Month-to-Month,Bank Transfer,112.42,5941.64,Fiber Optic,No,Yes,1,2,2,7.8,0
C100099,Male,63,27,Two Year,Credit Card,111.7,2845.55,DSL,Yes,Yes,2,1,25,5.9,0
C100100,Male,38,21,One Year,UPI,51.68,1170.43,DSL,No,Yes,2,4,2,6.6,0
C100101,Female,32,49,Month-to-Month,Electronic Check,104.51,5380.5,Fiber Optic,No,Yes,1,1,26,7.3,1
C100102,Male,36,62,Month-to-Month,UPI,42.33,2677.9,DSL,Yes,No,3,2,29,6.3,0
C100103,Male,47,72,Month-to-Month,Bank Transfer,86.58,5751.64,DSL,No,Yes,1,0,12,7.8,0
C100104,Female,53,44,Month-to-Month,Credit Card,99.9,4655.66,No Internet,No,No,4,5,26,3.9,1
C100105,Male,45,44,One Year,Electronic Check,56.02,2508.18,DSL,No,No,0,1,6,8.0,0
C100106,Male,39,61,Month-to-Month,UPI,105.66,6092.58,Fiber Optic,No,Yes,0,6,11,5.3,0
C100107,Female,56,42,Month-to-Month,UPI,47.17,2080.71,No Internet,No,Yes,0,3,10,9.8,0
C100108,Male,34,23,One Year,UPI,82.66,1932.69,DSL,No,No,3,4,3,5.9,0
C100109,Male,50,1,Month-to-Month,Credit Card,93.12,93.58,Fiber Optic,No,No,1,0,15,7.8,0
C100110,Male,35,36,Two Year,Electronic Check,93.15,3160.22,Fiber Optic,No,Yes,1,1,8,6.3,0
C100111,Male,43,55,Month-to-Month,,64.71,3419.38,DSL,Yes,Yes,1,3,16,6.7,0
C100112,Female,37,16,Month-to-Month,Credit Card,106.59,1757.41,Fiber Optic,No,Yes,3,1,16,7.7,1
C100113,Female,37,18,Two Year,Electronic Check,97.45,1712.04,No Internet,No,Yes,1,1,10,7.8,0
C100114,Female,33,38,Month-to-Month,Credit Card,121.54,4505.12,No Internet,Yes,Yes,0,2,12,7.7,0
C100115,Female,54,67,Month-to-Month,Bank Transfer,148.08,9413.81,Fiber Optic,Yes,Yes,1,2,17,6.2,1
C100116,Female,29,20,Month-to-Month,Bank Transfer,67.49,1286.27,Fiber Optic,No,Yes,1,3,15,5.9,1
C100117,Male,29,19,Month-to-Month,Electronic Check,65.48,1278.81,DSL,No,Yes,2,1,13,5.4,1
C100118,Female,63,13,Two Year,Electronic Check,77.76,1079.11,Fiber Optic,No,No,0,3,12,7.5,1
C100119,Female,50,17,Month-to-Month,Credit Card,76.47,1207.29,DSL,No,No,2,7,7,5.5,1
C100120,Female,18,30,Month-to-Month,UPI,82.53,2472.88,Fiber Optic,Yes,No,1,4,9,7.5,0
C100121,Female,31,43,Two Year,UPI,88.48,4082.32,DSL,No,Yes,0,2,15,7.4,0
C100122,Male,18,48,Month-to-Month,Electronic Check,57.47,2774.12,No Internet,Yes,No,3,0,31,6.9,0
C100123,Male,27,43,Two Year,Credit Card,79.71,3385.49,Fiber Optic,Yes,Yes,4,1,17,5.5,0
C100124,Male,18,66,Month-to-Month,Credit Card,26.14,1667.38,DSL,No,Yes,3,4,10,5.1,1
C100125,Male,36,53,Month-to-Month,Credit Card,94.04,5187.05,Fiber Optic,No,Yes,1,1,24,5.8,1
C100126,Female,24,72,Month-to-Month,Electronic Check,58.23,4457.69,No Internet,Yes,No,0,3,9,8.1,0
C100127,Female,39,34,Month-to-Month,Credit Card,81.17,2976.08,Fiber Optic,No,Yes,3,1,17,6.4,0
C100128,Male,18,72,Month-to-Month,Electronic Check,101.7,7098.42,DSL,No,Yes,0,2,4,8.3,0
C100129,Male,39,71,Month-to-Month,Bank Transfer,78.16,5218.37,Fiber Optic,No,Yes,2,2,27,4.3,0
C100130,Male,33,13,One Year,Credit Card,97.46,1312.32,Fiber Optic,Yes,Yes,1,3,9,6.1,0
C100131,Male,56,56,Month-to-Month,Credit Card,105.2,6203.05,DSL,No,No,2,2,31,,1
C100132,Male,55,59,Month-to-Month,Bank Transfer,103.77,6487.7,Fiber Optic,No,Yes,0,1,18,6.7,0
C100133,Male,47,32,Month-to-Month,UPI,120.93,3934.27,Fiber Optic,No,Yes,1,1,15,6.0,1
C100134,Female,34,54,Month-to-Month,Electronic Check,122.65,7110.91,Fiber Optic,No,No,1,3,8,6.8,0
C100135,Male,62,2,Month-to-Month,Credit Card,90.05,168.92,Fiber Optic,No,Yes,0,1,15,8.2,0
C100136,Male,19,37,Month-to-Month,UPI,89.22,3199.71,Fiber Optic,No,No,3,1,5,5.9,1
C100137,Female,21,33,Two Year,Credit Card,92.41,2951.8,DSL,No,Yes,3,3,5,5.2,0
C100138,Male,37,1,Month-to-Month,Credit Card,51.32,50.49,DSL,Yes,Yes,2,1,26,7.8,0
C100139,Female,65,28,Month-to-Month,Electronic Check,99.68,2903.08,Fiber Optic,Yes,No,1,3,4,6.6,0
C100140,Female,36,17,Month-to-Month,Bank Transfer,109.78,1723.0,Fiber Optic,No,Yes,1,0,10,5.4,0
C100141,Male,36,57,Month-to-Month,Electronic Check,54.45,2863.98,Fiber Optic,No,Yes,1,4,1,9.6,0
C100142,Male,21,70,One Year,Bank Transfer,68.82,4537.8,Fiber Optic,No,No,3,3,28,6.6,0
C100143,Male,49,52,Month-to-Month,Credit Card,56.42,2786.33,Fiber Optic,No,No,3,4,6,5.4,0
C100144,Male,49,44,Month-to-Month,Credit Card,101.22,4802.25,Fiber Optic,Yes,Yes,2,5,10,5.6,1
C100145,Male,47,47,Month-to-Month,Bank Transfer,65.05,2938.94,DSL,No,Yes,1,5,9,6.1,0
C100146,Female,30,13,Two Year,Credit Card,110.76,1430.08,DSL,Yes,Yes,2,1,7,7.4,0
C100147,Male,30,30,Month-to-Month,Credit Card,108.01,2996.11,Fiber Optic,Yes,Yes,0,4,18,6.4,0
C100148,Male,22,66,One Year,Electronic Check,126.47,8921.94,Fiber Optic,No,Yes,3,3,7,6.7,0
C100149,Male,39,53,Month-to-Month,Credit Card,81.44,4003.55,Fiber Optic,Yes,Yes,1,3,5,6.6,0
C100150,Female,25,18,Month-to-Month,Electronic Check,131.6,2521.28,Fiber Optic,Yes,No,1,1,12,7.4,1
C100151,Male,24,28,One Year,Electronic Check,41.14,1096.68,Fiber Optic,No,Yes,0,1,7,9.0,0
C100152,Male,33,4,Month-to-Month,Bank Transfer,90.61,386.15,DSL,Yes,Yes,2,1,25,6.8,1
C100153,Male,32,42,Month-to-Month,Bank Transfer,96.65,3949.32,Fiber Optic,No,Yes,0,2,15,9.6,0
C100154,Female,32,6,Month-to-Month,Electronic Check,97.02,579.96,DSL,Yes,No,3,0,22,5.1,1
C100155,Male,44,9,Month-to-Month,Electronic Check,71.16,662.06,DSL,Yes,Yes,0,1,6,7.0,0
C100156,Female,39,20,Month-to-Month,Electronic Check,95.91,1992.83,No Internet,Yes,No,3,1,11,5.7,0
C100157,Female,35,38,Month-to-Month,Bank Transfer,59.75,2101.22,DSL,No,Yes,0,3,21,6.9,0
C100158,Male,40,68,Month-to-Month,Bank Transfer,74.9,4701.6,Fiber Optic,Yes,No,2,2,16,7.5,0
C100159,Female,26,50,Month-to-Month,Credit Card,76.77,3728.98,DSL,No,No,0,4,12,8.1,0
C100160,Male,39,60,One Year,UPI,89.56,5383.56,DSL,No,No,1,1,4,7.4,1
C100161,Female,40,13,Month-to-Month,UPI,55.84,769.29,Fiber Optic,Yes,No,2,2,25,5.2,0
C100162,Female,20,42,Month-to-Month,UPI,84.07,3350.69,DSL,No,No,1,1,10,7.8,0
C100163,Female,50,68,One Year,UPI,50.51,3364.71,No Internet,No,Yes,1,0,14,7.3,0
C100164,Male,27,25,Month-to-Month,UPI,53.65,1327.39,DSL,Yes,No,2,3,5,5.8,0
C100165,Female,39,31,Two Year,Electronic Check,118.79,3675.25,Fiber Optic,No,Yes,0,2,28,7.0,0
C100166,Male,52,12,Two Year,Electronic Check,107.62,1333.77,Fiber Optic,No,No,0,3,5,9.2,0
C100167,Male,49,64,One Year,UPI,115.31,7863.84,Fiber Optic,No,No,3,2,10,5.5,0
C100168,Male,38,61,Month-to-Month,Credit Card,59.43,3410.08,DSL,No,Yes,1,4,5,6.7,0
C100169,Female,34,53,One Year,Credit Card,61.72,3255.56,DSL,Yes,Yes,2,0,11,6.6,0
C100170,Female,49,26,One Year,Electronic Check,63.84,1788.6,No Internet,No,Yes,2,1,6,6.1,0
C100171,Male,46,61,One Year,Bank Transfer,96.51,5980.5,Fiber Optic,No,Yes,3,5,17,4.9,0
C100172,Male,31,10,Month-to-Month,Credit Card,122.87,1297.23,Fiber Optic,No,Yes,3,3,9,6.7,1
C100173,Male,28,12,One Year,Electronic Check,91.32,1164.17,Fiber Optic,No,Yes,3,2,9,6.3,0
C100174,Female,18,22,One Year,Bank Transfer,39.59,811.2,DSL,No,Yes,0,0,6,7.3,0
C100175,Male,40,53,Month-to-Month,UPI,82.01,4333.27,DSL,No,Yes,1,4,34,5.8,0
C100176,Female,37,21,One Year,Credit Card,88.76,2001.7,Fiber Optic,Yes,Yes,1,1,19,8.7,0
C100177,Male,52,35,Month-to-Month,Bank Transfer,107.48,3550.69,DSL,No,Yes,0,3,41,7.1,0
C100178,Female,42,71,One Year,Electronic Check,83.1,5605.98,DSL,Yes,No,2,2,22,5.2,0
C100179,Male,54,27,One Year,Electronic Check,87.25,2358.03,DSL,No,Yes,1,2,20,6.9,0
C100180,Male,30,60,Month-to-Month,Credit Card,92.44,5220.87,Fiber Optic,No,Yes,0,4,13,5.3,0
C100181,Male,52,47,Two Year,UPI,52.24,2596.67,DSL,No,No,0,3,5,6.6,0
C100182,Female,32,66,Two Year,UPI,73.89,5081.78,DSL,No,No,0,3,11,5.7,0
C100183,Female,47,15,Month-to-Month,Bank Transfer,98.06,1553.17,Fiber Optic,No,Yes,1,2,6,5.9,1
C100184,Male,20,24,Month-to-Month,Credit Card,87.61,2070.75,Fiber Optic,No,No,0,1,6,8.6,0
C100185,Female,41,10,One Year,Bank Transfer,34.73,355.46,No Internet,Yes,No,2,1,14,6.8,0
C100186,Female,18,24,Month-to-Month,Electronic Check,110.37,2575.59,Fiber Optic,No,Yes,0,5,9,7.0,0
C100187,Female,35,57,Month-to-Month,Electronic Check,95.89,5083.71,Fiber Optic,Yes,Yes,1,3,3,7.0,1
C100188,Female,43,34,One Year,Bank Transfer,115.13,4086.55,Fiber Optic,No,Yes,1,1,26,5.5,0
C100189,Male,32,41,Two Year,Bank Transfer,85.92,3788.57,Fiber Optic,No,Yes,2,4,11,5.6,0
C100190,Male,25,40,Month-to-Month,UPI,92.38,3568.65,Fiber Optic,No,No,2,3,13,5.8,0
C100191,Female,48,11,Month-to-Month,Bank Transfer,48.54,515.8,Fiber Optic,Yes,No,1,1,9,6.1,0
C100192,Female,37,1,One Year,UPI,73.47,70.02,DSL,No,Yes,1,2,12,8.0,1
C100193,Female,32,30,One Year,Electronic Check,112.09,3323.2,No Internet,No,Yes,2,2,2,6.1,1
C100194,Male,39,43,Two Year,Electronic Check,93.64,3946.45,DSL,Yes,No,7,2,8,3.1,1
C100195,Male,70,26,Month-to-Month,UPI,66.58,1837.68,DSL,Yes,Yes,0,2,16,8.4,1
C100196,Female,52,53,Month-to-Month,Credit Card,61.46,3408.67,DSL,No,No,3,2,6,5.7,0
C100197,Female,52,47,Month-to-Month,Electronic Check,99.12,4942.3,DSL,No,Yes,2,2,7,6.5,1
C100198,Female,43,9,One Year,,43.51,417.87,DSL,Yes,No,2,1,52,6.6,1
C100199,Female,40,9,Month-to-Month,UPI,93.02,861.19,No Internet,Yes,Yes,2,2,32,4.8,0
C100200,Female,18,1,Two Year,Credit Card,108.99,111.49,DSL,Yes,No,1,0,25,7.7,0
C100201,Male,30,71,Month-to-Month,Credit Card,53.35,3767.33,DSL,No,Yes,0,3,4,7.7,0
C100202,Male,32,44,Two Year,Bank Transfer,97.42,4000.43,Fiber Optic,No,Yes,1,1,6,8.3,0
C100203,Female,18,59,Month-to-Month,Bank Transfer,94.05,5501.25,Fiber Optic,No,No,1,2,3,7.3,0
C100204,Female,24,56,One Year,UPI,96.02,5258.89,Fiber Optic,No,No,2,1,14,7.1,0
C100205,Male,18,51,Two Year,Bank Transfer,89.76,4488.72,Fiber Optic,No,No,2,1,3,6.3,0
C100206,Male,38,16,Two Year,Electronic Check,102.39,1638.61,No Internet,No,No,0,1,9,6.6,0
C100207,Female,48,38,Two Year,Credit Card,57.99,2213.24,No Internet,No,No,1,2,14,7.5,0
C100208,Male,51,11,Month-to-Month,Credit Card,71.29,748.56,Fiber Optic,No,No,1,2,16,5.0,1
C100209,Male,43,25,Month-to-Month,Electronic Check,49.51,1193.15,Fiber Optic,Yes,No,2,2,51,6.6,0
C100210,Female,26,59,Month-to-Month,Electronic Check,86.85,4880.81,Fiber Optic,Yes,Yes,0,1,25,5.9,0
C100211,Female,18,29,Month-to-Month,Electronic Check,102.89,3096.67,DSL,No,Yes,2,3,14,6.5,0
C100212,Female,18,40,Month-to-Month,Electronic Check,82.8,3558.09,No Internet,Yes,Yes,1,2,15,8.2,0
C100213,Male,23,8,One Year,Credit Card,106.99,820.96,Fiber Optic,No,No,1,2,18,5.4,1
C100214,Female,27,6,One Year,Credit Card,77.8,493.96,DSL,No,Yes,2,4,12,6.0,1
C100215,Male,36,45,Month-to-Month,Credit Card,36.97,1724.94,DSL,No,No,2,2,7,6.8,0
C100216,Male,26,53,One Year,Credit Card,83.97,4312.41,Fiber Optic,No,No,1,1,26,8.1,0
C100217,Female,42,21,Month-to-Month,Credit Card,70.65,1489.57,Fiber Optic,No,Yes,2,1,10,6.9,1
C100218,Female,35,57,Two Year,Electronic Check,80.57,4673.3,Fiber Optic,No,Yes,1,2,26,6.8,0
C100219,Female,38,6,Month-to-Month,Credit Card,57.59,360.55,Fiber Optic,Yes,Yes,2,1,23,4.9,1
C100220,Female,52,63,Month-to-Month,Bank Transfer,97.6,6192.44,DSL,No,Yes,0,3,19,9.6,0
C100221,Female,24,6,Month-to-Month,UPI,108.08,664.64,Fiber Optic,No,Yes,0,3,1,6.3,0
C100222,Male,43,53,Two Year,Credit Card,84.98,4374.6,No Internet,Yes,No,1,4,16,6.6,0
C100223,Male,38,4,Two Year,Bank Transfer,69.66,261.85,Fiber Optic,No,Yes,0,0,12,7.3,0
C100224,Male,34,9,Month-to-Month,Bank Transfer,82.66,691.58,Fiber Optic,Yes,Yes,0,0,14,8.5,1
C100225,Male,49,69,Month-to-Month,Credit Card,57.74,3851.36,Fiber Optic,Yes,No,1,4,27,6.7,0
C100226,Female,49,72,One Year,UPI,38.45,2842.72,No Internet,No,No,2,2,3,5.2,0
C100227,Male,27,4,Month-to-Month,Bank Transfer,85.92,321.09,DSL,No,Yes,1,4,30,6.2,1
C100228,Female,36,58,One Year,Credit Card,97.7,5883.18,No Internet,No,Yes,2,2,18,6.0,0
C100229,Female,41,37,Month-to-Month,Bank Transfer,94.47,3443.51,Fiber Optic,No,No,1,2,23,6.5,1
C100230,Female,35,71,One Year,UPI,57.81,4083.57,DSL,Yes,Yes,2,1,12,5.9,0
C100231,Male,45,6,Month-to-Month,UPI,110.98,635.31,Fiber Optic,Yes,Yes,1,1,8,6.0,1
C100232,Female,41,51,Month-to-Month,UPI,125.7,6613.06,Fiber Optic,Yes,Yes,1,1,11,7.6,0
C100233,Male,60,50,Month-to-Month,Electronic Check,93.2,5010.79,Fiber Optic,Yes,Yes,0,0,19,6.8,1
C100234,Male,20,14,Two Year,Credit Card,110.17,1517.97,Fiber Optic,No,No,2,1,16,6.9,0
C100235,Female,37,11,Month-to-Month,Credit Card,76.32,787.88,Fiber Optic,Yes,Yes,2,2,1,5.6,0
C100236,Male,27,10,One Year,Credit Card,64.37,593.97,Fiber Optic,No,No,3,3,19,,0
C100237,Male,45,61,Month-to-Month,Electronic Check,32.3,2085.74,Fiber Optic,Yes,Yes,2,2,6,5.6,0
C100238,Female,19,13,Month-to-Month,UPI,89.52,1201.99,No Internet,Yes,Yes,3,0,13,6.0,1
C100239,Male,42,34,Two Year,Bank Transfer,82.31,2953.64,DSL,Yes,No,1,1,10,5.9,0
C100240,Female,30,60,Month-to-Month,Bank Transfer,75.73,4465.77,Fiber Optic,No,No,0,3,6,8.5,0
C100241,Female,29,51,Two Year,Credit Card,80.1,4172.23,No Internet,No,Yes,0,2,4,8.0,0
C100242,Female,21,5,Two Year,Credit Card,56.67,278.27,Fiber Optic,Yes,Yes,1,1,4,8.0,0
C100243,Male,32,32,One Year,Bank Transfer,79.91,2487.01,Fiber Optic,No,No,1,1,34,7.1,0
C100244,Male,51,12,Month-to-Month,Credit Card,73.88,899.37,DSL,No,Yes,1,0,8,9.4,0
C100245,Female,38,52,Two Year,Bank Transfer,69.64,3458.16,Fiber Optic,No,No,1,2,11,6.0,0
C100246,Male,46,13,Two Year,Electronic Check,89.86,1210.98,Fiber Optic,No,No,1,5,8,7.0,0
C100247,Female,58,54,Two Year,Credit Card,78.91,4352.3,No Internet,Yes,Yes,1,4,6,6.0,0
C100248,Female,41,54,Two Year,Electronic Check,100.95,5369.73,Fiber Optic,Yes,Yes,2,1,26,5.5,1
C100249,Female,31,41,Month-to-Month,Electronic Check,78.95,3125.74,No Internet,No,Yes,2,2,7,7.7,0
C100250,Male,44,48,One Year,Bank Transfer,65.03,3051.39,Fiber Optic,Yes,No,0,3,22,7.9,0
C100251,Male,31,51,Month-to-Month,Electronic Check,98.79,4886.28,No Internet,No,Yes,0,1,13,8.6,0
C100252,Female,32,47,Month-to-Month,UPI,67.89,3120.03,Fiber Optic,No,No,2,2,4,6.1,1
C100253,Male,20,50,One Year,Bank Transfer,115.5,5327.72,DSL,Yes,Yes,1,3,8,6.2,0
C100254,Male,49,46,One Year,Bank Transfer,103.99,4661.35,Fiber Optic,No,Yes,1,1,14,7.3,0
C100255,Female,33,38,One Year,Electronic Check,147.57,5644.28,Fiber Optic,Yes,Yes,2,3,10,6.3,0
C100256,Female,40,13,Two Year,Electronic Check,57.11,740.34,DSL,No,No,0,2,20,6.7,0
C100257,Female,26,22,Month-to-Month,Credit Card,82.61,1713.08,Fiber Optic,Yes,No,0,2,16,7.2,1
C100258,Female,43,2,Month-to-Month,UPI,79.35,170.05,Fiber Optic,Yes,No,1,1,22,6.4,0
C100259,Male,29,13,Month-to-Month,Electronic Check,86.72,1070.44,Fiber Optic,No,Yes,1,1,7,6.9,0
C100260,Female,36,57,Month-to-Month,Credit Card,81.22,4687.27,Fiber Optic,Yes,No,5,3,40,4.3,1
C100261,Female,49,34,Month-to-Month,Electronic Check,88.96,2962.38,DSL,No,Yes,1,2,19,6.6,0
C100262,Male,47,19,Two Year,Bank Transfer,95.6,1866.77,DSL,No,Yes,1,2,9,5.7,0
C100263,Male,38,9,Month-to-Month,Bank Transfer,102.66,914.44,Fiber Optic,No,No,0,3,13,6.2,0
C100264,Female,18,33,Month-to-Month,Electronic Check,104.32,3189.74,DSL,Yes,Yes,0,4,4,8.5,0
C100265,Female,74,27,Month-to-Month,Bank Transfer,46.72,1288.45,Fiber Optic,No,Yes,0,1,33,7.8,0
C100266,Female,59,45,One Year,UPI,112.54,5409.22,No Internet,No,Yes,1,0,21,6.6,0
C100267,Female,47,2,Month-to-Month,Credit Card,76.1,161.2,Fiber Optic,No,No,4,1,11,4.9,1
C100268,Male,29,57,Month-to-Month,Electronic Check,107.56,5962.49,Fiber Optic,No,No,0,3,29,7.5,0
C100269,Male,37,57,Month-to-Month,Electronic Check,82.12,4549.88,DSL,Yes,Yes,3,1,19,4.7,0
C100270,Female,31,16,Month-to-Month,UPI,111.04,1801.55,No Internet,No,No,3,4,8,5.0,0
C100271,Female,53,6,One Year,Credit Card,116.05,662.51,DSL,No,Yes,1,2,17,5.3,1
C100272,Female,41,14,One Year,Credit Card,108.46,1549.46,Fiber Optic,No,No,0,1,20,8.6,0
C100273,Female,29,27,Month-to-Month,Electronic Check,126.37,3576.41,Fiber Optic,No,Yes,1,2,14,5.8,0
C100274,Male,32,38,Two Year,UPI,68.67,2485.68,Fiber Optic,Yes,Yes,1,4,7,7.1,0
C100275,Male,51,19,Month-to-Month,Bank Transfer,127.56,2601.22,No Internet,No,Yes,3,1,4,4.9,0
C100276,Female,57,37,Month-to-Month,Electronic Check,84.79,3138.85,Fiber Optic,Yes,Yes,0,1,17,8.9,0
C100277,Female,56,4,One Year,Electronic Check,58.72,224.27,No Internet,No,No,1,2,22,7.5,0
C100278,Female,47,58,One Year,UPI,43.77,2362.75,No Internet,Yes,No,1,1,17,9.2,0
C100279,Female,35,9,Month-to-Month,Bank Transfer,78.05,678.46,Fiber Optic,No,No,1,5,11,6.1,1
C100280,Female,18,40,One Year,Electronic Check,27.7,1103.29,DSL,Yes,Yes,0,1,23,7.3,0
C100281,Male,42,15,Month-to-Month,Bank Transfer,78.56,1174.36,Fiber Optic,Yes,No,1,1,6,9.0,0
C100282,Male,38,4,Two Year,Credit Card,88.99,339.13,Fiber Optic,Yes,Yes,2,2,36,6.0,0
C100283,Male,40,52,One Year,Bank Transfer,92.44,4620.94,DSL,No,Yes,0,4,6,6.0,1
C100284,Female,39,18,Month-to-Month,Electronic Check,78.55,1454.24,Fiber Optic,No,Yes,2,2,11,7.9,1
C100285,Male,22,53,Month-to-Month,Credit Card,66.48,3678.37,Fiber Optic,No,Yes,3,1,13,5.9,0
C100286,Male,45,59,One Year,Electronic Check,82.29,4550.42,DSL,Yes,Yes,1,2,35,7.7,0
C100287,Female,46,54,One Year,Electronic Check,92.34,5118.73,DSL,Yes,No,4,2,23,4.9,0
C100288,Male,46,41,Two Year,Electronic Check,90.13,3941.48,Fiber Optic,Yes,No,1,2,12,9.9,0
C100289,Female,49,60,Two Year,Electronic Check,45.64,2534.76,Fiber Optic,Yes,Yes,1,5,10,6.9,0
C100290,Male,45,4,Month-to-Month,Electronic Check,106.23,432.61,Fiber Optic,No,Yes,1,4,25,7.4,0
C100291,Male,33,39,Two Year,UPI,111.7,4413.92,No Internet,No,Yes,0,3,5,7.4,0
C100292,Female,37,7,Month-to-Month,UPI,101.31,679.19,DSL,No,Yes,0,5,8,6.5,0
C100293,Male,39,23,Month-to-Month,Electronic Check,102.52,2480.48,DSL,Yes,No,1,5,7,4.8,1
C100294,Male,39,63,One Year,Bank Transfer,113.64,6594.08,Fiber Optic,No,Yes,0,6,5,7.3,1
C100295,Female,50,65,Month-to-Month,Bank Transfer,79.96,5554.27,DSL,No,Yes,1,5,15,6.9,0
C100296,Female,46,41,Month-to-Month,Electronic Check,80.97,3371.88,Fiber Optic,No,No,3,3,27,6.4,0
C100297,Male,63,44,Two Year,Electronic Check,98.31,4319.4,Fiber Optic,No,No,4,4,16,6.7,0
C100298,Female,64,45,Month-to-Month,Credit Card,90.98,4251.4,Fiber Optic,No,No,0,3,5,7.7,0
C100299,Male,39,69,Two Year,Credit Card,105.19,7771.63,Fiber Optic,Yes,Yes,2,1,27,5.6,0
C100300,Male,18,51,Month-to-Month,Bank Transfer,66.65,3574.2,DSL,Yes,Yes,0,2,36,5.8,0
C100301,Female,53,65,Month-to-Month,Credit Card,77.86,5115.78,No Internet,No,Yes,0,0,27,9.1,0
C100302,Female,32,54,Month-to-Month,Electronic Check,95.56,4851.5,Fiber Optic,No,No,2,1,9,4.3,0
C100303,Female,28,56,Month-to-Month,Bank Transfer,86.51,4752.07,DSL,No,Yes,1,0,23,5.6,0
C100304,Female,33,72,Two Year,Electronic Check,40.74,3108.37,DSL,No,Yes,0,1,2,10.0,0
C100305,Female,33,40,Month-to-Month,Credit Card,108.27,4574.17,No Internet,No,No,0,2,16,6.6,0
C100306,Male,45,58,Month-to-Month,Bank Transfer,129.51,,Fiber Optic,No,Yes,4,4,6,3.3,1
C100307,Male,19,15,Month-to-Month,Bank Transfer,70.78,1057.13,No Internet,Yes,Yes,0,2,9,6.9,1
C100308,Female,25,19,One Year,Credit Card,62.35,1219.58,DSL,No,No,4,2,8,5.7,0
C100309,Male,42,10,Month-to-Month,Electronic Check,67.09,664.39,DSL,Yes,Yes,1,1,5,7.0,0
C100310,Male,45,16,One Year,Bank Transfer,80.58,1204.6,Fiber Optic,Yes,No,1,0,2,6.8,1
C100311,Male,46,43,One Year,UPI,73.56,,DSL,Yes,No,0,1,5,8.1,0
C100312,Male,29,31,Month-to-Month,UPI,71.85,2280.8,Fiber Optic,No,No,1,5,19,5.8,0
C100313,Female,26,16,Two Year,Credit Card,127.91,1947.89,Fiber Optic,No,No,2,2,5,7.3,0
C100314,Female,32,28,Two Year,Electronic Check,96.42,2830.55,Fiber Optic,Yes,Yes,0,1,2,7.5,1
C100315,Female,41,62,Month-to-Month,UPI,97.18,6330.33,DSL,No,Yes,0,0,15,7.6,0
C100316,Male,56,20,One Year,Credit Card,112.39,2156.83,Fiber Optic,No,Yes,2,1,6,8.4,0
C100317,Male,18,35,One Year,Electronic Check,106.67,3519.23,DSL,No,Yes,0,1,20,7.0,0
C100318,Male,35,59,Two Year,Credit Card,90.4,5074.4,No Internet,Yes,No,0,3,7,7.3,0
C100319,Male,22,9,Month-to-Month,Electronic Check,87.08,782.87,Fiber Optic,Yes,Yes,2,2,19,6.2,0
C100320,Female,18,10,One Year,Credit Card,79.2,769.11,DSL,Yes,Yes,2,5,9,4.1,0
C100321,Female,50,45,Month-to-Month,Credit Card,104.01,4810.29,Fiber Optic,No,No,1,3,13,6.1,0
C100322,Female,45,15,Month-to-Month,UPI,109.38,1646.28,Fiber Optic,No,No,2,1,11,6.7,0
C100323,Male,43,30,One Year,Bank Transfer,52.05,1604.27,Fiber Optic,Yes,No,1,2,10,6.9,0
C100324,Female,49,48,Two Year,Credit Card,110.06,5046.89,DSL,No,Yes,1,2,11,6.8,0
C100325,Female,32,40,One Year,Credit Card,136.28,5530.72,Fiber Optic,No,No,2,5,3,5.9,0
C100326,Female,33,44,One Year,Bank Transfer,64.92,3031.61,DSL,No,No,0,2,29,6.4,0
C100327,Female,64,46,One Year,UPI,90.35,4211.74,Fiber Optic,No,Yes,1,1,3,7.8,0
C100328,Male,35,6,Two Year,Electronic Check,104.0,642.85,DSL,No,Yes,1,4,5,7.4,0
C100329,Male,47,24,Month-to-Month,Bank Transfer,63.7,1638.93,Fiber Optic,No,Yes,0,3,39,7.1,0
C100330,Male,38,7,Month-to-Month,Credit Card,85.98,639.08,DSL,No,No,0,1,6,8.7,0
C100331,Female,18,6,Two Year,Bank Transfer,98.69,566.08,Fiber Optic,Yes,Yes,5,3,8,3.6,1
C100332,Male,18,33,Month-to-Month,Credit Card,38.28,1327.17,DSL,Yes,No,1,4,1,6.9,0
C100333,Male,31,38,Month-to-Month,Electronic Check,59.55,2436.7,Fiber Optic,No,Yes,0,5,12,7.6,0
C100334,Male,51,44,One Year,Bank Transfer,125.83,5792.31,DSL,No,Yes,0,3,5,8.3,0
C100335,Male,47,17,One Year,Bank Transfer,89.9,1437.5,DSL,No,Yes,2,5,19,6.0,0
C100336,Female,49,31,Month-to-Month,Electronic Check,96.28,3042.09,Fiber Optic,No,Yes,0,3,7,8.1,0
C100337,Female,26,37,Two Year,Electronic Check,115.72,4386.3,DSL,Yes,Yes,0,4,12,5.6,0
C100338,Male,57,11,Month-to-Month,Electronic Check,110.56,1147.55,DSL,No,No,1,2,4,8.5,0
C100339,Male,26,5,Month-to-Month,Bank Transfer,63.25,319.04,Fiber Optic,No,Yes,0,2,15,6.5,0
C100340,Male,41,64,Month-to-Month,Credit Card,64.62,4415.69,No Internet,Yes,No,1,3,2,5.6,0
C100341,Male,38,3,Month-to-Month,UPI,75.59,219.35,DSL,Yes,Yes,5,3,8,4.8,0
C100342,Male,36,56,Month-to-Month,Electronic Check,96.15,5649.25,Fiber Optic,No,No,1,0,25,8.4,1
C100343,Male,54,63,Month-to-Month,Credit Card,58.06,3741.75,No Internet,No,No,2,4,28,5.6,0
C100344,Male,30,38,Two Year,Credit Card,138.39,5405.68,Fiber Optic,No,Yes,1,1,2,8.2,0
C100345,Female,22,54,One Year,Credit Card,30.78,1608.81,DSL,No,No,2,2,11,7.6,0
C100346,Female,38,2,Month-to-Month,Credit Card,49.88,103.86,Fiber Optic,No,No,0,3,5,6.6,1
C100347,Male,33,2,Month-to-Month,Credit Card,70.67,,DSL,No,Yes,2,3,10,6.6,1
C100348,Male,75,12,Month-to-Month,Electronic Check,89.96,1083.68,Fiber Optic,Yes,No,1,4,11,5.6,1
C100349,Female,46,40,One Year,UPI,126.94,5069.91,DSL,Yes,No,3,2,6,4.3,0
C100350,Male,33,2,Month-to-Month,Electronic Check,97.63,189.23,Fiber Optic,No,Yes,2,4,13,7.5,1
C100351,Female,25,57,One Year,Credit Card,97.4,5287.21,Fiber Optic,No,Yes,1,4,15,6.8,1
C100352,Female,18,47,Month-to-Month,Electronic Check,104.7,5131.2,Fiber Optic,No,No,0,4,29,7.7,1
C100353,Male,26,36,Two Year,Bank Transfer,81.8,2803.21,DSL,No,Yes,0,2,19,8.2,0
C100354,Male,39,4,Month-to-Month,Credit Card,86.25,326.64,Fiber Optic,No,Yes,2,3,12,6.2,1
C100355,Female,55,24,Two Year,Electronic Check,69.0,1749.05,DSL,Yes,Yes,1,2,11,7.0,0
C100356,Male,51,62,One Year,Electronic Check,90.45,5231.01,Fiber Optic,No,Yes,0,1,15,6.7,1
C100357,Female,41,2,One Year,Electronic Check,120.61,227.84,Fiber Optic,No,Yes,0,1,26,4.3,0
C100358,Female,34,15,One Year,Bank Transfer,74.15,1039.48,No Internet,Yes,Yes,0,1,5,8.3,0
C100359,Female,41,49,Two Year,Bank Transfer,77.32,4066.43,No Internet,No,Yes,0,0,6,8.1,0
C100360,Male,32,35,One Year,UPI,70.35,2306.57,No Internet,No,Yes,1,1,8,8.3,0
C100361,Female,59,47,One Year,Electronic Check,77.83,3368.87,DSL,No,Yes,2,1,11,8.0,1
C100362,Male,36,24,Month-to-Month,Electronic Check,95.58,2335.18,Fiber Optic,No,No,0,1,11,8.3,0
C100363,Female,37,60,Month-to-Month,Electronic Check,66.81,4145.53,Fiber Optic,Yes,Yes,1,4,1,6.6,0
C100364,Female,18,48,Month-to-Month,Electronic Check,101.64,4627.11,Fiber Optic,Yes,No,0,2,10,6.6,0
C100365,Male,36,23,One Year,Bank Transfer,84.0,1885.26,No Internet,No,Yes,4,2,6,3.9,1
C100366,Female,48,12,Month-to-Month,UPI,95.09,1106.35,DSL,No,Yes,1,2,23,6.4,1
C100367,Female,25,41,One Year,Electronic Check,100.44,4265.54,Fiber Optic,No,No,4,2,10,3.6,1
C100368,Male,29,29,Month-to-Month,Credit Card,62.73,1788.35,DSL,No,Yes,0,3,21,7.0,0
C100369,Male,48,70,Month-to-Month,,66.94,4707.23,DSL,No,No,0,3,18,5.8,0
C100370,Male,20,51,Month-to-Month,UPI,63.15,3363.09,Fiber Optic,No,Yes,1,3,6,7.0,0
C100371,Male,51,23,Month-to-Month,Bank Transfer,77.94,1790.69,Fiber Optic,Yes,Yes,2,2,7,5.5,0
C100372,Male,32,31,One Year,UPI,78.21,2512.03,Fiber Optic,Yes,No,0,2,16,8.1,0
C100373,Female,33,21,Month-to-Month,Bank Transfer,118.03,2505.04,No Internet,Yes,Yes,2,3,19,3.6,1
C100374,Male,25,24,Month-to-Month,Bank Transfer,105.41,2615.94,Fiber Optic,Yes,Yes,0,4,7,7.6,1
C100375,Male,43,72,Two Year,Electronic Check,48.88,3288.89,DSL,No,No,0,5,27,6.3,0
C100376,Female,68,9,Month-to-Month,UPI,54.1,524.16,No Internet,No,Yes,1,5,27,5.9,0
C100377,Male,47,22,Month-to-Month,Bank Transfer,132.0,2712.09,No Internet,Yes,Yes,1,3,30,5.4,1
C100378,Female,28,4,Two Year,Credit Card,96.76,395.47,Fiber Optic,Yes,Yes,3,2,6,5.4,1
C100379,Male,52,3,Month-to-Month,Credit Card,54.58,151.25,Fiber Optic,No,Yes,3,3,3,4.2,1
C100380,Male,34,28,Month-to-Month,Electronic Check,58.14,1632.38,DSL,No,No,2,4,10,7.0,0
C100381,Female,54,15,Month-to-Month,Electronic Check,50.99,715.41,Fiber Optic,No,No,3,3,36,5.4,1
C100382,Female,48,8,Month-to-Month,Electronic Check,77.13,576.56,DSL,No,Yes,2,2,5,8.0,1
C100383,Female,18,48,Month-to-Month,UPI,83.64,3876.56,DSL,Yes,Yes,0,1,8,7.0,0
C100384,Female,26,52,Month-to-Month,Bank Transfer,108.73,5420.23,DSL,Yes,Yes,2,3,3,7.0,0
C100385,Female,49,55,Month-to-Month,Bank Transfer,61.99,3211.33,Fiber Optic,No,Yes,0,1,20,6.3,0
C100386,Male,40,37,Month-to-Month,Bank Transfer,62.14,2328.32,DSL,Yes,No,1,2,10,7.7,0
C100387,Male,26,4,Month-to-Month,Credit Card,92.51,392.86,Fiber Optic,No,No,3,1,10,5.8,1
C100388,Female,30,55,Month-to-Month,Electronic Check,90.43,5305.83,No Internet,No,No,1,4,5,6.5,0
C100389,Female,18,12,Month-to-Month,Electronic Check,105.23,1220.41,DSL,No,Yes,5,2,22,5.4,1
C100390,Female,37,19,Month-to-Month,UPI,44.51,895.02,Fiber Optic,No,No,0,4,6,5.6,0
C100391,Male,65,57,One Year,Electronic Check,94.15,5767.98,Fiber Optic,Yes,Yes,1,3,3,6.3,0
C100392,Male,48,37,Two Year,Bank Transfer,85.85,3080.99,DSL,No,No,3,2,45,5.0,0
C100393,Female,64,7,One Year,Bank Transfer,108.56,813.08,Fiber Optic,No,Yes,2,0,29,5.7,1
C100394,Male,49,55,Two Year,Credit Card,73.94,4018.57,DSL,No,No,1,5,23,6.5,0
C100395,Female,50,28,One Year,UPI,85.84,2389.69,No Internet,Yes,No,3,4,8,3.8,0
C100396,Female,62,37,Month-to-Month,Electronic Check,122.02,4500.58,Fiber Optic,No,Yes,1,1,1,7.0,1
C100397,Male,43,61,Month-to-Month,Bank Transfer,71.76,4539.24,DSL,No,No,2,2,41,6.2,0
C100398,Female,36,39,Month-to-Month,Bank Transfer,93.23,3496.72,Fiber Optic,Yes,Yes,0,1,9,8.0,0
C100399,Female,50,23,Month-to-Month,UPI,88.56,1952.26,Fiber Optic,Yes,Yes,2,3,9,5.6,1
C100400,Male,55,52,Month-to-Month,UPI,82.4,4373.6,Fiber Optic,Yes,Yes,1,0,20,7.7,0
C100401,Female,32,11,Two Year,Electronic Check,50.76,563.51,DSL,No,Yes,2,3,11,6.8,0
C100402,Male,29,66,Two Year,Credit Card,82.55,5074.37,Fiber Optic,No,Yes,1,5,2,5.9,0
C100403,Female,40,13,Month-to-Month,UPI,90.44,1251.44,No Internet,No,No,1,3,17,6.2,1
C100404,Male,48,41,One Year,Electronic Check,94.18,3732.05,DSL,No,Yes,2,3,7,6.7,0
C100405,Female,48,49,Month-to-Month,Credit Card,88.45,4508.08,Fiber Optic,No,Yes,2,4,17,6.1,0
C100406,Male,21,15,One Year,Bank Transfer,90.14,1369.06,Fiber Optic,No,Yes,4,4,4,4.3,1
C100407,Male,61,56,One Year,Credit Card,40.79,2310.64,DSL,Yes,Yes,2,0,11,6.9,0
C100408,Female,30,54,Month-to-Month,Bank Transfer,99.26,5667.69,DSL,No,No,2,2,12,6.5,0
C100409,Male,35,31,One Year,Bank Transfer,40.67,1337.52,Fiber Optic,Yes,No,0,2,14,7.8,0
C100410,Male,27,61,One Year,Bank Transfer,51.12,3148.34,No Internet,Yes,Yes,2,2,7,6.0,0
C100411,Female,70,58,Month-to-Month,Bank Transfer,75.09,4305.34,DSL,No,No,3,3,10,7.1,0
C100412,Female,41,60,Month-to-Month,UPI,87.57,5355.14,No Internet,No,No,2,1,15,5.3,0
C100413,Female,28,53,Two Year,Credit Card,112.85,5617.08,No Internet,No,Yes,3,0,6,4.8,0
C100414,Female,48,61,Two Year,Electronic Check,96.4,5805.16,DSL,No,No,0,1,6,6.7,0
C100415,Male,47,42,One Year,Credit Card,95.94,4133.9,DSL,No,Yes,1,3,18,7.1,0
C100416,Male,36,29,Month-to-Month,UPI,99.35,3002.4,Fiber Optic,No,Yes,3,2,8,4.1,1
C100417,Male,48,27,Month-to-Month,Electronic Check,25.0,698.9,No Internet,No,Yes,0,0,6,6.6,0
C100418,Female,28,44,One Year,Bank Transfer,90.3,3766.35,DSL,Yes,Yes,3,4,27,4.6,0
C100419,Female,32,5,Month-to-Month,Credit Card,98.95,503.58,DSL,No,No,3,3,21,5.4,1
C100420,Female,18,52,Month-to-Month,UPI,56.87,2763.4,Fiber Optic,No,Yes,1,2,7,7.2,1
C100421,Female,22,53,Month-to-Month,UPI,84.22,4532.22,DSL,No,Yes,3,1,14,7.7,1
C100422,Male,60,52,Month-to-Month,Bank Transfer,55.49,2999.02,Fiber Optic,No,Yes,1,4,4,6.4,0
C100423,Male,58,38,Month-to-Month,Electronic Check,96.99,3763.1,DSL,No,Yes,2,3,13,7.3,0
C100424,Male,39,44,Month-to-Month,Electronic Check,64.07,2875.42,Fiber Optic,Yes,No,1,1,14,7.0,1
C100425,Female,58,53,Month-to-Month,Electronic Check,132.28,7182.62,DSL,Yes,Yes,1,1,13,7.5,1
C100426,Male,36,2,Two Year,Credit Card,99.09,195.58,DSL,Yes,Yes,1,8,5,6.1,1
C100427,Female,35,54,Month-to-Month,Electronic Check,88.85,4709.61,Fiber Optic,Yes,No,1,2,13,6.2,1
C100428,Male,39,35,Month-to-Month,Credit Card,85.72,2973.77,Fiber Optic,Yes,No,1,1,3,8.1,0
C100429,Male,37,46,One Year,Electronic Check,107.42,4713.08,Fiber Optic,No,Yes,4,1,2,4.5,0
C100430,Male,35,72,Month-to-Month,Bank Transfer,95.14,6799.48,DSL,No,Yes,1,3,17,6.0,0
C100431,Female,52,55,Month-to-Month,UPI,91.82,5377.01,Fiber Optic,No,No,1,0,3,6.0,0
C100432,Female,40,72,Month-to-Month,Credit Card,60.38,4201.8,Fiber Optic,No,No,1,2,5,7.2,0
C100433,Male,47,11,One Year,UPI,92.32,1004.32,DSL,Yes,No,1,4,26,5.4,1
C100434,Male,50,29,One Year,Electronic Check,73.5,2181.29,Fiber Optic,No,No,1,2,5,7.5,0
C100435,Female,43,69,Month-to-Month,Electronic Check,40.75,2931.96,DSL,Yes,No,1,1,16,7.1,0
C100436,Male,26,63,One Year,Electronic Check,82.61,4795.64,Fiber Optic,No,No,6,3,8,3.8,1
C100437,Female,22,47,Two Year,UPI,76.43,3686.51,Fiber Optic,No,No,0,3,7,8.9,0
C100438,Female,40,7,Month-to-Month,Credit Card,85.4,563.69,DSL,Yes,Yes,3,6,2,5.4,1
C100439,Male,36,64,One Year,UPI,74.12,4928.8,DSL,No,Yes,1,1,17,8.9,0
C100440,Male,39,64,Month-to-Month,Electronic Check,77.13,4648.78,Fiber Optic,Yes,Yes,2,4,14,5.2,1
C100441,Female,38,12,Month-to-Month,UPI,101.18,1262.75,Fiber Optic,No,Yes,1,3,14,7.8,0
C100442,Male,69,12,Month-to-Month,Credit Card,102.1,1312.58,Fiber Optic,Yes,Yes,3,0,24,6.0,0
C100443,Male,22,36,One Year,Bank Transfer,52.75,1815.0,Fiber Optic,No,Yes,1,0,5,7.8,0
C100444,Female,18,29,One Year,UPI,79.11,2113.86,Fiber Optic,No,No,1,1,2,7.4,0
C100445,Female,42,11,One Year,UPI,88.82,916.2,Fiber Optic,No,No,0,4,17,6.6,0
C100446,Female,33,53,Month-to-Month,UPI,60.72,3434.07,DSL,Yes,Yes,0,1,21,8.6,0
C100447,Female,42,70,Month-to-Month,Electronic Check,99.79,6952.19,Fiber Optic,No,Yes,0,4,9,8.3,0
C100448,Male,45,47,One Year,Bank Transfer,75.48,3568.94,DSL,No,No,2,0,18,8.8,0
C100449,Male,53,33,Month-to-Month,UPI,71.22,2219.81,DSL,No,No,2,3,8,5.9,1
C100450,Female,20,67,Month-to-Month,Credit Card,70.01,5056.23,Fiber Optic,No,No,3,2,7,5.7,1
C100451,Female,31,43,Month-to-Month,Bank Transfer,66.27,2704.84,DSL,Yes,No,1,3,12,6.4,0
C100452,Male,43,18,Month-to-Month,Electronic Check,108.53,1985.5,Fiber Optic,No,No,2,4,6,6.0,1
C100453,Female,47,53,Month-to-Month,Electronic Check,120.2,6441.36,Fiber Optic,Yes,Yes,0,3,12,8.1,0
C100454,Male,64,39,One Year,Bank Transfer,67.14,2436.38,Fiber Optic,Yes,No,0,3,11,7.3,1
C100455,Male,49,72,Month-to-Month,Credit Card,71.15,5529.71,DSL,Yes,No,1,1,10,7.1,0
C100456,Male,37,34,One Year,Electronic Check,53.98,1850.02,DSL,No,No,1,2,4,7.9,0
C100457,Male,27,37,Month-to-Month,Electronic Check,78.19,2733.6,DSL,No,Yes,1,2,3,9.3,0
C100458,Male,31,41,Two Year,Bank Transfer,80.67,3442.31,DSL,No,No,0,0,6,9.8,0
C100459,Male,31,49,Month-to-Month,Bank Transfer,81.42,3920.92,No Internet,Yes,Yes,3,3,17,5.9,0
C100460,Male,46,10,Two Year,Electronic Check,26.98,277.14,Fiber Optic,No,No,0,1,20,5.9,0
C100461,Female,41,40,Month-to-Month,UPI,111.86,4276.4,Fiber Optic,Yes,No,3,3,18,4.7,0
C100462,Female,22,18,One Year,Electronic Check,79.39,1525.57,Fiber Optic,No,Yes,1,5,3,6.1,0
C100463,Female,33,25,Month-to-Month,Bank Transfer,58.13,1346.51,Fiber Optic,Yes,No,4,2,10,4.1,1
C100464,Female,49,41,One Year,Electronic Check,66.45,2515.32,Fiber Optic,Yes,No,1,5,7,4.8,0
C100465,Male,42,36,Month-to-Month,Credit Card,103.25,3933.97,DSL,No,Yes,1,1,30,7.1,0
C100466,Male,45,2,Month-to-Month,Credit Card,90.64,182.56,DSL,No,No,2,0,32,5.6,1
C100467,Female,43,49,Month-to-Month,Credit Card,78.93,3769.49,DSL,Yes,Yes,1,1,3,7.4,0
C100468,Male,58,67,Two Year,Bank Transfer,78.5,4957.52,DSL,No,Yes,2,2,4,7.3,0
C100469,Female,41,53,Month-to-Month,UPI,52.06,2564.85,DSL,Yes,Yes,3,1,20,4.1,0
C100470,Male,33,19,One Year,Electronic Check,107.01,1966.66,Fiber Optic,No,No,1,1,9,5.7,0
C100471,Female,27,26,Two Year,Bank Transfer,100.14,2733.22,DSL,No,Yes,3,3,5,3.9,0
C100472,Male,41,54,Month-to-Month,Credit Card,118.57,6087.76,Fiber Optic,No,Yes,2,2,7,6.8,0
C100473,Female,18,51,Two Year,UPI,94.46,5187.04,Fiber Optic,Yes,Yes,1,2,5,7.7,0
C100474,Female,36,25,Month-to-Month,Bank Transfer,116.26,3042.11,Fiber Optic,No,Yes,6,2,16,5.5,1
C100475,Female,36,17,Two Year,Electronic Check,55.26,866.04,No Internet,No,No,0,2,31,8.4,0
C100476,Male,22,61,Two Year,Bank Transfer,81.47,5009.17,No Internet,Yes,Yes,1,4,8,6.4,0
C100477,Female,27,46,Two Year,UPI,95.41,4315.73,No Internet,No,No,0,0,15,9.1,0
C100478,Female,48,55,Month-to-Month,Electronic Check,96.08,5237.07,No Internet,Yes,Yes,0,0,4,6.3,0
C100479,Female,41,50,Two Year,Credit Card,115.45,5720.36,DSL,Yes,Yes,0,2,8,5.6,0
C100480,Female,39,11,Month-to-Month,Bank Transfer,61.5,714.51,No Internet,Yes,No,1,4,7,5.9,1
C100481,Female,42,12,Month-to-Month,Electronic Check,103.86,1283.34,Fiber Optic,Yes,No,1,7,6,7.6,1
C100482,Male,39,40,Month-to-Month,Bank Transfer,63.59,2458.42,Fiber Optic,No,Yes,3,2,16,6.4,0
C100483,Female,53,48,Month-to-Month,Electronic Check,44.89,2160.11,Fiber Optic,No,No,0,2,11,8.0,0
C100484,Female,39,56,One Year,UPI,93.14,5204.97,Fiber Optic,No,No,1,3,6,6.8,0
C100485,Female,21,8,Month-to-Month,Bank Transfer,119.21,921.19,DSL,No,Yes,4,2,4,5.4,0
C100486,Male,58,14,Two Year,UPI,122.47,1747.63,Fiber Optic,No,Yes,0,2,28,7.7,0
C100487,Male,42,56,One Year,Credit Card,55.93,3198.06,DSL,Yes,No,3,2,25,5.3,0
C100488,Female,31,54,Two Year,Electronic Check,74.97,3794.03,No Internet,Yes,No,1,2,18,5.6,0
C100489,Female,23,17,Two Year,Credit Card,55.46,880.85,DSL,Yes,Yes,0,1,12,8.1,0
C100490,Male,43,45,One Year,Credit Card,88.18,3669.49,Fiber Optic,No,No,1,2,23,7.1,0
C100491,Female,37,5,Month-to-Month,UPI,104.03,527.83,Fiber Optic,No,Yes,2,0,10,8.2,0
C100492,Male,57,3,Month-to-Month,UPI,81.62,264.29,Fiber Optic,No,Yes,2,1,26,6.2,1
C100493,Male,34,9,Month-to-Month,Bank Transfer,95.46,915.32,Fiber Optic,Yes,Yes,2,3,26,5.8,0
C100494,Male,28,20,Month-to-Month,Bank Transfer,64.84,1288.7,DSL,No,Yes,3,3,31,5.3,1
C100495,Male,49,21,Month-to-Month,UPI,76.94,1568.92,Fiber Optic,Yes,Yes,0,2,21,8.2,1
C100496,Female,49,33,One Year,UPI,69.28,2371.57,Fiber Optic,No,Yes,1,2,8,7.9,0
C100497,Male,40,5,Month-to-Month,Bank Transfer,70.69,344.14,Fiber Optic,No,Yes,3,1,15,5.2,1
C100498,Female,46,24,Month-to-Month,Credit Card,113.59,2523.22,DSL,No,No,2,2,19,5.2,0
C100499,Female,38,63,Month-to-Month,Credit Card,91.92,5807.04,DSL,No,Yes,0,0,20,7.9,1
C100500,Female,41,26,Month-to-Month,Bank Transfer,34.8,878.84,DSL,Yes,No,1,3,6,6.6,1
C100501,Female,52,33,One Year,UPI,94.69,2896.91,Fiber Optic,No,No,0,4,6,5.7,0
C100502,Male,46,18,One Year,Electronic Check,100.79,1889.61,Fiber Optic,Yes,Yes,0,1,4,10.0,0
C100503,Female,36,18,Two Year,Credit Card,115.52,2103.69,DSL,Yes,No,0,5,15,5.5,0
C100504,Female,54,38,Month-to-Month,Bank Transfer,53.5,1983.88,DSL,No,Yes,0,1,23,8.1,0
C100505,Male,18,33,Month-to-Month,Bank Transfer,102.73,3344.96,Fiber Optic,Yes,Yes,0,1,7,7.7,0
C100506,Female,63,27,Month-to-Month,Bank Transfer,77.9,1961.37,No Internet,No,Yes,2,3,12,6.5,0
C100507,Female,18,49,Two Year,Credit Card,85.6,3941.79,DSL,Yes,Yes,0,2,36,6.7,0
C100508,Female,30,50,Month-to-Month,Bank Transfer,99.88,4929.34,Fiber Optic,No,No,3,2,10,4.7,0
C100509,Female,38,15,Month-to-Month,Bank Transfer,37.12,525.73,Fiber Optic,Yes,No,0,3,10,8.0,0
C100510,Female,36,52,Month-to-Month,Credit Card,86.78,4288.72,DSL,No,No,2,0,19,5.0,0
C100511,Male,50,68,Month-to-Month,UPI,87.54,5827.68,No Internet,No,No,2,1,11,7.1,0
C100512,Female,25,19,Month-to-Month,Bank Transfer,90.88,1733.35,Fiber Optic,No,No,0,3,5,8.1,1
C100513,Female,41,25,One Year,UPI,66.5,1677.8,Fiber Optic,No,Yes,0,2,14,8.2,0
C100514,Male,31,25,One Year,Electronic Check,71.93,1795.24,DSL,No,No,2,1,13,6.6,0
C100515,Male,42,33,Month-to-Month,Bank Transfer,106.19,3264.83,DSL,Yes,No,0,2,9,9.9,0
C100516,Male,37,60,Month-to-Month,Bank Transfer,74.11,4147.67,DSL,No,No,2,3,20,9.3,1
C100517,Female,39,37,Month-to-Month,Credit Card,97.44,3435.5,DSL,No,Yes,1,3,14,5.7,0
C100518,Female,31,43,One Year,Electronic Check,101.39,4622.06,Fiber Optic,Yes,Yes,1,4,37,5.6,1
C100519,Male,32,9,Two Year,Credit Card,100.2,,DSL,No,No,1,3,4,6.9,0
C100520,Female,41,14,Two Year,Credit Card,110.91,1607.93,DSL,No,No,1,3,7,4.5,1
C100521,Male,49,3,Month-to-Month,Electronic Check,34.58,109.04,No Internet,No,Yes,5,1,5,4.4,1
C100522,Female,31,69,One Year,Bank Transfer,60.62,3918.4,No Internet,No,No,1,2,17,7.6,0
C100523,Female,28,56,Two Year,Credit Card,75.95,4319.01,DSL,No,No,0,2,8,9.4,0
C100524,Female,45,26,One Year,UPI,126.6,3433.32,No Internet,No,Yes,1,2,5,5.3,0
C100525,Male,38,53,Month-to-Month,Bank Transfer,104.16,5788.28,DSL,No,Yes,0,1,9,10.0,0
C100526,Male,48,41,One Year,Credit Card,92.05,3489.64,DSL,Yes,Yes,0,2,26,6.7,1
C100527,Male,27,21,One Year,Credit Card,102.42,2162.93,Fiber Optic,No,Yes,0,2,5,8.4,0
C100528,Male,18,39,Month-to-Month,UPI,58.84,2179.61,DSL,No,Yes,0,10,15,5.4,0
C100529,Female,32,23,Month-to-Month,UPI,87.31,2133.21,No Internet,Yes,No,0,5,20,7.7,0
C100530,Female,29,58,One Year,Credit Card,45.62,2631.08,DSL,Yes,Yes,1,1,15,6.2,0
C100531,Female,37,69,Two Year,Bank Transfer,78.6,5350.28,DSL,No,No,1,4,17,6.1,0
C100532,Female,30,29,Two Year,UPI,95.94,2651.74,Fiber Optic,Yes,No,1,1,7,6.6,0
C100533,Female,47,62,Month-to-Month,UPI,100.24,5912.8,DSL,No,Yes,1,2,29,4.9,1
C100534,Female,35,53,One Year,Electronic Check,57.66,3296.18,Fiber Optic,No,Yes,1,2,8,5.5,0
C100535,Female,40,45,Month-to-Month,Credit Card,77.43,3243.31,Fiber Optic,No,No,0,2,34,6.4,0
C100536,Female,40,27,Two Year,Bank Transfer,57.65,1442.5,Fiber Optic,No,No,0,2,17,7.5,0
C100537,Male,40,34,Month-to-Month,Electronic Check,114.31,3740.97,Fiber Optic,Yes,No,3,1,12,6.6,1
C100538,Male,38,14,Month-to-Month,UPI,113.21,1551.09,No Internet,Yes,No,0,5,8,8.1,1
C100539,Male,44,41,Month-to-Month,Credit Card,100.26,4037.15,DSL,Yes,Yes,1,0,20,6.4,0
C100540,Female,28,60,One Year,Credit Card,62.86,3585.59,Fiber Optic,Yes,Yes,1,3,6,6.7,0
C100541,Female,55,42,Month-to-Month,Electronic Check,74.47,3347.48,DSL,No,No,2,2,26,6.7,0
C100542,Male,35,51,One Year,Credit Card,102.39,5557.86,Fiber Optic,No,Yes,0,5,5,,0
C100543,Female,22,11,Month-to-Month,Electronic Check,86.18,947.56,DSL,Yes,Yes,0,1,17,6.4,0
C100544,Female,40,35,Month-to-Month,UPI,91.96,3349.21,DSL,No,Yes,2,2,9,6.8,0
C100545,Male,28,19,Month-to-Month,Credit Card,84.8,1540.25,DSL,Yes,Yes,3,2,19,6.3,1
C100546,Male,46,65,Month-to-Month,Electronic Check,96.07,6599.05,Fiber Optic,No,Yes,1,1,3,7.2,0
C100547,Female,65,61,Month-to-Month,Electronic Check,52.98,3186.24,DSL,No,No,2,0,10,6.6,1
C100548,Female,29,47,One Year,Credit Card,94.09,4162.93,No Internet,No,No,2,2,3,6.2,0
C100549,Female,42,14,Month-to-Month,Bank Transfer,51.35,752.61,Fiber Optic,No,Yes,1,4,8,7.2,0
C100550,Female,18,67,Month-to-Month,Bank Transfer,110.35,7370.67,Fiber Optic,No,Yes,2,2,19,6.9,0
C100551,Female,43,52,Month-to-Month,UPI,25.0,1322.27,No Internet,Yes,No,1,2,10,7.1,0
C100552,Female,27,32,Month-to-Month,Bank Transfer,106.31,3628.7,No Internet,No,Yes,0,1,9,8.0,0
C100553,Female,31,10,Month-to-Month,Credit Card,85.27,862.57,Fiber Optic,No,No,2,4,3,5.1,1
C100554,Female,25,17,Two Year,Credit Card,81.59,1335.14,Fiber Optic,No,Yes,1,3,20,5.7,0
C100555,Male,47,40,Month-to-Month,Bank Transfer,105.92,4130.31,No Internet,Yes,Yes,0,2,7,7.6,1
C100556,Male,50,68,One Year,Credit Card,106.26,7637.76,Fiber Optic,No,Yes,1,6,10,6.2,0
C100557,Male,38,63,One Year,Bank Transfer,79.85,5282.43,Fiber Optic,No,Yes,1,2,18,5.9,0
C100558,Female,28,15,Month-to-Month,Credit Card,124.38,1937.23,Fiber Optic,Yes,Yes,0,3,3,7.3,0
C100559,Female,57,39,One Year,Electronic Check,80.13,2939.54,DSL,No,Yes,2,1,2,6.3,0
C100560,Female,29,57,Month-to-Month,Credit Card,90.45,4903.51,Fiber Optic,Yes,Yes,0,1,5,7.5,0
C100561,Male,18,10,Month-to-Month,Electronic Check,92.15,951.43,Fiber Optic,Yes,No,2,5,10,5.9,1
C100562,Male,44,71,One Year,Electronic Check,96.73,6623.96,Fiber Optic,No,Yes,2,1,3,6.2,0
C100563,Male,25,17,One Year,Credit Card,93.4,1641.49,Fiber Optic,No,Yes,1,3,1,,1
C100564,Male,50,17,Two Year,Credit Card,94.26,1652.02,DSL,Yes,No,0,1,6,7.8,0
C100565,Female,33,16,One Year,Electronic Check,83.75,1359.0,Fiber Optic,Yes,Yes,3,3,9,6.7,0
C100566,Male,45,3,Month-to-Month,Electronic Check,105.06,339.81,Fiber Optic,No,No,3,2,11,5.0,1
C100567,Male,55,51,One Year,Credit Card,59.2,3200.07,No Internet,Yes,Yes,0,3,17,6.4,0
C100568,Female,23,46,One Year,Electronic Check,77.79,3361.14,DSL,No,No,1,3,5,8.2,0
C100569,Male,31,55,One Year,UPI,88.58,5053.77,No Internet,No,Yes,1,1,5,6.6,0
C100570,Male,37,26,Two Year,UPI,64.88,1780.97,DSL,No,Yes,2,4,10,6.7,0
C100571,Female,56,31,Two Year,UPI,70.57,2317.85,No Internet,Yes,No,2,4,11,5.0,0
C100572,Male,30,72,Month-to-Month,Credit Card,89.21,6437.8,DSL,Yes,No,1,3,23,6.4,1
C100573,Female,31,19,Month-to-Month,UPI,61.44,1234.16,No Internet,No,Yes,1,3,12,6.0,0
C100574,Female,44,68,One Year,Bank Transfer,91.69,6588.42,DSL,Yes,No,2,2,3,5.8,0
C100575,Female,31,15,One Year,Credit Card,86.91,1314.9,DSL,No,No,0,1,11,7.0,0
C100576,Male,40,58,One Year,Bank Transfer,82.81,4834.63,Fiber Optic,No,No,2,2,27,4.9,1
C100577,Female,19,30,Month-to-Month,Credit Card,70.65,2158.59,No Internet,No,Yes,1,1,5,8.2,0
C100578,Male,65,48,Month-to-Month,Bank Transfer,71.21,3230.63,Fiber Optic,Yes,Yes,2,3,4,7.4,0
C100579,Male,22,56,Month-to-Month,UPI,113.83,,No Internet,No,No,5,2,19,4.1,1
C100580,Male,34,42,One Year,Credit Card,76.39,3408.79,Fiber Optic,No,No,3,2,15,6.4,0
C100581,Female,38,24,Month-to-Month,Bank Transfer,43.8,1061.29,DSL,No,No,1,5,6,7.5,0
C100582,Male,61,52,One Year,Electronic Check,63.88,3447.64,Fiber Optic,Yes,Yes,2,1,3,6.5,0
C100583,Male,22,43,Two Year,UPI,95.67,4128.49,Fiber Optic,Yes,Yes,1,2,20,8.9,0
C100584,Female,62,34,Month-to-Month,Electronic Check,76.91,2640.85,Fiber Optic,No,Yes,2,3,2,5.5,0
C100585,Male,47,60,Month-to-Month,UPI,53.27,3235.61,Fiber Optic,No,No,1,1,3,5.7,0
C100586,Male,43,3,Month-to-Month,Bank Transfer,54.38,156.76,DSL,Yes,No,2,3,9,5.3,1
C100587,Male,26,68,Month-to-Month,Credit Card,103.83,7360.16,No Internet,No,Yes,0,2,4,9.2,0
C100588,Male,45,11,Month-to-Month,Credit Card,110.04,1194.34,Fiber Optic,Yes,Yes,1,1,11,7.6,1
C100589,Male,29,13,Month-to-Month,Credit Card,42.83,517.59,DSL,Yes,No,2,0,14,4.5,1
C100590,Male,53,50,Month-to-Month,Bank Transfer,41.94,2091.87,Fiber Optic,No,Yes,1,5,22,4.9,1
C100591,Female,26,19,Month-to-Month,Electronic Check,109.7,1959.01,No Internet,No,No,0,0,11,8.7,0
C100592,Male,37,44,One Year,Electronic Check,60.52,2790.37,Fiber Optic,Yes,Yes,1,2,25,6.8,0
C100593,Male,31,33,Two Year,Electronic Check,73.69,2303.94,Fiber Optic,No,No,0,1,14,9.0,0
C100594,Female,26,38,Month-to-Month,Credit Card,84.98,3437.46,Fiber Optic,No,No,0,0,32,7.5,0
C100595,Male,47,3,Two Year,Credit Card,39.39,125.51,DSL,No,No,2,1,22,,0
C100596,Female,44,65,Month-to-Month,Bank Transfer,81.68,5639.11,DSL,No,No,1,0,22,6.3,0
C100597,Male,53,35,Month-to-Month,UPI,50.24,1706.89,No Internet,Yes,Yes,1,2,28,5.4,1
C100598,Male,18,36,One Year,UPI,72.11,2519.93,Fiber Optic,No,No,4,0,14,5.1,0
C100599,Male,51,38,Month-to-Month,UPI,135.77,5045.52,Fiber Optic,No,Yes,0,1,17,9.8,0
C100600,Male,68,39,Month-to-Month,Bank Transfer,72.87,3015.07,DSL,No,Yes,1,2,23,5.5,0
C100601,Male,33,25,Month-to-Month,Electronic Check,77.99,1912.76,No Internet,Yes,Yes,1,2,13,6.6,0
C100602,Male,61,64,Two Year,Credit Card,50.6,3272.65,DSL,Yes,Yes,1,2,13,5.4,0
C100603,Male,35,13,Month-to-Month,Electronic Check,36.42,509.15,Fiber Optic,Yes,Yes,1,1,6,8.6,0
C100604,Male,22,68,One Year,Electronic Check,112.64,7902.43,Fiber Optic,No,Yes,2,2,25,4.1,0
C100605,Male,34,70,One Year,Credit Card,94.92,6959.72,DSL,No,No,2,2,15,5.7,0
C100606,Male,51,1,Month-to-Month,UPI,98.06,97.42,Fiber Optic,No,Yes,0,0,13,9.4,1
C100607,Male,28,72,Month-to-Month,Bank Transfer,73.73,5527.21,DSL,No,No,2,3,10,7.6,0
C100608,Male,31,54,Month-to-Month,UPI,89.19,5046.41,Fiber Optic,No,No,0,1,3,8.9,0
C100609,Female,45,9,Month-to-Month,Electronic Check,119.08,1103.12,Fiber Optic,Yes,No,3,2,24,5.7,1
C100610,Male,38,36,Month-to-Month,Credit Card,92.14,3582.03,No Internet,Yes,No,1,3,8,6.8,0
C100611,Female,45,37,Month-to-Month,Bank Transfer,97.7,3371.33,DSL,No,Yes,1,4,6,4.8,0
C100612,Female,41,59,Month-to-Month,Credit Card,87.7,5449.33,Fiber Optic,Yes,No,1,1,6,7.8,0
C100613,Male,44,21,Month-to-Month,Credit Card,62.27,1248.44,Fiber Optic,Yes,Yes,1,1,10,6.3,0
C100614,Female,33,20,Month-to-Month,UPI,60.4,1232.59,DSL,Yes,No,2,2,13,8.4,0
C100615,Female,41,1,Month-to-Month,Credit Card,25.0,26.27,Fiber Optic,Yes,No,1,2,21,6.4,0
C100616,Male,27,59,Two Year,UPI,66.43,4013.17,No Internet,Yes,No,0,2,18,7.2,0
C100617,Male,53,28,Month-to-Month,Electronic Check,55.28,1491.77,No Internet,Yes,Yes,2,2,11,6.1,0
C100618,Female,30,71,One Year,UPI,133.62,9193.7,Fiber Optic,No,Yes,1,2,11,9.1,0
C100619,Female,52,56,Two Year,Electronic Check,84.45,4804.97,No Internet,Yes,Yes,1,4,33,7.2,0
C100620,Male,35,9,Month-to-Month,Electronic Check,120.97,1159.35,DSL,No,Yes,3,1,5,6.3,1
C100621,Male,40,65,Month-to-Month,Credit Card,68.57,4569.01,Fiber Optic,No,Yes,0,6,2,6.8,1
C100622,Male,32,36,Month-to-Month,Credit Card,111.13,3952.26,Fiber Optic,No,No,2,1,6,5.9,1
C100623,Male,26,34,Two Year,Credit Card,94.81,3411.7,Fiber Optic,No,No,0,1,27,7.3,0
C100624,Female,18,32,One Year,UPI,102.23,3165.98,DSL,No,Yes,1,4,18,6.0,0
C100625,Male,25,66,Month-to-Month,Bank Transfer,84.92,5628.68,Fiber Optic,No,Yes,2,0,10,6.9,0
C100626,Male,34,25,One Year,Credit Card,72.57,1758.94,DSL,Yes,No,1,4,3,8.9,0
C100627,Female,41,51,One Year,Credit Card,97.52,5200.32,Fiber Optic,No,No,0,1,4,7.7,0
C100628,Male,50,63,Month-to-Month,Credit Card,93.65,5617.32,Fiber Optic,No,Yes,1,2,38,7.3,1
C100629,Male,33,45,One Year,Electronic Check,64.31,2966.11,DSL,Yes,No,1,2,27,6.3,0
C100630,Female,27,26,One Year,Bank Transfer,44.87,1196.44,No Internet,No,No,0,1,6,7.7,0
C100631,Female,21,21,Month-to-Month,Electronic Check,113.13,2539.61,DSL,No,Yes,2,1,9,7.0,1
C100632,Male,44,51,Two Year,UPI,51.47,2600.27,Fiber Optic,No,Yes,0,0,13,8.3,0
C100633,Female,55,24,Month-to-Month,Credit Card,93.48,2242.2,Fiber Optic,No,No,1,3,8,5.3,0
C100634,Male,53,12,One Year,Bank Transfer,77.13,940.18,DSL,Yes,No,1,5,32,5.7,0
C100635,Male,47,11,Month-to-Month,UPI,25.0,258.58,DSL,No,Yes,2,2,13,5.8,0
C100636,Female,46,27,Two Year,Electronic Check,84.78,2272.6,DSL,No,Yes,0,1,11,7.6,0
C100637,Male,58,23,One Year,Credit Card,80.02,1737.43,No Internet,No,Yes,1,5,3,7.7,0
C100638,Male,42,33,One Year,Electronic Check,76.72,2648.34,DSL,No,No,1,1,11,6.9,0
C100639,Male,46,38,Two Year,Credit Card,91.62,,No Internet,Yes,Yes,2,2,10,7.6,0
C100640,Male,34,55,Month-to-Month,Bank Transfer,57.05,3106.06,Fiber Optic,No,Yes,5,8,5,4.7,1
C100641,Male,22,70,Month-to-Month,Electronic Check,96.16,6497.63,DSL,No,Yes,2,3,9,5.4,0
C100642,Male,30,42,Month-to-Month,Bank Transfer,58.02,2342.16,No Internet,Yes,No,0,5,7,8.3,1
C100643,Male,38,29,Month-to-Month,Credit Card,75.76,2368.42,Fiber Optic,No,No,1,1,7,6.9,0
C100644,Male,39,34,Month-to-Month,Credit Card,78.57,2813.68,No Internet,Yes,Yes,1,5,4,6.4,0
C100645,Female,61,57,One Year,UPI,103.32,5841.31,DSL,Yes,No,1,5,47,5.0,1
C100646,Female,39,3,One Year,Credit Card,77.25,243.93,No Internet,No,Yes,1,2,9,7.7,0
C100647,Female,52,6,Month-to-Month,Credit Card,60.14,371.04,DSL,Yes,Yes,2,1,14,8.2,0
C100648,Female,33,48,Two Year,Credit Card,118.21,5591.73,Fiber Optic,No,Yes,2,2,24,6.2,0
C100649,Male,34,64,One Year,Bank Transfer,66.32,3923.94,Fiber Optic,No,Yes,0,6,11,8.5,0
C100650,Male,22,13,Two Year,Credit Card,68.73,952.61,DSL,No,Yes,2,3,14,7.7,0
C100651,Female,29,36,Two Year,UPI,119.21,4104.0,Fiber Optic,Yes,Yes,1,2,16,5.8,0
C100652,Female,44,70,Month-to-Month,Electronic Check,102.69,7446.78,Fiber Optic,Yes,Yes,2,3,25,6.7,0
C100653,Female,38,33,One Year,Electronic Check,75.2,2606.84,Fiber Optic,No,Yes,0,2,5,7.3,0
C100654,Male,49,57,Month-to-Month,Bank Transfer,52.43,3030.0,DSL,Yes,No,1,2,12,7.0,0
C100655,Male,40,55,Two Year,Electronic Check,103.55,5838.11,Fiber Optic,Yes,Yes,2,1,14,5.6,0
C100656,Male,34,13,One Year,Electronic Check,50.34,609.27,No Internet,Yes,Yes,2,1,17,5.8,0
C100657,Male,64,51,Month-to-Month,Electronic Check,109.33,5629.73,DSL,No,Yes,1,3,8,6.6,1
C100658,Female,37,53,Two Year,UPI,90.3,4630.12,Fiber Optic,No,No,0,0,2,7.8,0
C100659,Female,52,36,One Year,Electronic Check,67.79,2466.94,Fiber Optic,No,No,1,2,10,7.1,0
C100660,Male,33,5,Two Year,Electronic Check,87.71,445.86,DSL,Yes,No,1,1,9,8.0,0
C100661,Female,47,25,Month-to-Month,Bank Transfer,131.33,3059.1,Fiber Optic,No,No,2,3,58,4.4,0
C100662,Female,49,37,Two Year,UPI,104.7,3834.95,Fiber Optic,No,Yes,1,3,21,6.1,0
C100663,Male,41,19,One Year,Bank Transfer,84.63,1697.25,Fiber Optic,No,Yes,3,4,16,5.7,0
C100664,Male,18,35,One Year,UPI,97.56,3207.54,Fiber Optic,Yes,No,1,1,2,8.0,0
C100665,Male,38,34,Two Year,UPI,126.63,4477.08,Fiber Optic,No,No,1,2,7,6.9,0
C100666,Male,53,54,One Year,Credit Card,116.91,6365.58,Fiber Optic,No,Yes,4,5,11,5.6,0
C100667,Male,44,46,One Year,Credit Card,78.51,3677.46,No Internet,No,Yes,2,1,14,6.4,0
C100668,Male,43,6,Month-to-Month,Bank Transfer,86.46,479.07,Fiber Optic,No,No,1,5,21,4.4,1
C100669,Male,18,1,Two Year,Credit Card,96.8,102.43,Fiber Optic,Yes,No,0,0,11,6.6,0
C100670,Male,29,71,One Year,Electronic Check,89.72,6780.53,Fiber Optic,Yes,Yes,2,1,31,5.0,0
C100671,Female,43,34,Two Year,UPI,75.82,2628.84,Fiber Optic,No,Yes,1,3,43,7.4,0
C100672,Male,43,56,Month-to-Month,Bank Transfer,98.96,5974.55,DSL,No,No,1,3,10,7.1,1
C100673,Female,53,26,Month-to-Month,UPI,95.98,2416.42,Fiber Optic,Yes,No,3,4,28,3.6,1
C100674,Male,36,42,Month-to-Month,Bank Transfer,99.33,3977.49,DSL,No,No,4,1,7,6.5,1
C100675,Female,43,38,One Year,Credit Card,53.88,1931.75,No Internet,No,Yes,2,2,10,5.4,0
C100676,Male,38,26,Month-to-Month,UPI,77.06,1901.2,DSL,No,Yes,1,1,14,5.4,1
C100677,Male,26,59,Month-to-Month,Bank Transfer,81.01,4423.43,Fiber Optic,No,Yes,2,2,10,6.2,0
C100678,Female,18,24,One Year,Credit Card,78.66,1949.29,Fiber Optic,Yes,Yes,1,2,5,6.8,0
C100679,Female,43,21,Month-to-Month,UPI,69.5,1523.29,DSL,No,No,1,2,2,5.9,1
C100680,Female,40,60,Two Year,Electronic Check,59.49,3290.55,DSL,No,Yes,3,3,11,6.5,0
C100681,Male,31,20,Month-to-Month,Bank Transfer,121.5,2326.46,Fiber Optic,No,Yes,1,3,19,6.9,0
C100682,Male,19,6,Two Year,Electronic Check,64.06,367.03,DSL,Yes,No,0,1,17,8.5,0
C100683,Female,46,67,Month-to-Month,UPI,71.25,4876.08,DSL,Yes,Yes,1,6,21,6.0,1
C100684,Female,35,10,Month-to-Month,Bank Transfer,76.32,798.35,No Internet,No,No,0,0,5,6.5,0
C100685,Female,45,12,Month-to-Month,Electronic Check,99.52,1236.0,No Internet,No,No,1,0,10,8.2,1
C100686,Female,60,22,One Year,Electronic Check,38.44,881.13,DSL,No,Yes,2,4,13,6.1,0
C100687,Male,18,62,Month-to-Month,Credit Card,97.09,6224.4,Fiber Optic,No,No,1,3,7,7.2,0
C100688,Female,30,61,Month-to-Month,Bank Transfer,70.22,4461.92,Fiber Optic,Yes,Yes,4,0,29,5.5,0
C100689,Male,35,17,Two Year,Electronic Check,49.92,857.04,DSL,No,No,2,0,9,7.6,0
C100690,Male,55,10,Month-to-Month,UPI,59.81,602.5,DSL,No,No,3,3,17,5.7,0
C100691,Male,18,12,One Year,UPI,62.98,794.73,DSL,No,Yes,1,1,11,7.4,1
C100692,Male,61,40,One Year,Bank Transfer,88.78,3614.95,No Internet,Yes,Yes,1,3,5,7.0,0
C100693,Male,40,23,Month-to-Month,Credit Card,25.0,542.42,DSL,No,No,1,1,9,7.7,0
C100694,Male,37,40,One Year,UPI,69.29,2933.86,Fiber Optic,Yes,Yes,0,3,1,7.7,0
C100695,Female,36,50,One Year,UPI,103.74,5171.88,DSL,No,Yes,1,2,18,8.2,0
C100696,Male,33,10,Month-to-Month,Electronic Check,117.12,1124.74,Fiber Optic,No,Yes,2,2,10,6.1,0
C100697,Female,51,4,Month-to-Month,Credit Card,63.08,247.3,DSL,Yes,No,1,4,23,6.5,1
C100698,Male,25,1,Two Year,UPI,55.79,56.41,No Internet,No,Yes,3,1,11,5.9,0
C100699,Male,42,43,Month-to-Month,Credit Card,75.35,3184.99,Fiber Optic,Yes,Yes,2,2,5,4.6,0
C100700,Female,33,5,Month-to-Month,UPI,85.64,434.53,DSL,No,Yes,0,4,17,6.2,1
C100701,Male,29,34,One Year,UPI,94.31,3237.83,DSL,No,Yes,1,4,3,6.8,0
C100702,Male,69,66,Month-to-Month,Credit Card,91.14,6065.22,Fiber Optic,Yes,Yes,0,3,4,9.6,0
C100703,Male,43,24,Two Year,UPI,83.92,2035.23,No Internet,Yes,No,1,2,27,5.4,0
C100704,Male,45,14,Month-to-Month,Electronic Check,85.18,1158.02,DSL,No,No,1,1,19,6.6,1
C100705,Female,52,41,Month-to-Month,Electronic Check,80.88,3508.12,DSL,No,Yes,1,3,5,7.2,0
C100706,Male,21,42,One Year,Electronic Check,82.11,3466.43,DSL,No,No,1,2,6,8.0,0
C100707,Female,59,13,Month-to-Month,Credit Card,128.41,1548.0,DSL,No,No,1,2,8,7.4,1
C100708,Male,18,29,One Year,Electronic Check,61.57,1726.83,DSL,Yes,No,4,2,6,4.7,0
C100709,Female,29,65,Two Year,Credit Card,60.02,4036.8,Fiber Optic,Yes,Yes,2,3,10,6.0,0
C100710,Female,32,46,Month-to-Month,Electronic Check,121.53,5738.49,DSL,Yes,Yes,1,2,9,6.5,1
C100711,Female,45,34,Month-to-Month,Credit Card,120.11,3884.24,No Internet,No,Yes,3,2,3,3.7,1
C100712,Male,41,63,Month-to-Month,UPI,126.61,8612.29,Fiber Optic,Yes,No,1,5,28,7.1,0
C100713,Male,36,4,Two Year,Bank Transfer,65.22,266.14,No Internet,No,No,1,5,6,7.1,0
C100714,Male,38,28,Month-to-Month,UPI,106.61,2902.51,Fiber Optic,Yes,Yes,2,2,35,6.1,0
C100715,Female,26,1,Month-to-Month,Electronic Check,87.16,85.66,DSL,No,No,3,3,23,4.2,1
C100716,Female,20,36,One Year,Credit Card,39.31,1510.17,DSL,No,Yes,2,2,24,6.9,0
C100717,Female,47,13,Month-to-Month,Electronic Check,74.76,961.17,Fiber Optic,No,No,0,1,10,8.9,0
C100718,Male,46,5,Month-to-Month,Credit Card,70.15,336.22,Fiber Optic,No,No,0,1,9,,1
C100719,Female,57,14,Two Year,Bank Transfer,64.42,879.32,DSL,No,No,1,4,12,7.0,0
C100720,Female,29,32,Month-to-Month,Credit Card,103.37,3323.81,Fiber Optic,Yes,No,1,2,6,6.5,1
C100721,Male,46,50,Month-to-Month,Electronic Check,62.71,2963.78,No Internet,No,Yes,1,1,35,5.3,0
C100722,Male,35,27,Month-to-Month,Electronic Check,79.33,1988.03,Fiber Optic,No,No,3,2,13,6.3,1
C100723,Female,52,35,Two Year,Credit Card,100.53,3464.31,Fiber Optic,No,No,0,1,18,5.7,0
C100724,Female,50,3,Month-to-Month,Bank Transfer,68.04,217.06,Fiber Optic,No,Yes,2,4,9,5.6,1
C100725,Female,41,4,Month-to-Month,Electronic Check,67.21,287.21,Fiber Optic,No,Yes,0,3,12,6.9,1
C100726,Male,34,7,Month-to-Month,Bank Transfer,66.63,491.21,No Internet,Yes,Yes,2,2,8,6.1,0
C100727,Female,50,3,Two Year,Electronic Check,91.01,258.63,Fiber Optic,No,Yes,1,4,48,4.5,0
C100728,Male,46,59,Month-to-Month,UPI,92.24,5049.26,DSL,No,No,0,5,13,7.9,0
C100729,Male,30,1,Month-to-Month,Credit Card,83.06,83.43,DSL,No,Yes,2,0,3,7.0,0
C100730,Male,22,28,One Year,Electronic Check,34.64,997.36,Fiber Optic,Yes,Yes,0,4,6,8.6,0
C100731,Female,35,59,Month-to-Month,Bank Transfer,75.89,4589.22,No Internet,Yes,Yes,3,4,15,4.9,1
C100732,Female,56,53,One Year,Credit Card,86.26,4403.95,Fiber Optic,No,No,1,5,8,6.2,1
C100733,Female,52,10,One Year,UPI,67.82,660.64,DSL,No,Yes,5,0,12,4.6,0
C100734,Male,25,71,Month-to-Month,Bank Transfer,72.41,5525.74,DSL,No,No,2,3,10,7.5,0
C100735,Female,24,3,One Year,Bank Transfer,55.52,164.61,DSL,No,Yes,1,4,10,7.8,0
C100736,Male,53,7,Month-to-Month,Bank Transfer,55.92,400.72,DSL,No,Yes,0,5,11,7.2,0
C100737,Female,24,9,Month-to-Month,Credit Card,60.76,546.9,No Internet,No,Yes,2,2,10,5.7,0
C100738,Male,44,69,One Year,Bank Transfer,67.15,4896.36,No Internet,No,No,2,1,31,5.5,0
C100739,Male,31,13,Month-to-Month,Electronic Check,63.74,873.39,DSL,No,Yes,1,1,17,8.3,0
C100740,Male,57,40,Month-to-Month,Bank Transfer,109.31,4476.58,Fiber Optic,No,Yes,1,1,18,6.7,1
C100741,Male,29,62,Month-to-Month,Bank Transfer,97.14,6438.7,Fiber Optic,No,No,0,2,6,7.4,0
C100742,Female,52,62,Two Year,Credit Card,95.6,5650.03,No Internet,No,No,1,1,2,8.0,0
C100743,Male,40,10,Two Year,Credit Card,81.36,818.36,No Internet,No,Yes,4,0,7,6.0,0
C100744,Male,41,11,Month-to-Month,Electronic Check,75.85,798.9,Fiber Optic,No,Yes,1,3,16,5.9,1
C100745,Female,18,62,Month-to-Month,Bank Transfer,80.38,4666.61,Fiber Optic,No,No,1,4,15,6.6,0
C100746,Male,18,56,Two Year,Credit Card,77.26,4514.88,No Internet,No,Yes,0,4,6,7.0,0
C100747,Female,35,49,Month-to-Month,Electronic Check,89.04,4441.63,DSL,No,No,3,3,10,7.2,0
C100748,Female,41,16,Month-to-Month,Electronic Check,82.1,1230.35,Fiber Optic,No,Yes,2,3,11,4.9,1
C100749,Female,24,9,One Year,Credit Card,70.2,681.22,DSL,No,No,3,2,1,5.7,0
C100750,Male,25,33,Month-to-Month,Electronic Check,79.74,2456.16,Fiber Optic,Yes,Yes,1,1,10,6.9,0
C100751,Female,45,35,One Year,UPI,98.71,3558.37,Fiber Optic,Yes,No,1,2,7,7.0,0
C100752,Female,45,39,Two Year,Electronic Check,123.98,4915.71,DSL,Yes,No,3,2,2,6.7,0
C100753,Male,36,25,Month-to-Month,Electronic Check,98.92,2439.05,DSL,No,Yes,1,3,17,8.4,1
C100754,Male,47,56,One Year,Electronic Check,87.01,5153.91,Fiber Optic,No,Yes,0,1,18,7.7,0
C100755,Female,24,48,One Year,Electronic Check,87.87,4116.2,No Internet,No,No,1,1,14,6.2,0
C100756,Female,34,10,Two Year,Bank Transfer,47.69,501.54,Fiber Optic,Yes,Yes,2,2,5,4.0,0
C100757,Female,58,41,Month-to-Month,Electronic Check,75.3,3133.41,DSL,Yes,No,0,2,14,6.1,0
C100758,Female,39,59,Two Year,Electronic Check,85.21,4940.93,Fiber Optic,Yes,Yes,4,2,3,7.3,0
C100759,Female,40,28,Month-to-Month,UPI,84.67,2311.53,Fiber Optic,No,No,3,3,3,4.2,1
C100760,Male,66,41,Month-to-Month,Electronic Check,98.17,3871.09,DSL,No,Yes,1,1,41,6.4,0
C100761,Male,21,66,Month-to-Month,Electronic Check,53.95,3285.64,DSL,Yes,No,2,2,2,5.9,0
C100762,Male,48,51,Two Year,Credit Card,118.41,6155.61,Fiber Optic,Yes,Yes,3,6,16,4.1,1
C100763,Female,58,62,Month-to-Month,Credit Card,105.97,6522.26,Fiber Optic,No,Yes,2,4,3,7.7,0
C100764,Male,34,30,Two Year,Bank Transfer,107.27,3134.28,Fiber Optic,No,Yes,3,0,15,7.0,1
C100765,Female,48,40,Month-to-Month,UPI,75.21,2852.2,No Internet,Yes,No,1,3,11,6.8,0
C100766,Female,26,40,Two Year,Bank Transfer,74.88,2756.04,DSL,Yes,Yes,3,3,20,4.9,0
C100767,Female,30,69,Month-to-Month,Bank Transfer,78.01,5534.04,DSL,No,Yes,2,1,12,6.1,0
C100768,Male,43,62,Month-to-Month,UPI,69.96,4587.17,DSL,No,No,3,5,8,4.8,0
C100769,Female,48,15,One Year,Bank Transfer,80.51,1178.97,No Internet,No,Yes,2,7,17,4.8,0
C100770,Male,51,3,Month-to-Month,Electronic Check,98.0,295.94,Fiber Optic,No,Yes,2,4,7,5.1,1
C100771,Female,57,24,Month-to-Month,Credit Card,118.11,2879.16,Fiber Optic,Yes,Yes,2,1,12,6.7,1
C100772,Male,37,41,One Year,Credit Card,77.01,3029.69,Fiber Optic,No,Yes,0,0,7,8.4,0
C100773,Male,52,63,Month-to-Month,Credit Card,93.51,5879.79,Fiber Optic,Yes,Yes,2,2,17,5.2,0
C100774,Female,34,48,One Year,Electronic Check,62.76,3092.38,Fiber Optic,Yes,Yes,0,4,6,6.3,0
C100775,Male,49,61,Month-to-Month,Bank Transfer,87.3,5645.91,DSL,No,Yes,1,4,10,6.7,0
C100776,Male,40,48,Month-to-Month,Electronic Check,38.46,1936.69,No Internet,Yes,No,1,1,15,7.4,0
C100777,Female,43,47,Two Year,Bank Transfer,65.32,3251.46,Fiber Optic,No,No,1,1,10,6.1,0
C100778,Female,43,56,Month-to-Month,Credit Card,67.72,4093.82,DSL,Yes,No,0,4,13,9.1,0
C100779,Female,19,8,One Year,Credit Card,45.08,346.92,DSL,Yes,Yes,0,2,4,7.1,0
C100780,Female,25,18,Month-to-Month,Credit Card,63.07,1176.41,DSL,Yes,Yes,0,1,6,8.5,0
C100781,Female,39,23,Month-to-Month,Credit Card,106.62,2476.32,Fiber Optic,No,Yes,3,4,10,4.5,1
C100782,Male,18,69,Month-to-Month,Bank Transfer,26.0,,DSL,No,No,1,0,25,7.8,0
C100783,Male,48,65,Month-to-Month,UPI,88.58,5563.79,Fiber Optic,No,No,0,1,3,9.2,0
C100784,Male,48,46,Month-to-Month,Credit Card,98.32,4775.12,DSL,No,Yes,1,3,17,8.5,0
C100785,Female,42,66,Month-to-Month,Bank Transfer,132.12,9123.42,Fiber Optic,No,Yes,2,4,7,6.0,1
C100786,Female,25,69,Month-to-Month,UPI,68.9,4998.58,Fiber Optic,No,Yes,1,6,10,5.6,0
C100787,Male,55,22,Month-to-Month,Electronic Check,75.37,1789.99,DSL,No,No,0,0,16,7.2,1
C100788,Male,62,65,Two Year,Electronic Check,118.95,7495.39,Fiber Optic,Yes,Yes,1,1,14,6.5,0
C100789,Female,40,12,Month-to-Month,Credit Card,65.95,851.51,Fiber Optic,No,No,1,3,6,7.5,0
C100790,Male,44,19,One Year,Credit Card,86.92,1574.74,DSL,No,Yes,1,2,17,5.5,0
C100791,Female,40,22,Month-to-Month,UPI,105.04,2159.53,No Internet,Yes,Yes,1,1,10,6.7,1
C100792,Male,44,55,Two Year,Credit Card,111.53,5653.48,Fiber Optic,Yes,No,0,0,4,9.6,0
C100793,Female,37,62,Month-to-Month,Credit Card,73.47,4361.49,DSL,No,No,3,2,13,4.9,0
C100794,Male,38,51,Month-to-Month,Bank Transfer,71.48,3536.15,DSL,No,No,3,1,14,4.6,0
C100795,Female,49,48,Month-to-Month,UPI,81.15,3776.26,Fiber Optic,Yes,Yes,0,1,13,9.8,0
C100796,Female,66,17,Month-to-Month,Electronic Check,84.09,1527.87,Fiber Optic,No,No,0,1,8,8.0,1
C100797,Female,21,13,Two Year,Credit Card,113.67,1433.51,DSL,No,No,0,2,21,6.9,0
C100798,Female,37,28,Month-to-Month,Electronic Check,83.38,2394.13,No Internet,No,No,4,3,7,5.3,1
C100799,Female,24,67,Two Year,Bank Transfer,37.66,2719.17,DSL,No,Yes,1,1,16,6.6,0
C100800,Female,57,5,Two Year,Bank Transfer,83.62,404.32,Fiber Optic,No,Yes,2,1,28,7.0,0
C100801,Male,31,60,Month-to-Month,UPI,123.69,7985.8,DSL,Yes,No,0,0,12,7.0,0
C100802,Female,21,15,Month-to-Month,Credit Card,97.13,1518.18,Fiber Optic,No,Yes,3,4,11,7.4,1
C100803,Female,46,44,Two Year,Electronic Check,80.53,3720.49,Fiber Optic,Yes,Yes,1,3,18,5.7,0
C100804,Male,59,46,Month-to-Month,UPI,39.78,1849.99,Fiber Optic,Yes,No,1,2,8,7.0,0
C100805,Female,46,29,One Year,UPI,119.24,3611.56,Fiber Optic,No,Yes,0,2,5,7.9,0
C100806,Female,40,68,Two Year,Electronic Check,142.44,9856.4,Fiber Optic,No,No,4,2,21,3.8,1
C100807,Female,43,49,One Year,Electronic Check,110.69,5410.6,Fiber Optic,No,Yes,2,4,21,5.6,0
C100808,Male,55,43,One Year,Credit Card,84.95,3859.85,Fiber Optic,No,No,3,3,24,5.1,0
C100809,Male,28,68,Two Year,Credit Card,64.98,4645.4,DSL,Yes,Yes,3,2,19,5.8,0
C100810,Female,37,20,One Year,UPI,73.76,1450.64,No Internet,No,No,0,1,6,9.9,0
C100811,Female,33,18,Month-to-Month,Electronic Check,73.68,1228.94,DSL,No,Yes,1,2,14,6.8,1
C100812,Male,24,64,Month-to-Month,Bank Transfer,98.73,6749.46,DSL,No,Yes,0,2,21,8.6,0
C100813,Female,34,49,One Year,Credit Card,105.42,5398.94,Fiber Optic,Yes,Yes,0,2,8,6.4,0
C100814,Female,51,42,Two Year,Electronic Check,86.59,3844.97,No Internet,Yes,Yes,0,2,10,8.8,0
C100815,Male,45,12,Month-to-Month,Credit Card,99.1,1098.57,Fiber Optic,Yes,Yes,3,0,6,8.7,0
C100816,Female,46,36,Month-to-Month,Credit Card,61.14,2332.77,DSL,No,Yes,1,3,8,7.9,0
C100817,Male,40,8,Month-to-Month,UPI,116.8,929.75,No Internet,No,Yes,3,3,5,4.4,1
C100818,Male,44,28,Two Year,Bank Transfer,54.46,1625.0,DSL,No,No,2,1,6,5.7,0
C100819,Male,28,60,Month-to-Month,Bank Transfer,66.7,4125.02,No Internet,No,Yes,2,0,13,6.4,0
C100820,Female,34,49,One Year,Electronic Check,108.07,5232.44,Fiber Optic,No,Yes,2,1,3,7.4,0
C100821,Male,40,38,Two Year,Electronic Check,82.43,2943.76,Fiber Optic,No,Yes,2,1,11,6.8,0
C100822,Male,41,58,Month-to-Month,Electronic Check,91.3,5344.23,Fiber Optic,Yes,Yes,2,3,8,6.1,0
C100823,Male,42,5,Two Year,Electronic Check,72.44,374.31,No Internet,Yes,No,1,6,12,6.1,0
C100824,Female,36,46,Two Year,Bank Transfer,103.33,5060.47,Fiber Optic,No,Yes,2,6,12,5.8,0
C100825,Female,33,2,Two Year,Credit Card,61.98,131.6,Fiber Optic,No,No,1,0,2,7.2,1
C100826,Male,75,25,Month-to-Month,Electronic Check,94.28,2265.98,DSL,No,Yes,0,3,19,6.9,0
C100827,Male,49,1,Month-to-Month,Credit Card,46.78,,DSL,Yes,No,3,4,27,4.2,1
C100828,Female,43,69,One Year,Electronic Check,132.1,9070.77,Fiber Optic,No,No,1,1,8,8.6,0
C100829,Male,35,40,Month-to-Month,UPI,74.53,2874.56,Fiber Optic,No,Yes,1,2,14,5.9,0
C100830,Male,33,68,Month-to-Month,Credit Card,76.84,5072.48,DSL,No,Yes,0,2,2,8.1,0
C100831,Male,36,69,Two Year,Credit Card,63.29,4483.99,Fiber Optic,No,Yes,0,2,25,6.9,0
C100832,Male,42,69,One Year,Bank Transfer,73.22,5251.52,Fiber Optic,No,Yes,0,1,5,6.0,0
C100833,Male,18,16,Month-to-Month,Credit Card,37.71,625.9,No Internet,Yes,Yes,0,3,24,6.1,0
C100834,Male,19,54,Month-to-Month,Bank Transfer,63.06,3578.08,DSL,Yes,Yes,0,3,10,8.0,0
C100835,Male,30,63,One Year,UPI,80.33,4691.12,Fiber Optic,No,Yes,0,4,20,4.9,0
C100836,Female,40,18,Two Year,Credit Card,102.03,1973.29,DSL,No,No,0,0,16,7.2,1
C100837,Male,35,17,Month-to-Month,Credit Card,101.67,1683.72,DSL,No,No,1,2,12,6.2,1
C100838,Female,56,4,Month-to-Month,Credit Card,91.47,358.1,DSL,No,Yes,1,2,16,6.2,1
C100839,Female,20,9,One Year,Bank Transfer,54.98,505.27,Fiber Optic,Yes,Yes,2,1,6,6.4,0
C100840,Male,29,31,Month-to-Month,UPI,85.98,2548.27,Fiber Optic,No,No,1,0,7,6.5,0
C100841,Female,56,5,Month-to-Month,Credit Card,97.13,499.47,Fiber Optic,No,No,1,0,35,6.6,1
C100842,Male,40,16,Month-to-Month,Electronic Check,60.0,923.51,Fiber Optic,Yes,No,0,5,26,7.7,1
C100843,Female,49,42,Month-to-Month,Bank Transfer,65.71,2848.93,Fiber Optic,No,Yes,2,3,17,6.3,0
C100844,Male,63,41,Month-to-Month,UPI,79.02,3404.56,DSL,No,Yes,3,1,28,5.4,0
C100845,Male,30,30,Two Year,UPI,118.2,3773.07,Fiber Optic,Yes,Yes,1,2,32,5.9,1
C100846,Male,37,26,Month-to-Month,Bank Transfer,96.69,2477.02,DSL,Yes,Yes,0,4,12,7.2,0
C100847,Female,35,49,Two Year,Electronic Check,49.82,2561.11,DSL,Yes,Yes,2,3,17,4.2,0
C100848,Male,18,31,Two Year,Bank Transfer,89.05,2745.12,No Internet,No,Yes,1,0,2,9.1,0
C100849,Female,34,50,One Year,Electronic Check,99.51,4773.2,Fiber Optic,No,No,1,4,14,7.2,0
C100850,Male,49,15,Month-to-Month,Credit Card,74.52,1159.21,DSL,No,Yes,1,4,24,8.1,0
C100851,Female,44,52,Two Year,Credit Card,60.69,3052.12,No Internet,No,No,1,5,6,6.6,0
C100852,Male,45,38,Two Year,UPI,72.65,2615.26,DSL,No,Yes,2,2,10,5.8,0
C100853,Female,33,38,Month-to-Month,Electronic Check,108.12,3859.54,No Internet,Yes,Yes,1,1,13,8.7,0
C100854,Male,30,60,Month-to-Month,Bank Transfer,78.05,4606.36,DSL,Yes,Yes,2,5,16,4.2,0
C100855,Male,53,20,Month-to-Month,Electronic Check,109.56,2277.46,Fiber Optic,Yes,Yes,0,1,1,7.5,0
C100856,Male,32,44,Month-to-Month,Bank Transfer,87.28,4033.2,Fiber Optic,No,Yes,1,2,17,5.0,1
C100857,Male,42,63,Month-to-Month,Electronic Check,90.06,5977.55,No Internet,Yes,No,1,3,19,8.3,0
C100858,Female,40,50,Month-to-Month,UPI,127.46,6299.59,DSL,No,No,3,0,36,8.3,0
C100859,Male,56,22,Month-to-Month,Bank Transfer,49.44,1007.24,Fiber Optic,No,Yes,1,0,31,6.1,0
C100860,Female,50,72,Month-to-Month,Credit Card,80.23,,Fiber Optic,No,Yes,2,2,12,6.9,0
C100861,Male,22,54,Two Year,Electronic Check,104.76,5381.27,Fiber Optic,No,Yes,2,1,14,5.9,0
C100862,Female,24,9,Two Year,Bank Transfer,44.64,402.0,No Internet,No,No,0,3,12,7.0,0
C100863,Male,45,15,Two Year,Electronic Check,101.1,1617.4,Fiber Optic,No,No,2,3,19,7.0,1
C100864,Male,37,48,Month-to-Month,Electronic Check,110.56,4992.95,Fiber Optic,No,No,4,5,23,3.8,1
C100865,Female,33,20,One Year,Bank Transfer,38.75,717.17,No Internet,No,No,1,2,13,6.8,0
C100866,Male,50,35,Two Year,Bank Transfer,117.47,3782.82,Fiber Optic,Yes,Yes,1,1,26,5.9,0
C100867,Male,40,67,One Year,Electronic Check,55.37,3947.57,DSL,Yes,No,0,1,11,9.0,0
C100868,Female,39,60,Month-to-Month,Credit Card,120.79,7620.94,Fiber Optic,No,No,0,3,6,7.9,0
C100869,Female,47,34,Month-to-Month,Bank Transfer,87.31,3188.45,Fiber Optic,Yes,No,1,1,13,7.7,1
C100870,Male,33,54,Two Year,UPI,88.25,4918.25,DSL,No,No,0,2,19,7.2,0
C100871,Male,57,12,Month-to-Month,UPI,48.84,596.46,DSL,Yes,No,1,3,1,8.0,1
C100872,Female,29,19,Month-to-Month,Credit Card,61.53,1098.59,Fiber Optic,No,No,1,2,22,6.7,0
C100873,Male,46,26,Month-to-Month,UPI,60.16,1583.1,Fiber Optic,No,Yes,2,2,6,4.5,0
C100874,Male,55,23,Two Year,Credit Card,74.34,1789.38,DSL,Yes,Yes,0,1,5,7.3,0
C100875,Male,21,33,Month-to-Month,Electronic Check,75.22,2628.95,DSL,No,Yes,1,6,1,5.8,0
C100876,Female,34,57,One Year,Credit Card,105.66,6379.26,DSL,No,No,1,2,5,6.7,0
C100877,Female,52,30,Month-to-Month,UPI,72.62,2110.1,Fiber Optic,No,No,0,4,12,7.5,0
C100878,Male,52,23,Month-to-Month,UPI,66.57,1455.16,No Internet,No,No,0,1,23,8.0,1
C100879,Male,36,36,Month-to-Month,UPI,97.14,3300.33,Fiber Optic,No,Yes,2,2,13,5.8,0
C100880,Male,29,43,Month-to-Month,Bank Transfer,97.9,4306.73,DSL,No,Yes,0,0,19,8.3,0
C100881,Female,49,66,Two Year,Credit Card,78.19,4805.51,Fiber Optic,No,No,2,2,6,6.9,0
C100882,Male,52,53,Two Year,Electronic Check,116.15,6520.98,Fiber Optic,No,Yes,0,4,16,8.3,0
C100883,Male,24,60,Month-to-Month,Electronic Check,79.62,5012.47,Fiber Optic,No,Yes,0,2,20,7.0,0
C100884,Female,24,37,Month-to-Month,Credit Card,68.38,2330.46,Fiber Optic,Yes,No,1,3,22,7.5,0
C100885,Male,41,61,Month-to-Month,Bank Transfer,98.77,6109.32,Fiber Optic,No,No,1,2,3,8.2,0
C100886,Female,46,53,Two Year,Credit Card,42.22,2285.34,Fiber Optic,No,Yes,1,1,36,5.3,0
C100887,Male,34,12,Month-to-Month,Bank Transfer,91.98,1175.48,No Internet,No,Yes,4,1,21,,1
C100888,Male,46,35,Month-to-Month,Bank Transfer,84.64,2978.91,DSL,No,No,0,2,3,8.6,0
C100889,Male,29,67,Month-to-Month,UPI,85.51,5318.24,DSL,Yes,No,1,1,17,5.7,0
C100890,Female,18,38,Month-to-Month,Electronic Check,82.46,3225.44,DSL,Yes,Yes,2,3,5,8.2,0
C100891,Female,33,24,Month-to-Month,Bank Transfer,120.2,2815.33,Fiber Optic,Yes,Yes,2,1,23,5.8,1
C100892,Female,39,40,One Year,Credit Card,93.53,3746.92,DSL,No,Yes,1,0,5,7.1,0
C100893,Male,35,65,Month-to-Month,Electronic Check,97.83,6093.69,DSL,No,Yes,1,1,7,6.5,0
C100894,Female,24,57,Two Year,Credit Card,114.0,6872.76,DSL,No,Yes,1,1,24,6.4,0
C100895,Male,18,72,Two Year,,88.09,6431.88,Fiber Optic,Yes,No,1,1,12,7.4,0
C100896,Male,32,45,Month-to-Month,Credit Card,113.25,5296.19,Fiber Optic,No,No,2,3,14,7.1,0
C100897,Female,49,72,Month-to-Month,Credit Card,72.57,4932.78,Fiber Optic,No,No,1,2,14,7.3,0
C100898,Male,53,13,One Year,UPI,106.57,1399.83,Fiber Optic,No,No,3,3,27,,0
C100899,Male,52,6,One Year,Bank Transfer,92.35,536.5,Fiber Optic,No,No,0,1,7,8.9,0
C100900,Male,28,71,Month-to-Month,Credit Card,74.58,4893.2,DSL,No,Yes,0,1,8,7.6,0
C100901,Male,24,47,Month-to-Month,UPI,109.11,5315.73,Fiber Optic,No,Yes,0,4,17,7.9,1
C100902,Male,44,44,Two Year,UPI,57.78,2737.22,DSL,No,Yes,3,4,7,7.7,0
C100903,Female,46,32,Month-to-Month,Bank Transfer,68.56,2273.9,Fiber Optic,No,Yes,3,5,14,6.4,1
C100904,Male,43,3,One Year,Electronic Check,72.09,201.88,DSL,Yes,Yes,1,0,17,7.2,0
C100905,Female,18,54,One Year,Electronic Check,86.94,4792.41,Fiber Optic,No,Yes,2,1,34,6.2,1
C100906,Female,28,38,Month-to-Month,Bank Transfer,89.24,3569.49,Fiber Optic,Yes,Yes,0,3,8,9.0,0
C100907,Male,38,4,One Year,Credit Card,108.24,409.5,Fiber Optic,No,No,4,0,12,5.1,0
C100908,Male,44,17,Two Year,Electronic Check,82.24,1505.65,Fiber Optic,Yes,Yes,1,2,13,6.3,0
C100909,Male,47,37,Month-to-Month,Credit Card,111.8,4218.42,Fiber Optic,No,No,2,0,6,8.5,0
C100910,Female,40,36,Two Year,Electronic Check,84.88,3291.36,No Internet,No,No,1,2,3,7.8,0
C100911,Male,42,58,Month-to-Month,UPI,83.15,4923.14,Fiber Optic,No,No,1,4,7,7.3,0
C100912,Female,39,41,Two Year,UPI,69.08,2908.73,Fiber Optic,No,Yes,1,3,7,6.4,0
C100913,Male,46,8,One Year,Credit Card,46.55,387.87,Fiber Optic,No,No,1,2,22,6.2,0
C100914,Female,42,67,One Year,Electronic Check,92.69,6512.11,Fiber Optic,Yes,Yes,1,2,6,7.4,1
C100915,Male,39,30,Month-to-Month,Credit Card,34.06,1083.67,DSL,No,No,3,2,6,7.1,0
C100916,Male,35,52,Month-to-Month,Electronic Check,115.17,6230.39,No Internet,No,Yes,0,0,5,7.3,0
C100917,Female,39,25,Two Year,Credit Card,103.82,2578.66,DSL,No,Yes,3,4,6,6.3,0
C100918,Female,44,52,Month-to-Month,Bank Transfer,70.3,3511.63,No Internet,No,Yes,4,0,15,7.0,0
C100919,Male,41,59,One Year,Electronic Check,63.41,3679.62,Fiber Optic,No,No,1,4,11,,0
C100920,Female,43,30,Two Year,Credit Card,62.68,2006.72,Fiber Optic,No,Yes,0,1,6,9.4,0
C100921,Male,54,67,Month-to-Month,Electronic Check,67.89,4812.86,No Internet,No,Yes,0,0,39,7.0,0
C100922,Female,41,4,Month-to-Month,Credit Card,69.1,270.31,DSL,No,No,1,1,6,6.8,1
C100923,Female,30,57,Two Year,Electronic Check,35.66,2007.66,DSL,Yes,No,0,4,2,8.2,0
C100924,Male,49,63,Two Year,Credit Card,77.87,4744.31,Fiber Optic,No,Yes,1,0,15,7.4,0
C100925,Male,22,32,Month-to-Month,Credit Card,76.32,2489.93,Fiber Optic,Yes,No,0,2,13,8.3,1
C100926,Male,25,51,One Year,UPI,111.0,5534.23,Fiber Optic,Yes,Yes,5,3,7,3.5,0
C100927,Female,42,63,Two Year,Credit Card,80.93,5346.16,No Internet,No,No,1,3,7,7.3,0
C100928,Female,44,1,Month-to-Month,Credit Card,62.58,62.34,No Internet,Yes,No,1,2,14,,0
C100929,Male,23,19,Month-to-Month,UPI,67.79,1230.33,No Internet,Yes,Yes,2,2,2,6.8,0
C100930,Male,33,35,Month-to-Month,Bank Transfer,59.73,2072.41,Fiber Optic,No,No,1,2,6,7.4,0
C100931,Female,31,63,Month-to-Month,Credit Card,107.94,7056.12,Fiber Optic,No,No,1,0,8,6.3,0
C100932,Female,32,26,One Year,Electronic Check,84.33,2176.35,Fiber Optic,Yes,No,1,1,17,7.6,0
C100933,Female,49,13,One Year,UPI,78.44,1031.48,DSL,No,Yes,1,2,17,6.3,0
C100934,Male,46,23,Month-to-Month,Bank Transfer,75.84,1859.88,Fiber Optic,Yes,Yes,1,0,2,5.5,0
C100935,Male,38,35,Two Year,Electronic Check,66.24,2397.42,Fiber Optic,Yes,Yes,1,3,27,6.2,0
C100936,Male,31,12,Month-to-Month,Electronic Check,102.22,1324.15,Fiber Optic,No,Yes,3,4,1,5.5,1
C100937,Female,22,9,Month-to-Month,Credit Card,102.17,857.23,DSL,No,Yes,1,4,30,6.1,1
C100938,Male,55,67,Month-to-Month,Electronic Check,65.5,4564.31,DSL,No,Yes,2,2,21,8.7,0
C100939,Female,45,44,Two Year,Bank Transfer,40.03,1826.9,No Internet,Yes,No,0,4,10,5.1,0
C100940,Male,30,61,Month-to-Month,Electronic Check,90.96,5201.33,Fiber Optic,Yes,No,0,6,20,7.6,1
C100941,Female,47,21,Month-to-Month,Credit Card,58.19,1313.09,Fiber Optic,Yes,Yes,0,2,20,5.7,1
C100942,Female,37,7,Two Year,Electronic Check,105.4,778.55,Fiber Optic,No,No,2,6,37,4.1,1
C100943,Female,35,11,Two Year,Credit Card,67.85,747.74,Fiber Optic,No,Yes,1,2,15,6.9,0
C100944,Male,43,45,Month-to-Month,Electronic Check,99.2,4264.33,DSL,No,Yes,3,1,9,4.7,0
C100945,Male,29,32,Month-to-Month,Bank Transfer,74.83,2274.42,DSL,Yes,Yes,0,2,14,8.1,0
C100946,Male,34,36,One Year,UPI,99.15,3356.75,No Internet,No,No,4,3,31,3.8,1
C100947,Female,39,37,One Year,UPI,58.38,2054.13,Fiber Optic,No,No,1,2,4,6.5,0
C100948,Female,32,41,Two Year,Electronic Check,53.6,2346.93,Fiber Optic,No,Yes,0,1,8,8.5,0
C100949,Female,46,49,Month-to-Month,Credit Card,82.34,4121.75,DSL,No,Yes,2,3,6,5.4,0
C100950,Female,60,15,Month-to-Month,Credit Card,106.66,1503.83,DSL,No,Yes,1,6,23,6.1,1
C100951,Female,29,13,One Year,UPI,85.89,1191.9,DSL,No,No,1,2,13,8.6,0
C100952,Male,18,53,One Year,Bank Transfer,77.35,3806.87,DSL,No,Yes,2,3,22,6.1,0
C100953,Female,18,33,One Year,Electronic Check,88.34,2872.81,DSL,Yes,Yes,3,4,43,3.8,1
C100954,Male,36,72,Two Year,Electronic Check,50.56,3781.64,Fiber Optic,No,No,1,2,8,6.9,0
C100955,Male,30,32,One Year,Bank Transfer,89.73,3019.29,DSL,Yes,Yes,1,2,20,5.9,0
C100956,Male,40,48,Month-to-Month,Electronic Check,90.44,4579.43,Fiber Optic,No,Yes,0,3,35,5.8,1
C100957,Male,40,68,One Year,UPI,63.46,4622.65,DSL,No,No,1,1,11,8.3,0
C100958,Male,19,57,Month-to-Month,UPI,40.27,2210.14,DSL,Yes,No,2,2,9,8.3,0
C100959,Female,18,62,Month-to-Month,Bank Transfer,104.01,6327.37,Fiber Optic,Yes,Yes,1,1,2,6.5,0
C100960,Male,42,2,Two Year,Electronic Check,58.08,118.65,DSL,No,No,0,0,6,6.4,0
C100961,Female,40,16,One Year,Credit Card,54.33,921.66,DSL,Yes,No,1,3,30,8.2,0
C100962,Male,33,8,Month-to-Month,Credit Card,123.82,1006.56,DSL,No,Yes,0,3,8,5.4,1
C100963,Male,18,19,Month-to-Month,Bank Transfer,90.91,1664.3,Fiber Optic,No,No,1,0,14,8.2,0
C100964,Male,44,32,Month-to-Month,Electronic Check,58.65,1967.49,No Internet,No,Yes,3,3,15,5.2,0
C100965,Male,53,67,Month-to-Month,Credit Card,111.14,7925.32,Fiber Optic,No,Yes,1,1,10,9.5,0
C100966,Female,41,32,One Year,Electronic Check,73.94,2179.96,DSL,No,No,0,3,34,6.9,0
C100967,Male,28,25,One Year,Credit Card,100.56,2314.92,DSL,No,No,3,5,10,4.2,1
C100968,Female,39,53,Month-to-Month,UPI,46.59,2648.64,DSL,Yes,Yes,0,3,17,8.1,0
C100969,Male,22,25,Month-to-Month,UPI,95.92,2419.68,Fiber Optic,No,Yes,1,3,8,6.3,0
C100970,Female,51,33,Month-to-Month,Bank Transfer,63.25,1949.75,DSL,Yes,No,3,3,9,6.0,0
C100971,Female,39,31,Month-to-Month,UPI,71.94,2178.92,No Internet,Yes,No,2,2,5,6.5,0
C100972,Female,18,36,Month-to-Month,Electronic Check,108.92,3963.32,DSL,No,No,1,3,3,6.7,0
C100973,Male,34,49,Two Year,Bank Transfer,90.53,4524.85,DSL,No,Yes,3,3,9,6.5,0
C100974,Male,44,44,One Year,Credit Card,31.73,1320.88,DSL,Yes,No,0,4,6,8.5,0
C100975,Male,34,48,Two Year,Credit Card,90.86,4598.57,DSL,Yes,Yes,1,0,4,7.5,0
C100976,Female,35,30,One Year,Credit Card,58.41,1764.89,Fiber Optic,Yes,Yes,0,2,5,5.5,0
C100977,Male,23,13,One Year,UPI,71.46,932.72,Fiber Optic,No,No,0,2,28,7.3,0
C100978,Male,45,43,Month-to-Month,Credit Card,68.23,2953.09,DSL,No,Yes,1,0,6,9.0,0
C100979,Female,30,16,Month-to-Month,Bank Transfer,95.1,1415.03,Fiber Optic,No,Yes,1,2,6,8.6,1
C100980,Male,18,26,One Year,Bank Transfer,76.25,2062.48,DSL,No,No,3,0,9,7.2,1
C100981,Female,34,47,Month-to-Month,Electronic Check,64.0,2806.13,No Internet,Yes,No,2,3,49,4.6,1
C100982,Male,50,37,One Year,Electronic Check,80.32,2954.37,Fiber Optic,No,No,0,3,18,5.3,0
C100983,Male,33,3,Month-to-Month,UPI,116.48,354.42,DSL,Yes,Yes,2,1,28,4.6,1
C100984,Female,59,26,Two Year,Credit Card,89.74,2225.53,Fiber Optic,No,Yes,2,1,22,6.1,0
C100985,Male,43,15,Month-to-Month,UPI,34.99,523.35,No Internet,No,No,1,1,3,7.5,0
C100986,Female,42,66,Month-to-Month,Electronic Check,57.14,3642.38,Fiber Optic,Yes,No,1,0,2,6.3,0
C100987,Male,36,28,Two Year,UPI,67.89,1964.67,Fiber Optic,Yes,Yes,0,1,33,7.6,0
C100988,Male,37,38,Month-to-Month,UPI,126.91,4848.53,DSL,Yes,Yes,1,2,10,6.6,1
C100989,Female,35,44,Two Year,Credit Card,58.26,2396.35,DSL,Yes,Yes,0,6,9,5.6,0
C100990,Female,34,53,Month-to-Month,Credit Card,54.58,2938.97,No Internet,No,No,3,2,4,5.4,0
C100991,Female,44,4,One Year,Credit Card,89.1,335.66,Fiber Optic,No,No,0,1,11,7.4,1
C100992,Male,27,72,Month-to-Month,Electronic Check,117.95,7816.74,Fiber Optic,No,No,1,1,12,7.9,0
C100993,Female,25,44,Month-to-Month,Bank Transfer,82.46,3422.89,Fiber Optic,Yes,Yes,4,4,19,3.8,1
C100994,Male,25,46,One Year,Electronic Check,70.02,2965.46,Fiber Optic,No,No,3,1,10,7.2,0
C100995,Male,63,26,Month-to-Month,UPI,104.98,2942.58,DSL,Yes,No,1,1,5,6.9,0
C100996,Female,44,13,Month-to-Month,UPI,81.41,1080.99,No Internet,Yes,Yes,0,2,16,8.7,0
C100997,Male,42,69,Two Year,Bank Transfer,79.76,5613.96,DSL,No,No,0,3,7,7.6,0
C100998,Female,25,44,Two Year,Electronic Check,94.11,4427.86,DSL,No,No,0,2,6,8.2,0
C100999,Male,45,53,Month-to-Month,Electronic Check,87.69,4370.6,Fiber Optic,Yes,No,2,2,19,7.3,1
C101000,Male,37,51,Month-to-Month,UPI,105.88,4991.77,Fiber Optic,No,Yes,0,1,11,9.2,0
C101001,Female,41,13,One Year,UPI,80.06,1071.19,Fiber Optic,No,Yes,0,0,13,10.0,0
C101002,Female,26,41,Two Year,Credit Card,66.42,2774.56,No Internet,No,Yes,0,0,16,8.0,0
C101003,Female,40,11,Two Year,Credit Card,87.02,1019.2,DSL,Yes,Yes,0,2,2,6.4,0
C101004,Female,33,37,Month-to-Month,Credit Card,100.9,3627.69,DSL,No,Yes,0,2,24,7.2,0
C101005,Female,29,60,One Year,UPI,68.73,4158.44,DSL,Yes,No,0,5,20,7.3,0
C101006,Female,47,32,Month-to-Month,Bank Transfer,61.85,1999.67,DSL,No,No,3,1,1,6.2,0
C101007,Female,20,45,Month-to-Month,Electronic Check,112.62,4870.53,DSL,No,No,2,2,26,7.6,1
C101008,Male,45,18,Month-to-Month,Bank Transfer,88.66,1560.14,No Internet,Yes,No,2,0,13,6.0,1
C101009,Male,46,20,Month-to-Month,Electronic Check,78.53,1532.51,DSL,No,No,3,3,6,6.3,0
C101010,Male,27,44,Month-to-Month,Bank Transfer,54.36,2523.66,Fiber Optic,No,No,1,1,29,7.8,0
C101011,Female,28,36,Month-to-Month,Bank Transfer,100.98,3562.88,Fiber Optic,No,Yes,2,0,9,6.8,1
C101012,Female,35,69,Two Year,UPI,63.59,4474.14,Fiber Optic,No,Yes,0,2,13,8.2,0
C101013,Male,41,37,One Year,Bank Transfer,109.13,3956.33,Fiber Optic,No,Yes,1,1,6,7.4,0
C101014,Female,36,33,Month-to-Month,Electronic Check,118.66,3655.7,Fiber Optic,No,No,1,2,15,8.3,0
C101015,Female,43,19,Two Year,Bank Transfer,117.71,2388.85,Fiber Optic,No,Yes,0,1,20,7.4,0
C101016,Male,59,51,Two Year,UPI,114.25,5433.97,Fiber Optic,No,No,1,0,1,8.0,0
C101017,Female,32,32,Month-to-Month,Bank Transfer,68.17,2010.44,Fiber Optic,No,No,2,2,6,4.8,1
C101018,Female,18,22,Month-to-Month,Electronic Check,105.08,2227.1,Fiber Optic,No,No,1,2,6,,1
C101019,Male,48,1,Month-to-Month,Electronic Check,71.72,69.17,DSL,Yes,Yes,1,3,8,8.8,0
C101020,Female,58,54,Month-to-Month,Electronic Check,114.87,5994.82,Fiber Optic,No,Yes,0,1,22,6.2,0
C101021,Male,43,20,Month-to-Month,Electronic Check,85.47,1791.89,No Internet,No,Yes,4,2,17,4.3,0
C101022,Female,25,58,Month-to-Month,Electronic Check,84.61,4740.06,Fiber Optic,Yes,Yes,3,0,23,5.0,0
C101023,Female,37,35,Month-to-Month,Electronic Check,83.48,2983.07,Fiber Optic,No,Yes,1,3,19,6.0,0
C101024,Female,25,70,Month-to-Month,UPI,90.17,5814.47,DSL,Yes,Yes,0,2,5,6.8,0
C101025,Male,46,70,Month-to-Month,Bank Transfer,68.04,5061.86,DSL,No,Yes,2,4,17,6.2,0
C101026,Female,22,61,Month-to-Month,Credit Card,40.11,2352.74,No Internet,No,No,1,1,9,6.7,0
C101027,Female,34,63,Month-to-Month,Electronic Check,108.93,,Fiber Optic,No,No,0,3,17,8.2,0
C101028,Male,26,61,Month-to-Month,UPI,77.67,4789.66,Fiber Optic,No,No,3,1,8,5.3,1
C101029,Female,40,57,Month-to-Month,Credit Card,116.85,6383.28,Fiber Optic,No,No,0,1,8,6.7,0
C101030,Male,34,3,Two Year,UPI,112.64,342.84,Fiber Optic,No,Yes,1,1,1,8.0,0
C101031,Female,40,45,One Year,Bank Transfer,82.38,3924.73,DSL,Yes,No,1,3,60,5.4,0
C101032,Male,38,15,Month-to-Month,Electronic Check,113.8,1660.88,DSL,No,Yes,1,0,17,7.8,0
C101033,Male,26,17,Two Year,UPI,74.98,1363.11,Fiber Optic,Yes,No,0,6,18,,0
C101034,Male,46,15,One Year,Credit Card,104.0,1493.76,Fiber Optic,Yes,No,0,3,10,7.3,0
C101035,Female,37,5,Month-to-Month,Credit Card,78.06,366.44,DSL,No,No,3,1,18,6.9,1
C101036,Male,26,46,Month-to-Month,Bank Transfer,49.57,2225.38,Fiber Optic,No,Yes,2,3,9,6.3,0
C101037,Female,65,11,Month-to-Month,Bank Transfer,76.06,889.21,Fiber Optic,Yes,No,1,2,14,7.3,0
C101038,Male,44,64,Month-to-Month,Bank Transfer,72.03,4360.15,Fiber Optic,No,Yes,2,0,17,5.4,0
C101039,Male,36,14,Month-to-Month,Bank Transfer,71.6,988.9,Fiber Optic,No,No,2,3,18,5.8,1
C101040,Female,55,39,Month-to-Month,Bank Transfer,60.32,2399.26,DSL,No,Yes,2,2,5,7.1,0
C101041,Female,60,67,Two Year,Bank Transfer,37.04,2607.02,No Internet,Yes,Yes,0,4,10,8.1,0
C101042,Male,36,55,Month-to-Month,UPI,88.99,5211.68,No Internet,No,Yes,3,3,5,6.8,0
C101043,Female,42,42,Month-to-Month,Bank Transfer,66.11,2995.13,No Internet,No,Yes,1,3,5,5.8,0
C101044,Female,26,5,Month-to-Month,Electronic Check,77.08,406.69,DSL,No,Yes,1,6,19,6.6,1
C101045,Female,36,52,Two Year,Bank Transfer,104.48,5006.58,Fiber Optic,No,Yes,2,6,26,4.3,1
C101046,Male,36,22,Month-to-Month,Electronic Check,81.97,1772.44,Fiber Optic,No,No,1,4,3,7.5,1
C101047,Male,40,44,Month-to-Month,Electronic Check,106.51,4952.07,Fiber Optic,No,Yes,0,4,9,6.5,0
C101048,Female,42,59,Month-to-Month,Electronic Check,90.63,5754.47,No Internet,No,Yes,0,3,33,6.4,0
C101049,Male,45,25,Month-to-Month,Electronic Check,81.72,1899.02,Fiber Optic,No,Yes,2,0,19,,0
C101050,Female,41,21,Month-to-Month,Electronic Check,85.8,1755.63,DSL,Yes,Yes,0,4,5,5.8,1
C101051,Female,23,64,One Year,Electronic Check,96.79,6344.1,DSL,Yes,Yes,3,2,4,6.5,0
C101052,Female,27,68,Month-to-Month,Credit Card,80.13,5369.27,Fiber Optic,No,No,1,1,5,7.4,0
C101053,Female,31,47,Month-to-Month,Electronic Check,98.61,4380.12,Fiber Optic,Yes,No,1,1,27,5.8,0
C101054,Female,35,35,Month-to-Month,Electronic Check,108.67,4046.55,Fiber Optic,Yes,Yes,2,2,6,6.2,0
C101055,Male,51,7,Two Year,UPI,75.47,511.74,Fiber Optic,No,No,3,2,11,5.2,0
C101056,Female,24,56,Month-to-Month,,100.02,5382.24,Fiber Optic,No,No,2,3,18,5.3,1
C101057,Male,34,52,Two Year,Credit Card,76.01,3997.81,Fiber Optic,Yes,No,2,1,16,5.9,0
C101058,Male,49,46,Month-to-Month,UPI,107.17,5201.71,Fiber Optic,No,Yes,1,2,19,6.3,1
C101059,Female,34,9,Month-to-Month,Bank Transfer,61.95,555.47,Fiber Optic,Yes,No,1,1,9,6.3,0
C101060,Female,44,58,One Year,Electronic Check,95.47,5193.64,Fiber Optic,No,Yes,1,1,2,5.8,0
C101061,Female,36,23,Month-to-Month,Bank Transfer,84.73,1932.57,DSL,No,Yes,3,2,3,6.4,0
C101062,Female,41,3,Month-to-Month,UPI,92.87,260.73,DSL,Yes,Yes,1,4,36,6.2,1
C101063,Male,35,61,Month-to-Month,Bank Transfer,81.25,4697.62,DSL,Yes,Yes,1,4,6,8.2,0
C101064,Male,46,9,Month-to-Month,Electronic Check,85.68,763.26,Fiber Optic,Yes,Yes,2,4,19,6.1,1
C101065,Female,19,53,Month-to-Month,Electronic Check,54.67,2718.76,DSL,No,Yes,1,2,16,6.6,0
C101066,Male,34,68,Month-to-Month,Electronic Check,79.61,5560.81,Fiber Optic,Yes,No,1,1,19,5.9,1
C101067,Male,42,49,Month-to-Month,Credit Card,71.29,3517.73,Fiber Optic,No,No,1,4,17,5.7,1
C101068,Male,44,70,Month-to-Month,Credit Card,100.95,6889.27,No Internet,No,Yes,3,1,15,6.6,0
C101069,Male,56,48,One Year,Credit Card,102.88,4668.86,Fiber Optic,Yes,Yes,1,5,8,5.1,0
C101070,Male,33,7,Month-to-Month,Credit Card,38.24,268.24,DSL,No,Yes,2,3,17,5.3,1
C101071,Male,56,31,One Year,Credit Card,115.12,3739.08,No Internet,No,No,1,5,3,6.0,0
C101072,Male,30,56,Month-to-Month,Credit Card,95.15,5540.92,DSL,Yes,Yes,2,4,6,6.6,0
C101073,Male,54,61,One Year,Electronic Check,84.14,5520.52,Fiber Optic,Yes,Yes,6,0,1,5.9,0
C101074,Female,48,5,One Year,Credit Card,93.44,467.23,DSL,No,Yes,0,4,10,5.9,0
C101075,Male,27,30,One Year,UPI,67.92,2080.47,Fiber Optic,Yes,Yes,2,3,30,4.8,1
C101076,Male,42,22,One Year,Bank Transfer,61.18,,No Internet,No,Yes,1,3,12,5.8,1
C101077,Female,37,17,Month-to-Month,Credit Card,43.61,773.62,DSL,No,No,2,1,24,4.2,1
C101078,Male,46,10,Month-to-Month,Electronic Check,78.48,784.81,DSL,Yes,Yes,1,3,10,7.7,0
C101079,Female,35,71,One Year,Electronic Check,97.03,6858.95,DSL,No,No,0,1,13,7.3,0
C101080,Female,34,68,Month-to-Month,Bank Transfer,95.9,6311.28,Fiber Optic,No,No,2,3,5,5.6,0
C101081,Male,54,42,Month-to-Month,Credit Card,77.6,3164.43,DSL,No,No,1,3,12,5.7,0
C101082,Male,37,27,Month-to-Month,Electronic Check,93.49,2406.1,Fiber Optic,Yes,Yes,2,1,4,5.3,1
C101083,Female,48,7,Month-to-Month,Electronic Check,127.3,954.62,Fiber Optic,No,No,2,6,5,7.0,1
C101084,Female,35,23,One Year,Credit Card,107.36,2365.75,DSL,No,Yes,3,1,28,4.9,1
C101085,Male,58,8,Month-to-Month,Electronic Check,67.0,496.43,Fiber Optic,Yes,No,1,4,4,5.9,0
C101086,Female,30,8,Month-to-Month,UPI,46.86,370.24,DSL,Yes,No,0,2,24,6.2,0
C101087,Male,31,5,Two Year,Electronic Check,90.4,485.88,Fiber Optic,No,Yes,0,2,5,6.2,0
C101088,Female,56,71,Month-to-Month,UPI,72.92,4788.28,DSL,No,Yes,1,4,12,6.2,0
C101089,Male,33,2,Month-to-Month,Bank Transfer,97.0,186.5,DSL,No,No,2,4,24,7.4,0
C101090,Female,57,51,Two Year,Credit Card,65.0,3182.7,DSL,No,Yes,2,3,19,6.4,0
C101091,Female,49,66,Month-to-Month,Credit Card,101.54,6736.5,DSL,No,No,3,4,25,5.6,0
C101092,Female,36,12,Two Year,Credit Card,87.72,1095.84,No Internet,Yes,Yes,2,2,22,5.3,1
C101093,Male,18,47,Month-to-Month,Bank Transfer,67.65,3135.85,Fiber Optic,No,No,2,1,17,6.3,0
C101094,Male,38,55,Month-to-Month,Electronic Check,54.17,2897.74,DSL,No,Yes,1,2,6,4.3,0
C101095,Male,39,26,Month-to-Month,Electronic Check,78.38,1967.76,No Internet,No,No,1,3,4,7.3,0
C101096,Male,52,45,Month-to-Month,Credit Card,73.39,3523.2,Fiber Optic,No,No,0,2,20,7.3,0
C101097,Male,57,62,Two Year,Electronic Check,104.38,6927.81,Fiber Optic,No,No,0,0,10,6.8,0
C101098,Female,30,70,Two Year,Electronic Check,71.28,5053.25,DSL,Yes,No,3,5,39,5.5,0
C101099,Male,48,2,One Year,UPI,25.33,53.75,Fiber Optic,No,Yes,2,1,7,6.1,0
C101100,Male,47,26,Month-to-Month,UPI,85.29,2390.58,Fiber Optic,Yes,No,0,1,11,7.6,0
C101101,Female,51,14,Two Year,UPI,48.75,689.68,Fiber Optic,No,No,1,3,8,6.8,0
C101102,Female,44,57,One Year,Credit Card,66.36,3660.11,Fiber Optic,No,No,2,2,8,7.7,0
C101103,Female,18,32,Month-to-Month,Electronic Check,50.28,1566.75,DSL,No,Yes,2,3,7,7.9,0
C101104,Female,36,62,Two Year,Electronic Check,70.8,4468.51,No Internet,No,No,3,4,21,5.6,0
C101105,Male,24,30,Two Year,UPI,38.91,1145.09,DSL,No,No,0,2,3,6.9,0
C101106,Male,36,13,One Year,UPI,57.36,746.86,Fiber Optic,No,No,3,0,3,5.3,1
C101107,Female,50,40,Month-to-Month,Credit Card,108.43,4149.63,DSL,No,Yes,1,1,2,7.8,0
C101108,Female,42,31,Two Year,Bank Transfer,82.37,2755.15,DSL,Yes,Yes,2,2,7,6.2,0
C101109,Male,52,37,Month-to-Month,UPI,71.8,2525.67,DSL,No,Yes,0,1,13,7.4,0
C101110,Female,42,45,One Year,Bank Transfer,59.43,2851.51,No Internet,Yes,No,0,3,17,7.0,0
C101111,Male,22,59,Month-to-Month,UPI,53.55,3345.94,No Internet,No,No,0,5,23,9.0,0
C101112,Male,18,28,Two Year,Electronic Check,125.63,3692.34,Fiber Optic,No,No,1,0,4,6.4,1
C101113,Female,40,61,Month-to-Month,Credit Card,66.04,4310.14,DSL,No,No,1,2,33,6.9,1
C101114,Female,35,19,Month-to-Month,Bank Transfer,46.86,933.89,Fiber Optic,Yes,Yes,0,3,1,7.9,0
C101115,Female,26,43,Month-to-Month,Bank Transfer,58.58,2459.51,DSL,No,Yes,2,3,37,6.3,1
C101116,Male,18,59,Month-to-Month,UPI,108.74,6076.48,Fiber Optic,No,No,0,1,14,9.4,0
C101117,Female,29,16,Two Year,UPI,110.1,1762.67,DSL,No,Yes,2,0,1,7.9,0
C101118,Male,36,69,Two Year,Electronic Check,44.59,2833.26,Fiber Optic,Yes,No,1,1,14,7.7,0
C101119,Male,46,44,Month-to-Month,Electronic Check,70.96,3346.5,Fiber Optic,No,Yes,1,3,15,6.4,1
C101120,Female,40,66,Month-to-Month,Bank Transfer,60.28,4205.2,Fiber Optic,No,Yes,3,4,12,6.6,0
C101121,Female,57,10,Month-to-Month,Electronic Check,42.51,446.94,No Internet,Yes,Yes,4,2,9,4.2,0
C101122,Female,26,47,Month-to-Month,Electronic Check,102.13,4690.52,Fiber Optic,Yes,Yes,4,2,14,6.4,1
C101123,Female,49,19,Two Year,Bank Transfer,89.4,1593.92,Fiber Optic,Yes,No,1,2,13,7.7,0
C101124,Female,39,51,One Year,Credit Card,74.31,3917.83,DSL,No,Yes,2,2,21,5.8,0
C101125,Female,46,13,Month-to-Month,UPI,70.67,940.48,DSL,Yes,Yes,1,4,10,6.9,0
C101126,Male,33,63,Month-to-Month,Credit Card,86.28,5716.79,DSL,Yes,No,1,2,37,5.2,1
C101127,Male,51,16,One Year,Credit Card,94.82,1519.41,Fiber Optic,No,No,0,0,9,7.7,0
C101128,Male,42,53,Month-to-Month,Electronic Check,89.67,4487.41,Fiber Optic,Yes,No,2,2,7,5.6,1
C101129,Male,30,35,Month-to-Month,Bank Transfer,96.44,3547.01,Fiber Optic,No,Yes,0,2,11,7.7,0
C101130,Female,38,59,Month-to-Month,Bank Transfer,141.07,8592.53,Fiber Optic,No,Yes,1,0,17,7.5,0
C101131,Male,35,39,Month-to-Month,Electronic Check,49.27,2062.32,DSL,Yes,Yes,1,1,29,6.2,0
C101132,Male,44,67,Month-to-Month,Electronic Check,55.69,3486.33,No Internet,Yes,Yes,0,2,6,6.6,0
C101133,Male,24,61,Two Year,Electronic Check,97.81,6049.25,DSL,Yes,Yes,1,3,16,6.2,0
C101134,Female,38,50,Month-to-Month,Bank Transfer,105.96,5413.69,Fiber Optic,No,No,1,5,6,5.1,0
C101135,Male,43,53,Two Year,Electronic Check,149.18,8538.93,Fiber Optic,Yes,No,3,3,9,6.9,1
C101136,Female,38,46,Month-to-Month,Electronic Check,68.46,3316.67,Fiber Optic,Yes,No,0,1,4,7.7,0
C101137,Male,54,52,One Year,Electronic Check,106.6,5376.96,Fiber Optic,No,Yes,0,6,2,6.5,0
C101138,Male,47,29,Month-to-Month,UPI,75.73,2186.61,DSL,No,Yes,1,2,7,8.3,0
C101139,Female,38,5,Month-to-Month,Electronic Check,95.84,468.27,DSL,No,Yes,1,2,4,6.7,0
C101140,Female,41,67,Month-to-Month,Electronic Check,43.71,3124.36,Fiber Optic,No,Yes,1,2,8,5.7,0
C101141,Male,42,40,One Year,Electronic Check,83.34,,Fiber Optic,Yes,No,1,2,18,6.7,0
C101142,Female,43,72,One Year,Credit Card,71.88,5508.07,DSL,Yes,No,1,4,17,6.4,0
C101143,Female,18,2,Two Year,Bank Transfer,68.1,133.19,Fiber Optic,No,Yes,2,0,3,8.1,0
C101144,Male,34,68,Month-to-Month,Credit Card,81.94,5286.42,No Internet,Yes,No,1,2,15,8.9,0
C101145,Female,20,62,Month-to-Month,Credit Card,53.08,3312.82,DSL,No,No,2,0,14,8.0,0
C101146,Female,53,58,Month-to-Month,UPI,86.13,5384.91,Fiber Optic,Yes,No,2,2,7,6.5,1
C101147,Female,37,69,Month-to-Month,Bank Transfer,81.12,5712.34,Fiber Optic,No,Yes,1,1,11,5.2,0
C101148,Female,36,58,Month-to-Month,Credit Card,63.24,3406.78,DSL,No,No,2,3,25,4.9,0
C101149,Female,49,35,Two Year,Electronic Check,90.24,2922.79,Fiber Optic,No,No,1,0,14,9.1,0
C101150,Female,43,14,Month-to-Month,Bank Transfer,89.1,1233.36,No Internet,Yes,Yes,0,4,37,6.9,1
C101151,Female,24,15,Two Year,Bank Transfer,78.33,1087.97,Fiber Optic,No,Yes,0,4,17,7.4,0
C101152,Female,37,6,Month-to-Month,UPI,61.4,345.09,No Internet,No,Yes,1,2,4,6.9,0
C101153,Female,34,16,Month-to-Month,UPI,71.39,1188.56,DSL,No,No,1,1,6,7.9,0
C101154,Female,18,46,One Year,Credit Card,99.14,4748.89,Fiber Optic,Yes,Yes,1,1,11,7.4,0
C101155,Female,30,63,Month-to-Month,Electronic Check,93.97,5621.45,No Internet,Yes,Yes,1,1,18,7.6,0
C101156,Male,36,12,Two Year,Electronic Check,73.39,930.15,Fiber Optic,No,No,0,4,8,6.1,0
C101157,Female,37,41,Two Year,UPI,61.22,2379.73,Fiber Optic,Yes,No,1,1,3,8.3,0
C101158,Female,20,19,One Year,Bank Transfer,66.95,1325.83,No Internet,No,No,1,2,4,7.9,0
C101159,Male,52,2,Two Year,Credit Card,76.14,154.78,DSL,Yes,No,2,2,15,6.6,0
C101160,Female,37,20,Month-to-Month,Bank Transfer,28.09,593.84,DSL,No,No,1,1,6,6.3,0
C101161,Male,38,9,Month-to-Month,Credit Card,87.01,814.84,Fiber Optic,No,Yes,3,6,9,3.8,1
C101162,Male,43,21,Two Year,Bank Transfer,50.1,967.99,DSL,No,No,1,0,28,4.8,0
C101163,Female,29,8,Month-to-Month,Electronic Check,72.52,539.39,DSL,Yes,Yes,1,2,16,7.6,1
C101164,Male,43,39,Month-to-Month,Credit Card,71.42,2576.89,No Internet,No,Yes,2,3,10,6.7,1
C101165,Female,34,37,Month-to-Month,Electronic Check,65.53,2554.0,DSL,No,Yes,2,4,3,6.8,0
C101166,Female,27,29,Month-to-Month,Bank Transfer,65.11,1917.17,No Internet,No,No,1,2,8,6.2,0
C101167,Male,45,35,One Year,Credit Card,100.57,3783.52,No Internet,No,No,1,2,19,7.3,0
C101168,Male,56,38,Month-to-Month,Bank Transfer,68.13,2542.75,DSL,Yes,No,2,2,23,4.7,0
C101169,Male,47,35,Month-to-Month,UPI,146.86,4875.99,DSL,No,Yes,2,4,5,6.5,0
C101170,Female,49,68,Month-to-Month,Bank Transfer,72.45,4800.51,Fiber Optic,No,No,0,3,10,7.3,0
C101171,Female,32,3,Month-to-Month,Credit Card,63.43,183.31,Fiber Optic,Yes,Yes,3,0,11,8.1,0
C101172,Female,19,12,Two Year,Electronic Check,97.29,1232.59,DSL,Yes,No,1,0,7,7.2,0
C101173,Male,56,32,One Year,Electronic Check,52.72,1623.88,DSL,Yes,No,4,0,26,3.7,1
C101174,Female,63,47,Month-to-Month,UPI,78.79,3485.94,Fiber Optic,No,Yes,3,5,24,4.8,1
C101175,Female,57,63,Month-to-Month,Bank Transfer,31.03,1902.65,DSL,No,Yes,1,2,12,7.8,0
C101176,Female,34,26,Month-to-Month,Credit Card,79.86,2175.27,Fiber Optic,Yes,No,2,2,17,4.5,1
C101177,Male,24,43,Month-to-Month,Electronic Check,121.81,5154.6,DSL,Yes,No,2,2,19,5.8,0
C101178,Female,25,44,One Year,Bank Transfer,90.88,4072.39,DSL,No,Yes,0,2,5,7.5,0
C101179,Female,18,38,Month-to-Month,Credit Card,86.37,3127.4,Fiber Optic,No,Yes,1,4,24,5.3,1
C101180,Female,37,29,Month-to-Month,Credit Card,61.08,1650.97,DSL,Yes,No,2,3,16,6.5,0
C101181,Male,57,55,One Year,Electronic Check,58.5,3080.57,Fiber Optic,No,Yes,1,2,30,7.6,0
C101182,Female,36,52,One Year,Electronic Check,125.04,6834.8,DSL,Yes,Yes,4,8,15,5.1,0
C101183,Female,42,19,One Year,Electronic Check,39.45,772.1,Fiber Optic,No,No,5,5,15,3.5,0
C101184,Male,55,35,One Year,Bank Transfer,98.41,3214.08,DSL,No,Yes,0,1,1,7.7,0
C101185,Female,33,48,Month-to-Month,Electronic Check,73.66,3374.31,DSL,No,No,0,3,17,7.9,0
C101186,Female,62,60,Month-to-Month,Electronic Check,96.47,5539.58,Fiber Optic,No,Yes,3,2,13,4.5,1
C101187,Male,62,31,Month-to-Month,Credit Card,116.47,3484.53,DSL,No,Yes,2,0,11,4.8,1
C101188,Male,36,3,Month-to-Month,Bank Transfer,54.3,167.07,DSL,No,Yes,1,1,35,7.0,0
C101189,Female,31,35,Month-to-Month,Electronic Check,85.84,2843.4,DSL,Yes,No,1,2,6,8.3,0
C101190,Male,46,52,One Year,Credit Card,49.82,2432.34,DSL,No,Yes,0,2,10,6.7,0
C101191,Female,34,71,One Year,Electronic Check,129.31,9199.21,No Internet,No,Yes,0,4,14,6.9,0
C101192,Male,24,51,Month-to-Month,Bank Transfer,76.77,3806.9,DSL,No,Yes,0,3,10,7.4,1
C101193,Female,53,56,Month-to-Month,UPI,50.51,2702.75,No Internet,Yes,Yes,2,0,14,6.1,1
C101194,Male,53,21,One Year,UPI,69.19,1377.22,DSL,Yes,No,1,1,20,5.5,0
C101195,Female,40,1,Month-to-Month,Bank Transfer,98.16,94.41,Fiber Optic,No,Yes,1,1,22,10.0,0
C101196,Female,23,53,Month-to-Month,Bank Transfer,128.36,6300.71,Fiber Optic,No,Yes,0,2,11,7.9,0
C101197,Female,23,6,One Year,Bank Transfer,82.52,480.23,Fiber Optic,No,Yes,1,1,10,6.6,0
C101198,Female,39,62,Month-to-Month,UPI,74.09,4507.76,Fiber Optic,Yes,Yes,4,3,12,3.7,0
C101199,Male,32,47,Month-to-Month,UPI,113.02,5078.83,Fiber Optic,No,Yes,5,1,11,5.7,0
C101200,Female,34,50,Month-to-Month,Credit Card,85.3,4364.13,Fiber Optic,No,No,0,2,16,6.4,0
C101201,Male,50,31,Two Year,Bank Transfer,88.84,2912.15,Fiber Optic,No,Yes,2,1,5,7.2,0
C101202,Male,47,64,Two Year,Electronic Check,90.28,5998.71,Fiber Optic,No,No,0,3,13,6.8,0
C101203,Male,55,29,Two Year,Bank Transfer,35.72,985.92,DSL,Yes,Yes,0,2,10,7.7,0
C101204,Male,26,15,Month-to-Month,Bank Transfer,81.49,1150.12,Fiber Optic,Yes,No,1,7,25,5.3,1
C101205,Female,34,58,One Year,UPI,70.96,4395.14,Fiber Optic,No,No,0,0,5,9.0,0
C101206,Female,47,23,Two Year,UPI,64.59,1474.73,DSL,No,Yes,2,3,19,6.2,1
C101207,Male,43,38,Month-to-Month,Credit Card,79.85,3211.08,No Internet,Yes,No,1,2,4,5.7,0
C101208,Male,56,41,Month-to-Month,UPI,25.0,1049.88,DSL,No,No,1,1,6,6.6,0
C101209,Female,43,15,One Year,UPI,50.67,788.04,DSL,Yes,No,1,2,30,6.6,1
C101210,Male,60,3,Two Year,UPI,84.78,241.92,Fiber Optic,No,No,4,1,12,6.8,0
C101211,Male,44,1,Two Year,Bank Transfer,95.08,99.54,Fiber Optic,No,No,2,3,10,8.0,0
C101212,Male,51,11,Month-to-Month,Credit Card,76.75,831.19,No Internet,No,Yes,1,1,6,8.3,0
C101213,Female,34,60,Two Year,Credit Card,50.1,2943.33,DSL,No,Yes,0,0,12,7.2,0
C101214,Female,38,65,Month-to-Month,Electronic Check,65.65,4346.45,DSL,No,No,0,4,18,9.3,0
C101215,Male,49,4,Month-to-Month,Credit Card,110.95,427.96,Fiber Optic,Yes,Yes,2,2,10,6.5,1
C101216,Male,57,25,Two Year,Electronic Check,113.61,2735.59,Fiber Optic,No,Yes,2,3,29,6.7,0
C101217,Female,47,72,Two Year,UPI,77.86,5227.82,Fiber Optic,Yes,Yes,2,1,3,8.9,0
C101218,Female,37,43,One Year,Bank Transfer,52.02,2199.75,DSL,No,Yes,1,2,10,8.1,0
C101219,Male,55,40,Two Year,UPI,112.84,4593.13,No Internet,No,No,2,3,12,7.9,0
C101220,Female,18,44,One Year,Credit Card,135.39,5732.27,No Internet,Yes,Yes,0,1,6,8.0,0
C101221,Male,21,72,Month-to-Month,Electronic Check,85.93,6577.84,DSL,Yes,No,5,3,2,7.4,0
C101222,Male,46,59,Two Year,Electronic Check,73.16,4644.69,DSL,No,No,1,5,5,7.0,0
C101223,Female,38,23,Two Year,Credit Card,57.69,1251.6,Fiber Optic,No,No,2,1,22,7.1,0
C101224,Male,45,62,Month-to-Month,UPI,88.99,5539.63,Fiber Optic,No,No,1,0,23,7.2,1
C101225,Female,39,23,Month-to-Month,Bank Transfer,80.19,1785.87,DSL,Yes,Yes,0,2,8,9.5,0
C101226,Male,45,58,Month-to-Month,Credit Card,56.48,3220.04,DSL,No,No,0,1,27,8.6,0
C101227,Male,28,55,Two Year,Credit Card,56.83,3097.36,DSL,No,No,1,3,21,7.7,0
C101228,Female,45,33,One Year,UPI,73.67,2411.95,Fiber Optic,No,Yes,4,2,12,7.7,0
C101229,Male,50,63,Two Year,Electronic Check,105.84,6537.21,DSL,No,Yes,1,4,5,7.4,0
C101230,Female,53,60,Month-to-Month,UPI,84.41,4948.77,DSL,Yes,No,1,4,17,7.2,0
C101231,Male,62,61,One Year,Bank Transfer,101.56,5775.97,DSL,No,No,0,1,7,7.8,0
C101232,Male,41,61,Two Year,UPI,70.73,4237.52,No Internet,No,No,2,1,17,6.4,0
C101233,Male,41,69,Month-to-Month,Credit Card,80.36,5978.22,DSL,No,No,2,2,26,5.1,1
C101234,Female,20,21,One Year,Electronic Check,79.76,1663.83,Fiber Optic,Yes,No,1,4,13,8.3,0
C101235,Male,32,3,Month-to-Month,Credit Card,50.83,149.32,DSL,No,Yes,2,3,12,5.6,0
C101236,Female,36,48,One Year,Electronic Check,89.62,4481.54,DSL,No,Yes,2,2,23,4.5,1
C101237,Male,51,10,One Year,UPI,59.28,629.81,DSL,No,No,1,6,9,6.3,0
C101238,Female,31,42,Two Year,Bank Transfer,88.1,3796.35,No Internet,Yes,Yes,2,2,6,4.2,0
C101239,Male,48,66,Month-to-Month,Electronic Check,54.03,3486.19,Fiber Optic,No,Yes,0,2,22,7.1,0
C101240,Female,38,46,Month-to-Month,Electronic Check,102.36,4636.27,Fiber Optic,No,No,1,1,12,7.1,0
C101241,Female,36,9,Two Year,UPI,85.92,763.2,DSL,Yes,No,3,3,5,5.0,1
C101242,Female,41,49,Month-to-Month,UPI,69.78,3202.2,Fiber Optic,No,Yes,1,1,32,6.5,0
C101243,Female,33,4,Month-to-Month,Bank Transfer,92.88,373.73,Fiber Optic,No,Yes,1,2,9,7.8,1
C101244,Female,33,60,Month-to-Month,Credit Card,75.23,4286.6,No Internet,No,No,1,0,6,6.0,0
C101245,Female,18,29,Month-to-Month,UPI,132.83,3955.67,Fiber Optic,No,Yes,1,2,3,8.4,1
C101246,Male,35,47,One Year,Electronic Check,82.62,4043.57,Fiber Optic,Yes,Yes,3,3,14,6.4,1
C101247,Male,32,63,One Year,Electronic Check,93.24,5956.72,Fiber Optic,No,Yes,0,1,12,7.6,0
C101248,Female,32,31,One Year,Credit Card,62.11,1857.17,Fiber Optic,No,Yes,2,2,6,6.9,0
C101249,Female,43,51,One Year,UPI,95.94,5143.75,Fiber Optic,No,Yes,0,3,9,7.0,0
C101250,Female,46,41,Month-to-Month,Bank Transfer,98.02,3827.13,DSL,Yes,No,0,4,26,6.6,0
C101251,Male,41,36,Month-to-Month,Electronic Check,112.71,3874.89,Fiber Optic,No,Yes,2,1,11,6.9,1
C101252,Male,50,40,Two Year,Bank Transfer,82.76,3118.05,DSL,Yes,Yes,3,3,16,4.8,0
C101253,Male,45,60,Month-to-Month,Bank Transfer,94.3,5893.01,Fiber Optic,Yes,Yes,1,1,5,8.0,0
C101254,Female,34,15,Month-to-Month,Credit Card,91.77,1386.37,Fiber Optic,No,No,2,3,4,7.4,0
C101255,Male,32,30,One Year,UPI,86.84,2442.52,DSL,No,Yes,0,1,8,8.3,0
C101256,Male,42,30,Month-to-Month,Bank Transfer,89.35,2719.49,Fiber Optic,Yes,No,5,3,10,4.1,0
C101257,Male,45,27,Month-to-Month,Electronic Check,38.96,1112.22,DSL,Yes,Yes,1,3,7,6.9,0
C101258,Male,55,40,Month-to-Month,UPI,96.79,3841.77,No Internet,Yes,Yes,0,2,15,7.5,0
C101259,Female,52,45,Two Year,Electronic Check,86.92,4118.24,Fiber Optic,No,No,1,4,18,,0
C101260,Male,32,47,Month-to-Month,UPI,73.99,3720.11,No Internet,No,Yes,2,4,4,6.4,0
C101261,Female,37,56,Month-to-Month,Credit Card,59.14,3188.16,Fiber Optic,No,Yes,1,1,2,7.7,0
C101262,Male,46,54,One Year,Bank Transfer,103.14,5626.88,Fiber Optic,No,No,2,3,21,5.1,0
C101263,Male,51,9,Two Year,UPI,123.31,1179.27,DSL,Yes,Yes,0,1,14,7.4,1
C101264,Male,49,65,Month-to-Month,Credit Card,116.72,7720.01,Fiber Optic,Yes,Yes,1,3,1,5.8,0
C101265,Male,37,70,Month-to-Month,Credit Card,77.33,5357.37,Fiber Optic,No,Yes,0,2,10,8.2,0
C101266,Male,23,1,Month-to-Month,UPI,46.74,47.46,Fiber Optic,No,No,1,2,13,7.2,0
C101267,Male,26,13,Month-to-Month,Electronic Check,44.58,602.43,DSL,No,No,0,3,8,7.3,1
C101268,Female,41,38,One Year,Electronic Check,79.9,2926.73,DSL,Yes,Yes,1,1,4,7.7,0
C101269,Male,42,45,Month-to-Month,Bank Transfer,100.75,4274.77,Fiber Optic,No,Yes,1,5,9,6.7,0
C101270,Female,25,40,Month-to-Month,Electronic Check,106.1,4033.24,Fiber Optic,Yes,No,0,0,11,7.7,0
C101271,Female,39,15,One Year,Electronic Check,84.48,1313.28,DSL,No,Yes,0,4,9,7.6,1
C101272,Female,46,50,One Year,UPI,67.83,3180.52,Fiber Optic,No,No,1,1,33,7.9,0
C101273,Male,24,2,Two Year,Bank Transfer,90.96,176.78,Fiber Optic,No,Yes,0,4,5,7.2,0
C101274,Male,51,53,One Year,UPI,61.03,3407.32,DSL,No,No,2,1,4,8.5,0
C101275,Male,33,26,Month-to-Month,UPI,99.23,2738.97,Fiber Optic,Yes,Yes,1,2,13,7.0,1
C101276,Male,53,66,Two Year,Electronic Check,106.12,7528.35,Fiber Optic,Yes,No,1,1,12,7.9,0
C101277,Female,32,33,Month-to-Month,UPI,70.37,2362.46,No Internet,No,Yes,2,2,15,,0
C101278,Male,26,59,Month-to-Month,UPI,91.07,5148.7,Fiber Optic,No,No,0,2,14,7.7,0
C101279,Male,33,26,One Year,Electronic Check,76.89,2051.99,DSL,No,Yes,1,5,37,4.1,1
C101280,Female,37,21,Month-to-Month,UPI,73.09,1458.53,No Internet,No,Yes,4,2,5,6.1,0
C101281,Female,33,49,Month-to-Month,Credit Card,71.71,3367.94,Fiber Optic,No,No,2,3,19,5.7,1
C101282,Female,35,71,Two Year,UPI,94.04,7134.85,DSL,No,Yes,1,2,15,6.8,0
C101283,Male,42,71,One Year,UPI,103.57,6776.66,No Internet,No,Yes,1,1,11,6.3,0
C101284,Male,36,66,Two Year,Credit Card,85.84,5710.21,DSL,No,No,1,0,9,7.5,0
C101285,Male,37,37,Two Year,Credit Card,82.68,2842.98,DSL,No,No,5,1,34,4.9,0
C101286,Male,18,14,Month-to-Month,Electronic Check,88.12,1178.96,Fiber Optic,No,No,0,3,13,6.1,1
C101287,Male,43,72,One Year,Credit Card,58.91,4142.4,DSL,No,Yes,2,0,6,5.9,0
C101288,Male,37,7,Two Year,Electronic Check,121.61,797.95,Fiber Optic,Yes,Yes,0,2,18,9.4,0
C101289,Male,57,38,Month-to-Month,UPI,78.45,2759.1,DSL,Yes,Yes,0,4,20,7.8,0
C101290,Male,27,45,One Year,Bank Transfer,71.65,3149.71,DSL,No,No,2,1,2,6.8,1
C101291,Male,18,22,One Year,UPI,107.33,2365.75,Fiber Optic,No,Yes,1,2,2,7.2,1
C101292,Female,45,44,Month-to-Month,Credit Card,89.55,4133.61,Fiber Optic,No,Yes,2,1,18,5.4,0
C101293,Female,42,35,Month-to-Month,Electronic Check,88.59,3020.27,Fiber Optic,Yes,Yes,0,0,8,6.1,0
C101294,Female,26,60,Month-to-Month,Credit Card,51.71,3008.75,DSL,No,No,0,4,31,6.4,0
C101295,Male,20,3,Month-to-Month,Credit Card,71.82,198.62,Fiber Optic,No,Yes,0,2,25,7.1,1
C101296,Male,56,67,Month-to-Month,Electronic Check,75.96,5184.57,DSL,No,Yes,1,5,14,6.3,0
C101297,Male,55,72,Two Year,Bank Transfer,112.85,8470.53,Fiber Optic,Yes,No,1,3,4,6.7,0
C101298,Female,18,55,Month-to-Month,UPI,65.7,3326.5,Fiber Optic,No,Yes,3,4,12,4.8,0
C101299,Female,33,9,Month-to-Month,Bank Transfer,55.45,459.58,DSL,Yes,Yes,1,1,20,9.1,0
C101300,Male,58,69,Month-to-Month,Electronic Check,55.74,4071.3,No Internet,No,No,1,1,28,7.9,0
C101301,Female,32,28,Two Year,UPI,100.14,,Fiber Optic,No,No,2,1,11,5.8,1
C101302,Male,32,15,Month-to-Month,Credit Card,83.9,1263.72,Fiber Optic,No,Yes,1,4,13,7.8,0
C101303,Female,35,31,One Year,Electronic Check,70.81,2250.94,Fiber Optic,Yes,Yes,2,1,5,6.2,0
C101304,Female,25,59,One Year,UPI,94.64,5713.03,DSL,Yes,Yes,1,0,14,7.5,0
C101305,Female,18,54,One Year,Electronic Check,58.82,3206.41,DSL,No,Yes,0,1,19,7.1,0
C101306,Female,51,68,Month-to-Month,Electronic Check,87.09,5638.44,Fiber Optic,Yes,No,0,2,19,6.6,0
C101307,Female,18,47,Month-to-Month,Credit Card,46.36,2268.67,No Internet,No,No,2,4,32,5.6,0
C101308,Male,41,42,Month-to-Month,Electronic Check,121.17,5145.22,Fiber Optic,Yes,Yes,1,1,8,6.3,1
C101309,Female,49,23,Month-to-Month,Electronic Check,100.28,2240.77,DSL,No,No,2,3,5,5.6,0
C101310,Male,21,65,Month-to-Month,Bank Transfer,90.38,6055.48,Fiber Optic,Yes,Yes,2,2,9,6.5,0
C101311,Female,27,54,One Year,UPI,124.98,6372.2,Fiber Optic,No,Yes,0,2,6,7.8,0
C101312,Female,53,11,Month-to-Month,Bank Transfer,76.25,820.87,Fiber Optic,Yes,Yes,2,2,22,6.1,1
C101313,Female,44,63,Month-to-Month,Electronic Check,55.25,3312.64,No Internet,Yes,Yes,0,2,7,7.6,0
C101314,Male,31,22,One Year,UPI,118.3,2544.54,Fiber Optic,No,No,2,3,17,6.8,0
C101315,Female,52,54,Month-to-Month,UPI,68.63,3738.06,Fiber Optic,Yes,Yes,2,0,17,6.7,0
C101316,Female,52,36,Month-to-Month,Electronic Check,77.96,2788.03,DSL,No,Yes,6,8,15,1.2,1
C101317,Female,41,58,Two Year,Credit Card,126.63,7427.95,DSL,No,No,0,0,11,7.2,0
C101318,Male,27,20,Month-to-Month,Credit Card,74.39,1440.89,Fiber Optic,No,Yes,0,3,22,6.3,1
C101319,Male,33,16,Month-to-Month,Bank Transfer,79.05,1181.83,No Internet,Yes,Yes,2,5,4,4.3,0
C101320,Male,41,56,Month-to-Month,UPI,106.54,5598.28,Fiber Optic,Yes,No,0,2,16,9.7,1
C101321,Male,36,50,Two Year,UPI,103.43,5058.22,Fiber Optic,No,Yes,2,3,17,6.1,0
C101322,Female,49,66,One Year,Credit Card,62.61,4079.14,Fiber Optic,No,Yes,2,1,10,5.0,1
C101323,Male,20,13,Month-to-Month,Electronic Check,100.17,1348.23,DSL,Yes,Yes,2,3,4,7.8,0
C101324,Female,20,15,One Year,Credit Card,73.39,1064.18,No Internet,No,Yes,2,4,8,6.6,0
C101325,Male,40,27,Month-to-Month,Credit Card,102.0,2846.6,Fiber Optic,No,No,0,2,20,6.0,0
C101326,Male,32,8,Month-to-Month,Credit Card,47.15,383.75,No Internet,Yes,Yes,0,2,15,7.0,1
C101327,Female,30,70,One Year,UPI,120.08,8115.81,DSL,No,No,1,2,15,7.3,0
C101328,Female,18,50,Month-to-Month,Electronic Check,67.87,3651.82,DSL,No,No,0,2,7,7.1,1
C101329,Male,38,67,Month-to-Month,Credit Card,101.38,6539.53,Fiber Optic,No,Yes,1,1,14,6.6,0
C101330,Female,37,26,Month-to-Month,Electronic Check,54.41,1421.45,No Internet,No,No,0,3,12,7.3,0
C101331,Female,46,36,Two Year,UPI,42.24,1603.66,DSL,Yes,Yes,2,1,12,7.1,0
C101332,Male,39,21,Two Year,UPI,70.45,1412.51,DSL,Yes,Yes,0,2,8,6.4,0
C101333,Female,36,52,One Year,UPI,108.64,5258.68,Fiber Optic,Yes,Yes,0,5,12,6.6,0
C101334,Female,52,11,Two Year,Credit Card,105.2,1155.18,Fiber Optic,No,No,3,1,7,5.0,0
C101335,Female,22,8,One Year,Electronic Check,65.58,534.53,DSL,No,Yes,0,2,13,8.1,0
C101336,Male,44,57,Two Year,Credit Card,119.86,6422.42,Fiber Optic,Yes,No,0,2,7,,0
C101337,Female,18,46,Month-to-Month,Bank Transfer,66.26,2856.42,Fiber Optic,No,Yes,1,0,5,7.0,0
C101338,Male,28,2,One Year,Electronic Check,83.02,154.93,Fiber Optic,No,Yes,2,2,4,6.0,0
C101339,Male,23,64,Two Year,UPI,99.55,6531.7,Fiber Optic,No,Yes,1,5,22,4.4,0
C101340,Male,47,52,Two Year,UPI,50.74,2821.71,DSL,Yes,No,5,2,22,4.2,0
C101341,Male,37,65,Month-to-Month,Electronic Check,25.0,1735.41,DSL,Yes,No,0,1,11,8.3,0
C101342,Female,38,11,Month-to-Month,Credit Card,102.63,1184.66,Fiber Optic,No,No,1,1,16,6.7,0
C101343,Female,25,6,Two Year,Bank Transfer,77.88,457.87,No Internet,Yes,No,2,0,12,6.9,0
C101344,Female,34,64,One Year,Electronic Check,81.87,5299.48,DSL,No,Yes,2,6,1,5.8,0
C101345,Male,29,55,Two Year,Electronic Check,52.43,3114.28,DSL,No,No,2,0,27,6.8,0
C101346,Male,43,44,One Year,Bank Transfer,75.34,3491.73,DSL,No,No,5,4,4,5.9,1
C101347,Male,26,14,Two Year,UPI,76.81,1004.22,Fiber Optic,No,Yes,4,3,2,5.4,0
C101348,Female,54,5,Month-to-Month,UPI,61.85,284.62,No Internet,No,Yes,2,1,26,4.9,1
C101349,Male,18,25,Month-to-Month,Electronic Check,103.07,2529.12,DSL,No,Yes,1,2,2,6.4,0
C101350,Female,28,50,One Year,UPI,69.81,3226.31,Fiber Optic,No,Yes,2,0,10,8.1,0
C101351,Female,58,71,Two Year,Credit Card,78.47,5804.34,DSL,No,Yes,2,1,22,5.5,0
C101352,Male,33,2,One Year,Electronic Check,76.31,155.27,DSL,No,No,3,1,13,6.9,1
C101353,Female,22,10,Month-to-Month,Bank Transfer,63.29,649.33,No Internet,No,Yes,1,1,5,6.0,1
C101354,Male,41,2,One Year,UPI,75.7,161.67,Fiber Optic,No,No,0,4,3,7.3,0
C101355,Female,32,60,One Year,Electronic Check,91.92,5943.38,DSL,Yes,Yes,0,5,7,7.9,0
C101356,Female,28,45,Two Year,Electronic Check,111.25,4864.09,Fiber Optic,No,No,2,3,13,6.1,0
C101357,Male,25,8,Month-to-Month,Bank Transfer,88.47,666.95,Fiber Optic,No,Yes,1,2,12,6.8,1
C101358,Male,71,58,Month-to-Month,Electronic Check,95.27,5106.96,Fiber Optic,Yes,No,1,2,19,6.6,0
C101359,Female,35,7,Month-to-Month,UPI,77.13,571.96,Fiber Optic,No,Yes,0,1,19,6.5,1
C101360,Female,18,72,Month-to-Month,Bank Transfer,78.54,5464.04,Fiber Optic,No,Yes,1,2,13,7.1,0
C101361,Male,56,21,Two Year,UPI,65.58,1274.44,Fiber Optic,No,No,1,3,6,8.1,0
C101362,Female,45,47,Month-to-Month,Electronic Check,87.96,4198.32,DSL,No,Yes,0,4,4,7.7,0
C101363,Female,29,1,Two Year,UPI,67.87,66.8,Fiber Optic,No,No,1,1,44,7.7,0
C101364,Female,27,12,Two Year,Credit Card,73.86,938.91,Fiber Optic,No,No,0,1,13,7.9,0
C101365,Male,46,48,Month-to-Month,Electronic Check,83.17,3737.92,Fiber Optic,No,Yes,2,1,7,6.9,0
C101366,Female,35,4,Two Year,UPI,58.88,239.11,Fiber Optic,Yes,Yes,1,2,13,6.6,0
C101367,Female,18,34,Month-to-Month,Bank Transfer,62.26,2214.96,No Internet,No,Yes,2,1,11,6.6,0
C101368,Male,59,32,One Year,Electronic Check,89.99,3048.32,Fiber Optic,Yes,No,1,1,11,6.7,0
C101369,Male,33,3,Month-to-Month,Electronic Check,76.57,213.96,Fiber Optic,No,Yes,2,0,8,7.8,0
C101370,Female,56,68,Two Year,Electronic Check,126.84,9015.29,Fiber Optic,Yes,No,1,0,16,5.5,0
C101371,Male,53,57,One Year,UPI,95.66,5710.52,No Internet,No,No,0,1,25,8.1,0
C101372,Female,26,24,Two Year,UPI,107.72,2486.76,Fiber Optic,No,No,1,3,7,8.1,0
C101373,Male,50,33,One Year,Credit Card,63.04,2014.1,Fiber Optic,No,Yes,5,1,20,5.3,1
C101374,Male,30,3,Month-to-Month,Credit Card,64.8,207.48,No Internet,No,Yes,4,5,31,3.6,1
C101375,Female,18,4,Month-to-Month,Electronic Check,70.59,288.13,DSL,No,Yes,0,3,13,6.5,1
C101376,Male,33,30,Month-to-Month,Bank Transfer,77.5,2150.33,DSL,No,Yes,1,5,6,7.6,0
C101377,Male,43,70,Month-to-Month,Electronic Check,112.4,8268.44,No Internet,No,No,1,2,13,7.3,0
C101378,Male,32,49,Two Year,Credit Card,43.48,2291.01,DSL,No,Yes,0,2,9,8.0,0
C101379,Female,34,30,Month-to-Month,Bank Transfer,86.99,2572.41,Fiber Optic,No,Yes,2,1,12,5.2,1
C101380,Male,52,72,Two Year,UPI,76.88,5758.69,Fiber Optic,Yes,Yes,3,2,15,5.9,0
C101381,Male,39,16,Two Year,Bank Transfer,75.14,1245.25,DSL,No,No,0,1,21,8.5,0
C101382,Female,28,53,Month-to-Month,UPI,85.98,4485.31,Fiber Optic,Yes,No,4,0,12,5.2,1
C101383,Male,46,6,Month-to-Month,UPI,77.49,461.48,Fiber Optic,No,Yes,1,2,24,5.2,1
C101384,Female,40,24,Two Year,Bank Transfer,78.23,1913.83,DSL,No,Yes,2,1,10,7.1,0
C101385,Male,18,28,Month-to-Month,Electronic Check,79.46,2108.87,DSL,No,Yes,0,3,6,7.2,0
C101386,Female,43,21,Month-to-Month,Bank Transfer,61.07,1283.83,Fiber Optic,Yes,No,3,1,4,5.4,0
C101387,Male,43,8,Month-to-Month,Electronic Check,126.4,984.63,DSL,No,Yes,1,0,11,5.8,1
C101388,Female,38,36,Two Year,Credit Card,71.53,2403.77,No Internet,No,No,0,4,21,7.1,0
C101389,Male,49,9,One Year,Bank Transfer,123.5,1058.24,Fiber Optic,Yes,No,2,0,34,7.2,1
C101390,Male,30,40,Month-to-Month,UPI,100.68,4028.18,Fiber Optic,No,No,0,1,10,6.9,0
C101391,Male,42,51,Month-to-Month,Credit Card,74.46,4045.15,DSL,Yes,No,1,4,14,6.3,0
C101392,Male,19,1,Month-to-Month,Credit Card,80.59,85.24,Fiber Optic,Yes,Yes,0,5,5,8.2,1
C101393,Male,43,63,Month-to-Month,Credit Card,85.32,5734.38,DSL,No,Yes,2,2,11,5.5,0
C101394,Male,61,68,Two Year,Credit Card,36.61,2387.7,DSL,No,Yes,0,3,10,8.4,0
C101395,Female,26,26,Month-to-Month,Credit Card,40.99,1121.47,No Internet,Yes,No,3,2,4,7.8,0
C101396,Male,29,40,One Year,Bank Transfer,71.79,2799.69,Fiber Optic,Yes,Yes,1,0,20,7.5,0
C101397,Male,29,3,Month-to-Month,Bank Transfer,43.5,140.15,DSL,No,No,0,5,23,7.9,1
C101398,Female,40,9,Month-to-Month,UPI,83.76,724.96,Fiber Optic,No,No,0,1,12,7.1,1
C101399,Female,25,32,Month-to-Month,Credit Card,85.96,2676.68,Fiber Optic,No,No,1,3,33,7.3,0
C101400,Male,43,67,Two Year,Electronic Check,129.28,7981.6,Fiber Optic,No,Yes,1,2,19,4.4,0
C101401,Male,48,4,One Year,Bank Transfer,92.29,394.11,Fiber Optic,Yes,No,5,2,9,5.4,0
C101402,Male,44,6,Month-to-Month,Credit Card,87.98,537.49,Fiber Optic,No,No,2,4,30,7.1,1
C101403,Female,18,26,Month-to-Month,UPI,87.43,2204.87,Fiber Optic,No,No,1,3,22,,0
C101404,Female,50,2,Two Year,Electronic Check,85.04,160.39,DSL,No,Yes,0,1,15,7.1,0
C101405,Male,49,66,Month-to-Month,Bank Transfer,76.36,5157.26,Fiber Optic,No,No,2,3,13,7.6,0
C101406,Female,48,3,Month-to-Month,Credit Card,80.54,226.0,Fiber Optic,No,No,4,1,21,6.2,1
C101407,Female,42,35,Month-to-Month,Credit Card,56.3,1858.64,DSL,No,No,1,0,14,7.9,0
C101408,Female,41,59,Month-to-Month,Credit Card,36.35,2146.75,DSL,No,No,0,3,5,8.5,0
C101409,Female,50,38,One Year,Bank Transfer,65.25,2333.57,No Internet,No,No,2,0,3,5.9,0
C101410,Male,61,33,Month-to-Month,UPI,80.5,2482.58,DSL,Yes,No,0,2,15,9.9,0
C101411,Male,27,15,Month-to-Month,Electronic Check,98.13,1517.61,DSL,Yes,No,2,4,10,5.9,0
C101412,Male,51,14,Month-to-Month,Electronic Check,82.36,1145.87,Fiber Optic,No,Yes,2,2,12,5.4,1
C101413,Male,37,66,Two Year,Credit Card,68.41,4189.74,Fiber Optic,Yes,Yes,1,1,11,7.3,0
C101414,Female,36,45,Month-to-Month,Credit Card,89.77,3747.51,Fiber Optic,No,Yes,0,0,14,8.0,0
C101415,Female,20,48,Month-to-Month,Credit Card,66.78,3441.59,Fiber Optic,No,No,2,1,25,7.6,0
C101416,Male,35,44,Month-to-Month,Electronic Check,59.93,2448.82,Fiber Optic,No,Yes,1,4,9,7.5,1
C101417,Male,26,37,Two Year,Credit Card,50.5,1851.89,DSL,No,No,0,1,11,7.0,0
C101418,Male,32,29,Month-to-Month,Credit Card,84.47,2406.24,DSL,No,Yes,0,5,1,7.0,0
C101419,Female,25,34,One Year,UPI,79.39,2700.54,DSL,No,No,0,2,15,8.5,0
C101420,Male,33,59,One Year,UPI,97.27,6088.26,Fiber Optic,No,No,6,1,5,6.2,0
C101421,Male,33,43,Two Year,UPI,95.25,4211.09,Fiber Optic,Yes,Yes,1,3,9,6.4,0
C101422,Male,39,33,One Year,Credit Card,101.02,3482.11,DSL,No,No,1,1,4,8.9,1
C101423,Male,19,19,One Year,Credit Card,113.82,2137.89,DSL,No,Yes,3,2,10,4.7,0
C101424,Female,21,8,Two Year,Electronic Check,98.95,799.83,Fiber Optic,Yes,No,2,2,28,5.7,0
C101425,Female,42,31,One Year,Electronic Check,75.88,2189.78,Fiber Optic,No,Yes,2,4,5,6.5,0
C101426,Male,28,11,Two Year,UPI,97.57,999.79,Fiber Optic,No,Yes,2,2,21,7.2,0
C101427,Female,51,8,Month-to-Month,Credit Card,82.53,699.28,Fiber Optic,No,Yes,0,3,21,8.4,0
C101428,Female,41,25,Month-to-Month,UPI,85.13,2130.64,DSL,Yes,Yes,2,4,5,7.5,0
C101429,Female,45,20,Two Year,Bank Transfer,83.71,1569.45,Fiber Optic,Yes,No,2,6,6,6.5,0
C101430,Male,55,38,Two Year,Credit Card,82.85,2934.17,Fiber Optic,No,No,1,0,7,8.7,0
C101431,Male,34,7,Two Year,Electronic Check,85.98,642.26,DSL,Yes,Yes,0,2,9,6.8,0
C101432,Male,31,39,One Year,UPI,116.13,4290.36,DSL,No,No,4,2,9,6.8,0
C101433,Female,48,72,Two Year,Credit Card,93.69,6671.88,No Internet,Yes,Yes,0,2,37,6.7,0
C101434,Male,44,20,Month-to-Month,Electronic Check,88.96,1859.66,Fiber Optic,No,No,1,0,8,6.9,1
C101435,Male,36,11,Month-to-Month,Electronic Check,86.17,1003.56,Fiber Optic,Yes,No,1,3,7,7.0,1
C101436,Male,55,16,Month-to-Month,Bank Transfer,109.64,1856.5,No Internet,No,Yes,2,3,6,5.8,1
C101437,Female,35,42,Two Year,Electronic Check,61.52,2742.35,DSL,Yes,Yes,2,4,12,7.7,0
C101438,Male,38,52,Month-to-Month,Electronic Check,94.51,4639.57,DSL,No,Yes,0,1,14,9.0,0
C101439,Female,38,37,One Year,Credit Card,137.03,5011.93,DSL,No,Yes,0,5,4,7.1,0
C101440,Female,27,52,Month-to-Month,Electronic Check,94.72,5051.56,Fiber Optic,No,No,1,1,8,7.2,0
C101441,Male,39,9,Month-to-Month,Credit Card,61.52,589.22,No Internet,No,No,0,2,2,8.3,0
C101442,Female,55,35,One Year,Credit Card,58.28,2016.41,DSL,No,Yes,1,0,8,7.2,0
C101443,Male,43,67,Month-to-Month,Credit Card,74.0,5054.13,DSL,No,Yes,0,3,5,7.4,0
C101444,Female,38,7,Month-to-Month,Credit Card,98.89,743.16,DSL,No,No,3,2,17,5.4,1
C101445,Male,36,2,Month-to-Month,Electronic Check,98.29,211.18,DSL,No,Yes,0,3,8,7.6,0
C101446,Female,42,25,Month-to-Month,Credit Card,75.39,1934.96,DSL,No,Yes,1,4,8,5.7,0
C101447,Female,47,41,Month-to-Month,Credit Card,104.56,4289.12,Fiber Optic,Yes,No,1,3,13,5.8,0
C101448,Female,45,52,Month-to-Month,Bank Transfer,98.34,5172.98,DSL,Yes,No,1,4,17,7.4,0
C101449,Female,34,65,One Year,Bank Transfer,76.8,5312.47,DSL,No,No,4,0,12,5.3,0
C101450,Male,42,38,Month-to-Month,UPI,73.35,2873.48,Fiber Optic,No,No,1,2,46,4.4,1
C101451,Female,44,67,Month-to-Month,Bank Transfer,128.84,8274.82,No Internet,Yes,Yes,1,4,4,6.8,0
C101452,Female,26,42,Month-to-Month,Electronic Check,48.91,1953.91,No Internet,No,Yes,0,3,12,8.3,0
C101453,Female,40,71,Month-to-Month,Credit Card,94.09,6324.61,Fiber Optic,Yes,Yes,0,2,7,7.0,0
C101454,Male,18,54,Month-to-Month,Bank Transfer,73.09,4007.94,DSL,No,Yes,3,2,6,6.1,0
C101455,Female,44,67,One Year,UPI,102.79,7036.4,Fiber Optic,No,Yes,1,3,5,6.2,1
C101456,Female,46,64,One Year,Electronic Check,94.41,5635.64,Fiber Optic,No,No,2,1,5,6.8,0
C101457,Female,47,4,Two Year,Electronic Check,58.75,244.28,DSL,No,No,3,1,22,4.6,1
C101458,Male,33,31,Two Year,UPI,73.8,2306.63,Fiber Optic,No,Yes,1,4,12,7.6,0
C101459,Female,42,13,One Year,Credit Card,88.85,1117.93,Fiber Optic,Yes,Yes,2,4,22,4.8,1
C101460,Male,55,27,One Year,Credit Card,103.25,2991.33,DSL,Yes,Yes,0,2,13,7.6,0
C101461,Female,55,59,One Year,Credit Card,62.34,3674.74,DSL,No,No,0,2,10,9.7,0
C101462,Male,38,65,One Year,Electronic Check,73.22,4742.09,DSL,Yes,Yes,1,3,17,5.5,0
C101463,Female,40,64,One Year,Bank Transfer,99.74,6324.18,Fiber Optic,Yes,Yes,1,1,5,6.9,0
C101464,Female,51,25,Month-to-Month,UPI,107.16,2704.6,DSL,No,No,2,4,8,7.2,1
C101465,Male,20,37,Month-to-Month,UPI,90.36,3101.43,Fiber Optic,Yes,No,1,0,11,7.1,0
C101466,Female,34,71,One Year,Electronic Check,35.5,2337.85,No Internet,No,Yes,0,1,19,7.6,0
C101467,Male,54,14,One Year,Bank Transfer,43.39,603.78,DSL,No,No,2,5,27,5.8,0
C101468,Female,50,24,Month-to-Month,Electronic Check,57.73,1444.33,DSL,Yes,Yes,0,0,7,6.0,1
C101469,Female,42,67,Month-to-Month,UPI,49.48,3325.45,DSL,No,No,0,3,10,8.1,0
C101470,Female,20,48,Month-to-Month,Credit Card,105.5,5405.86,DSL,Yes,No,2,2,14,5.5,0
C101471,Female,37,65,Two Year,Bank Transfer,88.72,5893.19,Fiber Optic,No,No,0,2,6,6.7,0
C101472,Female,31,38,Month-to-Month,Bank Transfer,110.9,3882.79,Fiber Optic,Yes,Yes,3,1,14,4.9,1
C101473,Male,42,70,One Year,UPI,68.87,4780.37,DSL,No,No,1,6,6,8.1,0
C101474,Male,28,59,Two Year,UPI,80.86,4810.4,Fiber Optic,Yes,No,0,2,12,6.7,0
C101475,Female,26,12,Month-to-Month,Electronic Check,77.72,860.49,Fiber Optic,No,Yes,0,1,1,8.6,1
C101476,Female,18,54,Two Year,Credit Card,82.42,4170.6,Fiber Optic,No,No,4,4,4,5.0,0
C101477,Female,53,51,Two Year,Credit Card,73.45,4044.78,DSL,Yes,Yes,1,4,13,5.2,0
C101478,Female,33,38,Month-to-Month,Electronic Check,90.39,3531.31,DSL,No,Yes,2,0,7,7.6,0
C101479,Male,40,46,Month-to-Month,UPI,74.44,3520.48,DSL,Yes,Yes,3,3,14,5.0,0
C101480,Female,38,10,Month-to-Month,Credit Card,88.0,889.81,Fiber Optic,Yes,No,2,0,24,6.8,0
C101481,Male,25,9,Month-to-Month,Electronic Check,86.84,831.08,DSL,No,Yes,2,2,13,6.0,0
C101482,Female,23,52,Two Year,Electronic Check,89.84,4513.59,Fiber Optic,No,Yes,1,1,6,7.3,0
C101483,Male,26,51,Month-to-Month,Credit Card,125.63,6769.11,DSL,No,Yes,0,2,21,7.7,0
C101484,Male,29,22,Two Year,UPI,62.99,1296.36,DSL,Yes,No,0,2,19,7.3,0
C101485,Male,42,72,Month-to-Month,Bank Transfer,74.16,5745.23,Fiber Optic,Yes,No,1,0,13,6.6,0
C101486,Male,28,68,Two Year,Electronic Check,66.66,4763.19,Fiber Optic,Yes,Yes,1,3,17,7.7,0
C101487,Female,59,5,Month-to-Month,Electronic Check,78.78,362.54,DSL,No,No,3,1,9,4.6,1
C101488,Male,50,29,One Year,UPI,103.38,2786.79,Fiber Optic,Yes,No,2,3,17,7.9,1
C101489,Male,48,6,Month-to-Month,Electronic Check,87.17,488.28,Fiber Optic,No,No,4,2,28,4.7,1
C101490,Male,37,69,Month-to-Month,UPI,129.74,9215.28,No Internet,No,Yes,2,2,24,6.3,0
C101491,Male,56,58,Month-to-Month,UPI,80.55,4809.78,Fiber Optic,No,Yes,3,1,4,5.3,0
C101492,Male,35,43,Month-to-Month,Bank Transfer,51.03,2047.27,DSL,No,Yes,1,2,1,7.2,0
C101493,Male,38,69,Month-to-Month,UPI,79.23,5421.68,Fiber Optic,Yes,No,1,5,20,7.1,0
C101494,Female,40,72,One Year,Electronic Check,40.48,2792.22,No Internet,No,No,0,1,32,7.1,0
C101495,Female,46,37,Month-to-Month,UPI,95.44,3474.23,Fiber Optic,Yes,No,1,2,11,8.4,0
C101496,Female,46,58,One Year,Electronic Check,59.17,3288.7,Fiber Optic,Yes,Yes,0,1,51,5.8,0
C101497,Male,32,37,One Year,Credit Card,73.24,2673.44,DSL,Yes,Yes,0,1,14,7.3,0
C101498,Male,32,26,One Year,Credit Card,67.65,1798.94,Fiber Optic,No,No,0,2,12,8.3,0
C101499,Female,46,42,Two Year,Credit Card,75.18,2982.68,DSL,Yes,Yes,2,3,3,6.7,0
C101500,Male,47,16,Two Year,Electronic Check,53.52,817.73,DSL,Yes,No,1,1,5,7.8,0
C101501,Male,33,22,Month-to-Month,Bank Transfer,66.6,1431.74,Fiber Optic,No,No,1,0,5,8.3,0
C101502,Male,19,23,Month-to-Month,Bank Transfer,77.67,1923.56,DSL,Yes,No,0,3,22,7.3,0
C101503,Male,36,47,Month-to-Month,UPI,87.89,4220.87,DSL,Yes,No,0,1,15,8.4,1
C101504,Male,45,67,Month-to-Month,Credit Card,59.97,4285.1,Fiber Optic,Yes,Yes,1,3,5,6.2,0
C101505,Male,60,3,Month-to-Month,Credit Card,116.62,369.8,Fiber Optic,No,Yes,1,1,20,7.3,1
C101506,Female,24,12,Month-to-Month,UPI,73.2,886.67,DSL,No,Yes,3,2,4,5.4,0
C101507,Female,33,23,Month-to-Month,UPI,73.06,1620.15,No Internet,No,No,1,1,25,5.2,1
C101508,Female,33,11,Month-to-Month,Bank Transfer,84.15,889.73,DSL,No,Yes,1,3,11,7.5,0
C101509,Female,54,52,One Year,UPI,65.08,3421.56,DSL,No,No,0,1,5,5.8,0
C101510,Female,38,50,Month-to-Month,Credit Card,109.77,5538.62,No Internet,No,Yes,1,2,22,7.6,0
C101511,Female,27,57,Month-to-Month,Credit Card,75.1,4321.55,DSL,No,Yes,0,3,10,7.3,1
C101512,Female,45,64,Month-to-Month,UPI,47.22,2957.7,No Internet,No,No,2,3,14,5.4,0
C101513,Male,33,46,Month-to-Month,Bank Transfer,129.31,6145.9,Fiber Optic,No,Yes,1,1,46,6.7,0
C101514,Male,23,29,Month-to-Month,Electronic Check,122.8,3508.88,DSL,No,Yes,1,4,4,6.0,1
C101515,Male,27,70,Month-to-Month,Electronic Check,62.05,4240.13,No Internet,Yes,Yes,0,1,18,8.5,0
C101516,Female,59,46,Month-to-Month,Credit Card,91.17,4197.41,DSL,No,No,0,0,34,7.3,0
C101517,Female,43,16,Month-to-Month,UPI,118.4,2014.07,DSL,No,No,2,3,30,5.3,1
C101518,Male,39,51,Month-to-Month,Electronic Check,85.86,4523.32,No Internet,No,Yes,2,4,9,5.7,0
C101519,Female,35,11,Month-to-Month,Bank Transfer,98.06,1132.86,Fiber Optic,No,Yes,4,1,23,4.6,1
C101520,Male,42,11,Month-to-Month,Credit Card,115.06,1272.63,Fiber Optic,Yes,Yes,1,3,26,6.9,0
C101521,Female,41,63,One Year,Credit Card,109.2,6927.94,DSL,No,Yes,0,0,7,7.3,0
C101522,Male,42,53,Month-to-Month,Electronic Check,105.01,5886.27,Fiber Optic,No,Yes,0,1,28,6.4,1
C101523,Male,39,58,One Year,UPI,45.14,2469.84,DSL,No,No,2,2,11,5.4,0
C101524,Male,48,19,One Year,Electronic Check,64.97,1325.62,Fiber Optic,No,Yes,0,0,12,7.0,0
C101525,Male,38,32,Month-to-Month,Electronic Check,69.24,2222.88,DSL,Yes,No,1,2,16,5.6,0
C101526,Male,26,50,Two Year,Credit Card,105.68,5136.69,DSL,No,No,0,0,31,6.5,0
C101527,Male,31,72,Month-to-Month,Electronic Check,58.53,4089.22,Fiber Optic,No,No,3,1,20,7.3,0
C101528,Female,18,55,Month-to-Month,Electronic Check,81.26,4141.81,Fiber Optic,No,No,0,1,4,9.4,0
C101529,Female,62,41,Month-to-Month,Credit Card,107.66,4264.64,Fiber Optic,No,No,2,3,19,7.2,1
C101530,Male,48,70,Two Year,Credit Card,62.21,4304.45,DSL,Yes,Yes,2,0,4,6.9,0
C101531,Female,28,21,Two Year,Credit Card,78.98,1711.8,Fiber Optic,Yes,Yes,0,3,9,7.5,0
C101532,Female,35,26,Two Year,Electronic Check,50.26,1260.57,Fiber Optic,Yes,No,2,4,7,5.4,0
C101533,Male,30,1,Month-to-Month,Bank Transfer,74.36,76.24,Fiber Optic,No,Yes,1,2,5,6.3,1
C101534,Male,57,27,Two Year,Credit Card,59.71,1638.14,DSL,No,Yes,1,3,3,6.9,0
C101535,Male,21,50,Month-to-Month,UPI,77.32,3833.0,DSL,No,Yes,0,4,2,6.1,0
C101536,Male,39,66,One Year,Credit Card,56.53,3438.3,DSL,No,Yes,2,1,10,7.1,0
C101537,Female,37,65,Two Year,UPI,114.22,7529.61,Fiber Optic,Yes,Yes,0,2,16,9.5,0
C101538,Male,48,10,One Year,,51.59,483.72,DSL,Yes,No,0,3,6,6.9,0
C101539,Female,37,37,Month-to-Month,Credit Card,69.98,2387.49,No Internet,Yes,Yes,3,4,17,4.8,0
C101540,Female,18,69,One Year,Credit Card,73.76,4763.38,Fiber Optic,No,Yes,2,4,17,4.2,0
C101541,Male,35,41,Month-to-Month,Credit Card,80.02,3119.34,Fiber Optic,No,Yes,1,1,0,7.5,1
C101542,Female,26,46,Month-to-Month,Bank Transfer,150.83,6922.16,Fiber Optic,No,Yes,5,0,25,5.2,1
C101543,Male,39,45,One Year,Bank Transfer,72.02,3372.26,Fiber Optic,Yes,Yes,0,0,5,7.9,0
C101544,Female,55,27,Month-to-Month,UPI,92.39,2671.71,DSL,Yes,Yes,3,4,18,5.4,1
C101545,Male,18,65,Month-to-Month,Credit Card,65.77,4128.15,Fiber Optic,Yes,Yes,1,2,18,8.4,0
C101546,Female,28,8,One Year,Electronic Check,101.37,818.65,DSL,No,No,0,1,11,6.9,0
C101547,Female,31,67,One Year,UPI,94.06,6801.64,Fiber Optic,No,Yes,0,4,12,6.9,0
C101548,Male,33,49,Month-to-Month,Bank Transfer,81.12,4030.5,DSL,No,No,1,2,57,5.8,1
C101549,Female,47,14,Month-to-Month,Credit Card,97.79,1388.71,Fiber Optic,No,No,2,4,14,6.3,1
C101550,Female,36,62,Two Year,UPI,103.94,6096.62,DSL,No,No,1,0,6,7.1,0
C101551,Female,43,43,Month-to-Month,UPI,110.77,4620.85,DSL,No,No,2,1,26,6.7,1
C101552,Female,30,27,One Year,Electronic Check,105.7,2712.48,DSL,No,No,2,4,5,6.8,1
C101553,Female,41,27,Two Year,Electronic Check,52.58,1516.47,DSL,No,No,2,5,8,6.8,0
C101554,Male,47,68,Month-to-Month,Electronic Check,99.72,6742.07,DSL,No,Yes,2,2,10,6.1,0
C101555,Male,29,48,Month-to-Month,Bank Transfer,77.1,3616.59,DSL,Yes,Yes,1,2,11,7.2,0
C101556,Female,47,67,Month-to-Month,Bank Transfer,119.45,8301.84,Fiber Optic,No,Yes,1,3,1,7.9,0
C101557,Male,39,25,One Year,Bank Transfer,29.61,722.12,DSL,Yes,No,1,1,24,5.4,1
C101558,Female,51,64,One Year,Bank Transfer,85.06,5764.4,DSL,No,Yes,0,2,8,5.7,0
C101559,Female,36,24,One Year,Electronic Check,55.75,1375.61,Fiber Optic,Yes,No,4,1,3,5.6,0
C101560,Male,43,9,Month-to-Month,Electronic Check,93.05,776.34,DSL,Yes,Yes,3,2,24,6.2,1
C101561,Male,38,8,Month-to-Month,UPI,71.82,580.06,Fiber Optic,Yes,No,1,4,32,5.9,0
C101562,Female,37,59,Month-to-Month,UPI,51.26,3180.35,DSL,No,No,2,2,25,5.5,1
C101563,Male,41,17,One Year,Electronic Check,33.38,607.49,DSL,No,No,1,0,60,6.9,0
C101564,Female,44,43,One Year,Electronic Check,59.73,2487.33,DSL,No,No,2,1,9,5.4,0
C101565,Male,23,68,Month-to-Month,Credit Card,80.17,5269.91,DSL,Yes,No,4,2,3,5.7,0
C101566,Female,55,4,One Year,Electronic Check,99.84,402.28,Fiber Optic,Yes,Yes,1,2,25,6.3,0
C101567,Male,18,8,One Year,Electronic Check,80.79,596.33,Fiber Optic,No,No,1,0,31,9.4,0
C101568,Female,30,42,Two Year,Credit Card,76.58,3110.9,Fiber Optic,No,No,0,2,6,7.0,0
C101569,Male,37,49,Month-to-Month,Electronic Check,91.35,4666.97,No Internet,Yes,Yes,1,1,14,8.3,1
C101570,Female,43,6,Month-to-Month,Bank Transfer,148.02,939.73,Fiber Optic,No,Yes,0,2,15,5.9,1
C101571,Male,57,42,Month-to-Month,UPI,93.94,3877.83,Fiber Optic,No,No,3,3,19,6.4,1
C101572,Female,18,72,One Year,UPI,52.69,4046.34,DSL,No,No,1,1,22,7.4,0
C101573,Female,32,32,One Year,Bank Transfer,55.96,1728.52,Fiber Optic,No,No,2,4,8,6.6,0
C101574,Male,18,15,One Year,Bank Transfer,74.58,,DSL,Yes,Yes,0,1,8,7.0,0
C101575,Male,38,69,Month-to-Month,Credit Card,90.3,5897.14,DSL,No,No,1,4,10,8.6,1
C101576,Male,41,27,One Year,Electronic Check,72.53,2073.27,Fiber Optic,Yes,Yes,1,3,4,6.7,0
C101577,Female,57,66,Month-to-Month,Bank Transfer,60.96,4324.74,DSL,No,Yes,2,0,5,7.6,0
C101578,Female,39,59,Two Year,Credit Card,68.23,4094.67,Fiber Optic,No,Yes,0,2,5,7.6,0
C101579,Female,51,28,Month-to-Month,Electronic Check,57.86,1679.66,DSL,Yes,Yes,3,2,5,5.2,0
C101580,Male,45,24,Month-to-Month,Bank Transfer,89.75,2269.33,DSL,Yes,No,1,3,17,6.8,0
C101581,Male,33,51,Month-to-Month,Electronic Check,79.4,3849.08,Fiber Optic,No,Yes,1,1,5,8.1,0
C101582,Female,21,21,Month-to-Month,UPI,104.39,2209.66,Fiber Optic,Yes,Yes,1,5,4,6.3,1
C101583,Male,41,31,Month-to-Month,UPI,70.77,2347.67,DSL,No,Yes,0,3,18,9.0,0
C101584,Female,20,50,Month-to-Month,Electronic Check,41.55,2029.6,No Internet,Yes,No,2,2,8,5.4,0
C101585,Male,54,40,Month-to-Month,Electronic Check,134.66,5809.16,Fiber Optic,No,No,1,0,1,7.0,0
C101586,Female,36,68,Month-to-Month,Electronic Check,69.73,4897.63,DSL,No,Yes,0,6,19,6.4,0
C101587,Male,52,16,Two Year,UPI,93.58,1538.5,No Internet,No,No,1,4,4,5.9,0
C101588,Male,32,63,Month-to-Month,Electronic Check,71.8,4182.78,DSL,No,No,0,1,11,7.8,0
C101589,Female,41,56,Two Year,Credit Card,109.82,5668.06,DSL,Yes,No,1,2,19,7.7,0
C101590,Female,41,24,Two Year,Electronic Check,114.28,2592.72,Fiber Optic,No,Yes,1,3,11,5.7,0
C101591,Female,37,28,Month-to-Month,Credit Card,131.47,3936.23,Fiber Optic,Yes,Yes,3,0,1,5.7,0
C101592,Male,33,31,Month-to-Month,Bank Transfer,87.94,2853.65,Fiber Optic,Yes,No,3,5,6,5.6,0
C101593,Male,43,15,Month-to-Month,Credit Card,70.49,1060.12,Fiber Optic,No,No,1,2,10,6.7,1
C101594,Female,27,42,One Year,Bank Transfer,63.09,2646.15,DSL,No,No,1,3,12,5.4,0
C101595,Female,23,50,One Year,Bank Transfer,108.43,5098.88,Fiber Optic,Yes,Yes,1,2,25,8.3,0
C101596,Male,53,5,Month-to-Month,Credit Card,61.16,300.26,Fiber Optic,Yes,Yes,1,1,4,5.6,0
C101597,Male,47,48,Month-to-Month,Bank Transfer,65.49,,No Internet,Yes,No,1,1,7,6.0,1
C101598,Male,39,13,Month-to-Month,UPI,65.38,818.99,DSL,Yes,Yes,0,1,4,8.8,0
C101599,Female,58,32,Month-to-Month,Bank Transfer,52.99,1561.76,DSL,No,No,3,3,13,5.4,1
C101600,Male,35,67,Two Year,Bank Transfer,82.34,5412.68,Fiber Optic,No,No,2,3,10,8.1,0
C101601,Male,54,30,Month-to-Month,Bank Transfer,126.07,3885.32,Fiber Optic,Yes,Yes,1,1,5,8.3,0
C101602,Male,40,6,Month-to-Month,Electronic Check,83.99,519.04,DSL,No,No,2,0,27,5.1,0
C101603,Male,26,25,Month-to-Month,UPI,83.94,2070.45,DSL,No,Yes,1,2,17,7.2,0
C101604,Male,60,28,One Year,Electronic Check,72.99,2118.75,Fiber Optic,No,Yes,2,0,4,6.4,0
C101605,Male,50,62,Month-to-Month,Credit Card,120.9,7404.99,Fiber Optic,No,Yes,2,3,16,6.2,0
C101606,Male,37,22,Month-to-Month,Credit Card,45.36,1062.23,Fiber Optic,No,No,0,3,20,6.4,0
C101607,Female,47,68,Month-to-Month,Electronic Check,86.91,5736.24,Fiber Optic,No,No,2,2,8,6.9,0
C101608,Male,33,15,Month-to-Month,Bank Transfer,94.24,1436.8,Fiber Optic,No,Yes,0,0,20,8.0,0
C101609,Female,48,26,One Year,Electronic Check,68.91,1677.6,DSL,Yes,Yes,1,4,26,7.7,0
C101610,Female,18,63,Month-to-Month,UPI,109.84,6920.07,Fiber Optic,No,Yes,1,3,5,8.7,0
C101611,Female,26,18,One Year,UPI,94.01,1659.29,Fiber Optic,No,No,1,0,10,4.9,0
C101612,Female,50,63,Month-to-Month,Credit Card,85.2,5158.92,Fiber Optic,No,Yes,1,1,3,8.4,0
C101613,Male,35,62,Month-to-Month,Credit Card,83.6,5031.57,DSL,Yes,Yes,1,2,4,8.8,0
C101614,Male,40,68,One Year,Electronic Check,67.67,4467.9,DSL,No,No,2,2,42,5.8,0
C101615,Female,22,48,Month-to-Month,UPI,105.23,5038.23,DSL,No,No,1,0,12,7.3,0
C101616,Female,60,50,One Year,Credit Card,94.0,4958.17,Fiber Optic,No,No,0,2,11,9.0,0
C101617,Female,52,63,Month-to-Month,Electronic Check,104.4,6563.66,Fiber Optic,Yes,Yes,2,1,4,6.0,0
C101618,Female,36,69,Two Year,UPI,56.15,3693.53,DSL,Yes,No,1,1,8,7.4,0
C101619,Female,33,6,Month-to-Month,Bank Transfer,86.9,485.45,Fiber Optic,No,Yes,2,3,8,7.7,0
C101620,Male,50,58,Month-to-Month,Electronic Check,60.74,3438.13,Fiber Optic,No,No,0,2,13,7.9,0
C101621,Male,62,51,Month-to-Month,UPI,108.38,5224.29,Fiber Optic,No,Yes,1,2,4,6.8,0
C101622,Female,49,12,Month-to-Month,Bank Transfer,64.35,813.68,Fiber Optic,Yes,No,0,0,42,7.3,0
C101623,Female,64,47,One Year,Credit Card,86.74,4399.65,DSL,Yes,No,2,1,9,6.8,0
C101624,Male,27,9,Month-to-Month,Electronic Check,105.56,1003.02,Fiber Optic,No,Yes,0,2,10,8.3,1
C101625,Female,28,7,Two Year,Credit Card,81.2,557.91,Fiber Optic,Yes,No,2,2,5,6.4,0
C101626,Male,24,29,Month-to-Month,Bank Transfer,65.43,1770.28,Fiber Optic,Yes,No,1,3,16,5.8,1
C101627,Female,43,51,Month-to-Month,Electronic Check,74.12,3906.77,DSL,Yes,Yes,2,1,30,4.1,1
C101628,Male,40,55,One Year,Electronic Check,73.54,4153.48,Fiber Optic,Yes,Yes,2,3,4,7.0,0
C101629,Male,36,59,Two Year,Bank Transfer,42.83,2351.99,Fiber Optic,Yes,Yes,0,1,17,7.9,0
C101630,Female,48,56,Month-to-Month,Credit Card,114.83,6727.6,DSL,Yes,No,2,1,17,4.6,0
C101631,Male,53,22,Two Year,UPI,72.09,1668.33,DSL,No,Yes,0,1,4,10.0,0
C101632,Female,20,18,Two Year,UPI,87.62,1632.12,Fiber Optic,No,Yes,2,4,3,6.6,0
C101633,Female,31,58,Two Year,UPI,51.77,3112.04,No Internet,No,No,0,3,14,7.5,0
C101634,Female,48,40,Two Year,Credit Card,81.99,3379.18,Fiber Optic,Yes,Yes,5,1,2,5.3,0
C101635,Male,32,31,Two Year,Bank Transfer,44.49,1365.1,DSL,No,Yes,1,2,10,7.3,0
C101636,Male,28,56,One Year,Electronic Check,63.49,3621.6,DSL,No,No,1,2,11,6.5,0
C101637,Male,50,35,Two Year,Electronic Check,70.77,2523.24,Fiber Optic,No,No,2,0,35,7.5,0
C101638,Female,23,26,Month-to-Month,Bank Transfer,34.92,913.4,DSL,No,No,2,3,1,6.5,1
C101639,Female,34,68,Month-to-Month,Bank Transfer,85.66,5921.72,DSL,No,No,0,1,2,7.7,0
C101640,Female,42,34,One Year,Bank Transfer,88.33,2954.9,DSL,No,Yes,4,0,16,5.4,0
C101641,Female,31,16,Two Year,Credit Card,51.29,844.05,DSL,No,No,2,1,8,5.4,0
C101642,Female,47,42,Month-to-Month,Electronic Check,98.15,,Fiber Optic,No,Yes,3,1,17,5.4,0
C101643,Female,31,5,Two Year,Electronic Check,93.53,494.08,Fiber Optic,Yes,No,1,0,5,7.2,1
C101644,Male,55,61,Month-to-Month,UPI,64.3,4142.53,Fiber Optic,No,No,1,6,18,6.0,0
C101645,Female,36,44,Month-to-Month,Electronic Check,100.02,4399.37,DSL,No,Yes,1,3,23,6.0,0
C101646,Male,46,35,Month-to-Month,Credit Card,64.82,2267.46,Fiber Optic,No,No,1,5,3,5.4,0
C101647,Female,47,1,Month-to-Month,UPI,133.86,131.7,No Internet,No,No,2,1,4,8.5,1
C101648,Female,30,43,Two Year,Electronic Check,123.52,4925.32,Fiber Optic,Yes,No,2,5,10,4.8,0
C101649,Female,18,32,Month-to-Month,Electronic Check,77.91,2350.82,Fiber Optic,No,No,1,0,11,,0
C101650,Male,42,63,One Year,Bank Transfer,95.17,6201.47,Fiber Optic,No,No,3,4,7,5.3,0
C101651,Male,39,33,Month-to-Month,Credit Card,85.14,2649.02,Fiber Optic,Yes,No,2,0,18,5.8,1
C101652,Male,45,66,Two Year,Credit Card,86.27,5613.69,Fiber Optic,No,Yes,3,1,16,6.1,0
C101653,Male,35,30,Two Year,Bank Transfer,72.37,2120.46,Fiber Optic,No,No,2,2,12,5.3,0
C101654,Male,33,10,Month-to-Month,Credit Card,82.87,791.51,Fiber Optic,No,No,3,2,25,4.6,0
C101655,Female,62,23,Month-to-Month,Bank Transfer,75.04,1733.88,No Internet,No,No,1,4,17,7.7,0
C101656,Female,20,39,Month-to-Month,UPI,66.09,2521.04,No Internet,No,Yes,1,4,12,7.0,1
C101657,Male,47,45,Month-to-Month,UPI,82.66,3874.16,Fiber Optic,No,Yes,0,2,14,8.8,1
C101658,Male,31,29,Month-to-Month,Credit Card,68.49,2030.37,DSL,Yes,Yes,0,2,6,7.5,0
C101659,Male,34,30,Two Year,Credit Card,128.82,3852.57,Fiber Optic,No,Yes,3,1,17,5.6,0
C101660,Female,34,34,Two Year,Credit Card,120.12,4133.4,Fiber Optic,Yes,Yes,0,1,7,7.1,0
C101661,Male,28,52,Month-to-Month,Credit Card,126.07,6483.45,Fiber Optic,No,Yes,2,1,3,6.1,0
C101662,Female,45,22,Two Year,Credit Card,82.87,1905.8,Fiber Optic,No,Yes,1,2,7,5.9,1
C101663,Male,55,5,Month-to-Month,Electronic Check,72.82,390.92,DSL,No,No,1,3,13,6.0,0
C101664,Female,44,11,Month-to-Month,Electronic Check,86.89,996.6,Fiber Optic,No,Yes,1,2,7,6.9,1
C101665,Female,39,32,One Year,Bank Transfer,41.68,1410.95,DSL,Yes,Yes,0,4,5,9.3,0
C101666,Male,26,24,Month-to-Month,Credit Card,35.67,894.93,No Internet,Yes,No,0,3,31,6.5,0
C101667,Female,44,11,Month-to-Month,Bank Transfer,67.01,726.21,Fiber Optic,Yes,Yes,0,4,6,7.9,0
C101668,Male,64,11,Month-to-Month,Credit Card,78.06,907.32,Fiber Optic,No,No,3,2,15,5.1,0
C101669,Female,33,17,One Year,UPI,72.83,1146.58,Fiber Optic,No,No,0,4,26,7.7,0
C101670,Male,33,32,Two Year,Bank Transfer,117.63,3996.37,Fiber Optic,No,Yes,2,6,11,5.2,1
C101671,Female,31,27,One Year,Electronic Check,91.79,2466.44,Fiber Optic,No,No,2,2,17,7.0,1
C101672,Female,32,32,One Year,Credit Card,105.89,3296.31,Fiber Optic,No,Yes,2,2,8,5.0,0
C101673,Female,18,61,Month-to-Month,Bank Transfer,103.47,6337.08,DSL,No,Yes,1,1,9,7.0,0
C101674,Female,43,25,Month-to-Month,Credit Card,95.58,2461.36,DSL,No,No,1,3,14,5.8,1
C101675,Male,28,64,Two Year,Electronic Check,98.92,6447.67,Fiber Optic,No,No,0,1,17,6.3,0
C101676,Male,19,64,Month-to-Month,Credit Card,98.0,6390.52,DSL,Yes,Yes,2,2,3,7.4,0
C101677,Male,47,28,Month-to-Month,Electronic Check,70.11,1837.43,Fiber Optic,Yes,No,0,1,3,6.9,0
C101678,Male,25,40,Month-to-Month,Bank Transfer,87.82,3641.51,DSL,No,Yes,1,0,26,8.4,0
C101679,Female,34,14,Two Year,Electronic Check,124.89,1807.68,Fiber Optic,No,No,0,4,6,7.8,0
C101680,Male,56,42,Month-to-Month,UPI,119.44,4708.07,DSL,No,Yes,1,1,6,7.9,0
C101681,Female,21,39,Two Year,Credit Card,85.28,3083.04,No Internet,No,No,1,1,26,7.5,0
C101682,Female,20,2,Month-to-Month,UPI,84.5,182.05,DSL,No,Yes,2,4,18,6.8,1
C101683,Female,41,1,One Year,Electronic Check,65.36,67.94,No Internet,Yes,No,0,1,4,7.4,0
C101684,Male,52,32,Month-to-Month,Bank Transfer,64.13,2086.89,Fiber Optic,Yes,Yes,3,2,16,4.4,0
C101685,Female,19,64,Two Year,Electronic Check,70.2,4360.71,Fiber Optic,Yes,No,1,6,8,7.3,0
C101686,Female,43,31,Month-to-Month,Bank Transfer,122.14,3650.43,DSL,No,Yes,1,3,4,6.8,1
C101687,Male,45,58,Month-to-Month,Electronic Check,70.07,3826.96,Fiber Optic,No,Yes,0,1,7,5.9,0
C101688,Female,18,14,Month-to-Month,UPI,62.69,892.9,Fiber Optic,Yes,No,2,1,8,6.1,1
C101689,Female,48,69,Month-to-Month,Credit Card,30.37,2121.01,DSL,No,No,0,2,13,6.9,0
C101690,Male,49,16,Two Year,Electronic Check,61.75,1056.84,DSL,No,Yes,0,3,23,7.4,0
C101691,Male,34,69,One Year,Credit Card,127.15,8952.77,Fiber Optic,No,Yes,2,0,6,7.3,0
C101692,Male,53,54,Two Year,Bank Transfer,89.13,4775.64,No Internet,No,No,1,2,7,6.7,0
C101693,Male,52,13,Month-to-Month,Electronic Check,102.14,1412.23,No Internet,Yes,No,0,6,30,6.0,0
C101694,Male,39,31,One Year,Bank Transfer,113.49,3582.39,Fiber Optic,No,Yes,0,3,11,8.5,0
C101695,Male,33,69,Two Year,Credit Card,118.74,8473.92,Fiber Optic,No,No,4,3,3,5.5,0
C101696,Male,26,21,One Year,Credit Card,82.87,1775.54,DSL,No,No,1,2,14,7.6,0
C101697,Male,38,30,Month-to-Month,Bank Transfer,73.75,2095.48,Fiber Optic,No,Yes,0,2,10,9.0,0
C101698,Female,45,23,One Year,Electronic Check,113.12,2445.18,DSL,No,Yes,3,2,15,6.8,0
C101699,Female,34,38,One Year,Credit Card,116.13,4500.9,DSL,No,No,1,2,26,5.4,0
C101700,Female,18,29,Month-to-Month,Credit Card,93.4,2888.02,Fiber Optic,No,Yes,3,0,13,5.8,1
C101701,Male,53,32,Month-to-Month,Electronic Check,75.69,2601.76,No Internet,Yes,No,0,3,30,5.7,1
C101702,Male,40,62,Month-to-Month,Electronic Check,59.38,3973.39,DSL,Yes,Yes,1,5,6,6.8,0
C101703,Male,33,45,Two Year,Credit Card,76.65,3639.1,No Internet,No,Yes,1,3,17,5.9,0
C101704,Male,48,49,Month-to-Month,Credit Card,53.77,2577.35,No Internet,Yes,Yes,2,3,18,6.4,0
C101705,Male,56,33,Month-to-Month,Electronic Check,85.96,2888.2,Fiber Optic,No,No,1,2,7,6.8,0
C101706,Female,18,4,One Year,Electronic Check,61.53,,DSL,Yes,No,1,3,6,8.1,0
C101707,Male,43,18,One Year,Electronic Check,96.48,1747.07,DSL,Yes,Yes,2,1,8,7.7,1
C101708,Female,21,70,Two Year,Credit Card,62.61,4552.44,Fiber Optic,No,No,1,1,9,8.0,0
C101709,Female,44,64,Month-to-Month,Electronic Check,77.28,4684.76,Fiber Optic,No,No,2,2,8,5.4,0
C101710,Male,40,28,One Year,Bank Transfer,68.55,1823.8,DSL,No,Yes,1,1,39,6.7,0
C101711,Male,46,58,Month-to-Month,Electronic Check,25.0,1553.16,DSL,No,No,3,3,9,4.9,0
C101712,Female,32,56,Month-to-Month,Bank Transfer,58.21,3437.02,DSL,Yes,No,3,4,15,5.8,0
C101713,Male,18,20,Month-to-Month,Electronic Check,60.35,1268.51,DSL,No,Yes,3,0,21,5.9,0
C101714,Male,33,34,One Year,Credit Card,56.08,1901.57,Fiber Optic,Yes,Yes,1,4,6,7.9,0
C101715,Female,43,10,One Year,Credit Card,90.32,912.99,DSL,Yes,No,1,2,8,7.9,1
C101716,Male,50,22,Month-to-Month,Credit Card,25.38,569.52,DSL,Yes,Yes,1,1,8,7.1,0
C101717,Female,24,5,Month-to-Month,,25.0,120.88,No Internet,Yes,Yes,2,0,13,7.5,0
C101718,Female,50,44,One Year,UPI,80.39,3420.98,No Internet,Yes,No,0,3,21,6.0,0
C101719,Male,30,9,Month-to-Month,Electronic Check,79.45,678.43,DSL,Yes,No,1,1,21,6.4,1
C101720,Male,42,43,Month-to-Month,Electronic Check,69.55,3019.45,DSL,Yes,Yes,1,0,26,8.0,0
C101721,Male,32,4,Month-to-Month,Electronic Check,86.58,327.68,DSL,Yes,No,2,0,21,6.1,1
C101722,Male,40,42,Month-to-Month,UPI,89.71,3587.66,DSL,No,No,3,1,3,6.3,0
C101723,Male,49,65,Month-to-Month,Electronic Check,100.52,6954.61,DSL,No,Yes,3,3,11,4.8,1
C101724,Female,23,41,One Year,Credit Card,52.07,2143.74,DSL,No,Yes,1,2,31,7.5,0
C101725,Male,30,64,Month-to-Month,Electronic Check,84.79,5529.94,DSL,No,Yes,2,1,3,7.3,0
C101726,Male,40,55,Two Year,Bank Transfer,76.93,3983.57,Fiber Optic,No,No,1,6,12,6.3,0
C101727,Female,67,18,One Year,Bank Transfer,88.21,1513.11,DSL,No,No,2,2,15,6.4,0
C101728,Female,28,16,Month-to-Month,Credit Card,124.76,1867.84,Fiber Optic,Yes,Yes,0,3,24,6.1,0
C101729,Female,62,46,One Year,UPI,81.23,3599.98,No Internet,No,Yes,3,3,21,6.4,1
C101730,Male,62,36,Month-to-Month,Bank Transfer,96.93,3702.51,Fiber Optic,No,Yes,0,1,6,9.0,0
C101731,Female,37,66,One Year,UPI,95.39,,Fiber Optic,No,Yes,3,0,18,6.2,0
C101732,Female,34,44,One Year,Bank Transfer,64.79,2929.94,Fiber Optic,No,No,0,2,7,6.9,0
C101733,Male,30,5,Two Year,Credit Card,80.28,425.53,Fiber Optic,No,Yes,1,0,8,6.1,0
C101734,Male,37,29,Two Year,Electronic Check,90.52,2495.27,Fiber Optic,No,No,1,2,10,5.9,0
C101735,Female,21,4,Month-to-Month,Bank Transfer,94.58,357.01,DSL,Yes,No,1,3,10,8.5,1
C101736,Male,37,49,One Year,Credit Card,121.08,6184.95,Fiber Optic,Yes,Yes,2,2,6,6.0,0
C101737,Male,56,72,Month-to-Month,Bank Transfer,117.67,9135.99,DSL,No,No,2,1,10,7.4,0
C101738,Male,31,8,Two Year,UPI,87.28,722.55,Fiber Optic,No,Yes,2,0,5,7.1,0
C101739,Male,35,52,Month-to-Month,Electronic Check,76.0,3659.25,DSL,No,No,1,3,9,7.2,0
C101740,Female,18,69,One Year,Bank Transfer,63.01,4127.78,DSL,No,No,1,1,2,9.1,0
C101741,Female,42,21,Month-to-Month,Credit Card,87.85,1770.32,Fiber Optic,No,No,1,1,9,6.4,0
C101742,Female,41,27,Month-to-Month,Electronic Check,79.33,2115.44,Fiber Optic,No,No,0,0,5,8.9,0
C101743,Male,39,38,Month-to-Month,Bank Transfer,86.1,3125.72,DSL,No,No,2,2,13,6.4,0
C101744,Male,35,5,Month-to-Month,Credit Card,65.24,303.27,DSL,No,Yes,0,0,12,8.1,0
C101745,Male,34,61,Month-to-Month,UPI,25.0,1466.03,DSL,No,No,2,1,9,6.0,0
C101746,Male,44,8,Month-to-Month,Credit Card,41.61,324.94,No Internet,Yes,Yes,6,2,8,3.5,1
C101747,Male,38,18,Month-to-Month,UPI,66.85,1161.64,Fiber Optic,No,Yes,3,1,10,7.5,1
C101748,Female,42,4,Month-to-Month,Credit Card,109.79,405.98,DSL,No,No,2,2,16,6.7,0
C101749,Male,41,4,Month-to-Month,Credit Card,101.97,435.79,DSL,No,Yes,0,2,22,6.7,1
C101750,Female,51,37,Month-to-Month,Credit Card,76.32,2842.54,No Internet,No,No,2,2,12,5.7,1
C101751,Male,46,15,Two Year,Electronic Check,76.77,1215.77,DSL,Yes,No,1,4,4,6.4,0
C101752,Male,40,38,One Year,Bank Transfer,70.47,2470.24,Fiber Optic,Yes,Yes,6,4,15,4.9,1
C101753,Male,56,27,Month-to-Month,Credit Card,60.84,1720.76,No Internet,Yes,No,0,4,10,9.6,0
C101754,Female,43,48,Month-to-Month,UPI,75.74,3754.44,DSL,No,Yes,3,2,10,7.4,0
C101755,Female,54,46,Month-to-Month,Credit Card,58.6,2901.37,No Internet,Yes,Yes,2,1,17,5.2,1
C101756,Female,45,46,Two Year,Credit Card,122.42,5284.13,DSL,Yes,No,1,1,12,6.5,0
C101757,Male,18,48,Month-to-Month,Electronic Check,119.07,5845.81,Fiber Optic,No,No,2,2,4,7.9,1
C101758,Male,54,59,One Year,Bank Transfer,128.09,6978.34,Fiber Optic,Yes,Yes,3,3,17,6.6,0
C101759,Female,40,4,Month-to-Month,UPI,67.89,265.35,Fiber Optic,No,No,0,3,4,7.8,1
C101760,Male,37,19,Month-to-Month,Electronic Check,87.97,1707.74,Fiber Optic,No,No,3,3,8,6.2,1
C101761,Female,41,57,One Year,Electronic Check,121.06,7377.47,DSL,Yes,Yes,1,1,6,8.4,0
C101762,Male,34,19,Month-to-Month,Bank Transfer,49.95,885.72,No Internet,No,Yes,1,2,20,8.6,1
C101763,Male,41,42,Month-to-Month,Electronic Check,95.09,3986.91,Fiber Optic,No,Yes,1,4,12,6.0,1
C101764,Male,31,5,Two Year,Credit Card,62.81,300.9,DSL,No,Yes,3,5,5,3.5,1
C101765,Male,53,48,Month-to-Month,Bank Transfer,82.18,3765.55,No Internet,No,Yes,1,0,27,6.8,0
C101766,Female,37,25,Month-to-Month,Credit Card,132.17,3403.8,Fiber Optic,No,Yes,2,3,28,7.7,1
C101767,Male,33,67,Month-to-Month,Electronic Check,105.86,6556.16,Fiber Optic,No,No,0,0,10,8.1,0
C101768,Male,27,26,Two Year,Bank Transfer,83.93,2228.19,Fiber Optic,Yes,No,0,5,2,6.9,0
C101769,Male,41,62,One Year,Credit Card,91.89,5389.42,Fiber Optic,No,No,1,1,35,6.8,0
C101770,Male,40,7,Month-to-Month,Electronic Check,25.0,161.41,DSL,No,Yes,0,4,4,7.6,0
C101771,Female,43,44,Two Year,Credit Card,69.0,3057.24,DSL,No,No,0,2,16,8.5,0
C101772,Female,26,27,Month-to-Month,Electronic Check,65.82,1666.93,DSL,No,No,2,3,13,4.8,0
C101773,Female,19,42,Month-to-Month,Bank Transfer,79.56,3374.39,Fiber Optic,Yes,No,1,4,22,6.0,0
C101774,Female,46,56,Month-to-Month,Bank Transfer,66.49,3592.66,DSL,No,Yes,0,1,6,7.6,0
C101775,Male,56,3,One Year,Electronic Check,84.44,244.36,DSL,No,Yes,3,3,17,7.6,0
C101776,Female,26,13,One Year,Bank Transfer,80.2,1093.54,Fiber Optic,Yes,No,2,2,16,7.1,0
C101777,Male,57,70,Month-to-Month,Electronic Check,84.31,6101.7,Fiber Optic,Yes,No,1,5,5,6.6,0
C101778,Male,41,59,Month-to-Month,Bank Transfer,83.37,5176.76,DSL,Yes,Yes,2,3,8,6.0,0
C101779,Female,38,38,Two Year,Bank Transfer,87.52,3285.85,No Internet,Yes,Yes,1,1,11,7.2,0
C101780,Male,33,68,Two Year,Electronic Check,63.88,4074.42,No Internet,No,Yes,2,3,8,7.3,0
C101781,Female,21,69,One Year,Electronic Check,55.06,3959.32,No Internet,Yes,No,0,2,19,5.8,0
C101782,Male,50,1,Month-to-Month,UPI,89.76,95.03,Fiber Optic,No,No,1,1,19,6.9,1
C101783,Female,29,50,Two Year,Bank Transfer,35.63,1806.56,DSL,Yes,Yes,1,3,11,8.0,0
C101784,Female,29,9,One Year,UPI,65.44,562.61,No Internet,No,Yes,0,2,5,6.6,1
C101785,Female,50,53,Two Year,Credit Card,84.53,4671.33,DSL,Yes,Yes,0,2,45,6.2,0
C101786,Female,18,10,Month-to-Month,Credit Card,77.32,716.82,Fiber Optic,Yes,Yes,1,2,20,6.3,0
C101787,Female,20,29,One Year,Credit Card,84.78,2397.2,DSL,No,Yes,1,1,11,7.4,0
C101788,Male,38,36,Two Year,Credit Card,84.88,3002.3,Fiber Optic,No,No,0,3,24,5.2,0
C101789,Male,42,27,Month-to-Month,Bank Transfer,99.13,2604.37,DSL,No,Yes,1,3,6,6.2,0
C101790,Male,44,18,One Year,UPI,84.14,1622.31,DSL,No,Yes,2,0,11,5.2,0
C101791,Female,34,18,Two Year,Electronic Check,87.62,1661.0,DSL,Yes,No,0,1,13,6.8,0
C101792,Male,68,9,Month-to-Month,Credit Card,109.73,992.37,DSL,No,Yes,1,3,33,6.4,1
C101793,Female,35,67,One Year,Credit Card,74.61,5346.91,Fiber Optic,Yes,No,2,5,14,5.0,0
C101794,Male,35,7,Month-to-Month,Credit Card,83.09,549.62,No Internet,No,Yes,1,0,24,7.5,1
C101795,Male,28,58,Month-to-Month,Credit Card,74.66,4050.65,Fiber Optic,No,Yes,1,1,41,8.3,0
C101796,Female,39,30,Month-to-Month,UPI,100.03,2945.53,Fiber Optic,Yes,No,3,2,28,3.4,0
C101797,Male,45,61,Month-to-Month,UPI,74.37,4892.9,Fiber Optic,Yes,No,3,3,4,6.2,0
C101798,Male,52,17,One Year,Electronic Check,79.45,1437.89,DSL,No,No,0,2,32,7.7,0
C101799,Male,20,53,Month-to-Month,Bank Transfer,95.32,4827.18,DSL,Yes,No,1,2,4,6.7,0
C101800,Female,35,6,Two Year,Credit Card,65.18,417.99,No Internet,No,Yes,2,2,7,5.6,0
C101801,Female,43,39,Month-to-Month,Credit Card,58.07,2312.24,Fiber Optic,Yes,Yes,1,1,17,6.7,1
C101802,Male,45,25,One Year,Electronic Check,58.96,1428.99,Fiber Optic,No,No,1,1,12,7.3,0
C101803,Male,38,42,Month-to-Month,Electronic Check,131.97,5824.11,Fiber Optic,No,Yes,0,4,10,7.3,1
C101804,Male,45,42,Month-to-Month,UPI,66.84,2967.5,DSL,No,Yes,2,1,29,6.0,0
C101805,Female,28,59,Month-to-Month,Bank Transfer,112.82,6124.41,Fiber Optic,No,No,1,1,11,6.8,0
C101806,Female,57,38,Month-to-Month,Credit Card,49.69,1777.86,No Internet,No,Yes,0,0,21,8.6,0
C101807,Male,50,31,Two Year,Bank Transfer,75.53,2434.87,No Internet,No,No,0,2,18,8.1,0
C101808,Male,22,29,One Year,Electronic Check,106.66,3148.62,Fiber Optic,No,Yes,2,5,16,6.6,0
C101809,Male,25,9,Two Year,Bank Transfer,84.02,727.3,DSL,No,No,1,3,12,5.9,0
C101810,Female,25,1,One Year,Bank Transfer,84.78,81.72,DSL,No,No,0,4,42,6.7,1
C101811,Female,46,72,One Year,Credit Card,87.13,5882.97,Fiber Optic,No,Yes,1,4,19,5.8,0
C101812,Male,23,47,Month-to-Month,Electronic Check,55.22,2565.16,Fiber Optic,Yes,Yes,1,7,19,7.0,0
C101813,Male,34,10,Month-to-Month,UPI,34.69,322.55,DSL,Yes,No,1,1,24,5.9,0
C101814,Male,43,16,One Year,Credit Card,95.95,1580.32,Fiber Optic,No,Yes,1,3,5,7.6,0
C101815,Female,37,47,Month-to-Month,Electronic Check,94.51,4261.0,Fiber Optic,No,Yes,2,2,6,6.5,0
C101816,Male,41,43,Month-to-Month,Bank Transfer,101.66,4637.97,No Internet,Yes,Yes,0,1,11,7.2,1
C101817,Female,25,24,Month-to-Month,Bank Transfer,49.26,1105.62,DSL,No,Yes,1,3,19,5.9,0
C101818,Female,45,8,Month-to-Month,Bank Transfer,51.65,425.9,No Internet,No,Yes,2,2,17,5.5,1
C101819,Male,31,26,Month-to-Month,Bank Transfer,79.54,2190.67,DSL,No,No,0,1,29,8.1,0
C101820,Male,34,7,Month-to-Month,Bank Transfer,75.99,549.3,Fiber Optic,Yes,Yes,1,1,8,8.0,0
C101821,Male,41,15,Month-to-Month,Electronic Check,83.03,1330.38,Fiber Optic,No,Yes,4,5,36,2.9,1
C101822,Female,39,48,Month-to-Month,UPI,55.6,2595.59,Fiber Optic,No,No,1,6,2,6.0,0
C101823,Female,38,3,Month-to-Month,Electronic Check,82.84,234.01,No Internet,No,No,0,2,15,8.5,0
C101824,Female,29,16,Month-to-Month,Electronic Check,85.01,1327.43,Fiber Optic,Yes,Yes,2,1,7,7.5,1
C101825,Female,34,14,Month-to-Month,Credit Card,86.58,1230.77,DSL,No,Yes,0,3,8,7.1,0
C101826,Male,38,3,Two Year,Credit Card,98.75,317.38,DSL,Yes,Yes,1,1,5,6.6,1
C101827,Female,21,70,One Year,Electronic Check,62.48,4230.51,Fiber Optic,No,Yes,1,2,23,6.2,0
C101828,Female,32,31,Two Year,Credit Card,81.35,2596.66,DSL,Yes,No,2,4,25,5.9,0
C101829,Male,43,17,Month-to-Month,Credit Card,63.58,1011.79,Fiber Optic,Yes,No,1,3,22,7.6,0
C101830,Female,23,49,Month-to-Month,Credit Card,110.65,5220.71,Fiber Optic,Yes,Yes,3,4,3,5.4,0
C101831,Female,52,3,One Year,Electronic Check,52.7,149.49,Fiber Optic,Yes,No,0,2,9,6.5,1
C101832,Female,53,55,Month-to-Month,Electronic Check,65.05,3565.52,No Internet,No,No,1,2,15,8.0,0
C101833,Female,23,72,Month-to-Month,Bank Transfer,103.06,7938.89,No Internet,No,No,2,2,4,5.0,0
C101834,Female,54,40,One Year,UPI,63.26,2698.47,Fiber Optic,No,Yes,0,1,18,7.5,0
C101835,Female,36,66,One Year,Electronic Check,48.3,3150.63,DSL,Yes,No,1,3,18,5.5,0
C101836,Male,43,40,Month-to-Month,Bank Transfer,101.52,4293.16,DSL,No,No,0,1,8,6.4,0
C101837,Male,32,30,Month-to-Month,UPI,71.69,2127.12,Fiber Optic,Yes,No,2,2,26,6.2,1
C101838,Female,49,25,One Year,Electronic Check,117.43,2893.03,DSL,No,Yes,0,2,10,6.0,1
C101839,Male,43,7,Month-to-Month,UPI,77.83,578.33,Fiber Optic,No,Yes,1,3,37,5.3,1
C101840,Male,28,50,Two Year,UPI,90.09,4166.19,Fiber Optic,No,No,0,3,18,7.7,0
C101841,Male,24,1,Two Year,Electronic Check,112.13,118.96,No Internet,Yes,No,6,1,31,3.0,0
C101842,Male,20,44,Two Year,Electronic Check,32.0,1483.4,DSL,Yes,Yes,1,0,11,7.3,0
C101843,Female,40,49,Month-to-Month,UPI,72.36,3375.97,Fiber Optic,No,Yes,3,3,2,6.2,0
C101844,Female,45,7,Month-to-Month,Credit Card,94.41,650.97,Fiber Optic,No,Yes,0,2,8,8.4,1
C101845,Male,46,3,Two Year,Electronic Check,132.31,,Fiber Optic,No,No,0,1,4,8.9,0
C101846,Male,37,1,Month-to-Month,Credit Card,86.38,87.18,DSL,Yes,Yes,1,0,5,7.3,0
C101847,Male,24,51,Month-to-Month,Electronic Check,39.62,2094.48,No Internet,No,Yes,3,3,19,5.9,1
C101848,Female,30,38,Month-to-Month,UPI,97.6,3504.76,Fiber Optic,No,No,1,1,16,8.9,0
C101849,Female,52,43,Month-to-Month,Electronic Check,129.69,5553.39,Fiber Optic,No,No,2,4,21,6.2,0
C101850,Male,32,55,One Year,Credit Card,62.42,3439.21,DSL,No,Yes,2,0,19,7.2,0
C101851,Female,40,57,Two Year,Bank Transfer,97.61,5203.12,No Internet,No,Yes,4,0,5,6.0,0
C101852,Female,25,53,One Year,UPI,107.01,5512.64,Fiber Optic,Yes,Yes,0,4,8,6.6,1
C101853,Female,42,33,One Year,,96.56,3305.78,DSL,Yes,Yes,1,3,13,5.7,0
C101854,Female,33,62,Month-to-Month,Credit Card,111.48,6546.87,DSL,No,No,1,4,13,6.9,1
C101855,Male,51,11,Month-to-Month,UPI,109.52,1228.12,No Internet,No,Yes,0,3,13,7.2,1
C101856,Female,47,72,Month-to-Month,Credit Card,71.17,4775.73,DSL,No,Yes,1,2,14,7.1,0
C101857,Male,32,52,Month-to-Month,Bank Transfer,56.62,2745.14,No Internet,No,Yes,1,1,23,7.6,0
C101858,Female,36,1,Month-to-Month,Credit Card,63.46,65.44,DSL,Yes,Yes,4,2,14,6.3,1
C101859,Female,31,14,One Year,UPI,93.45,1411.41,Fiber Optic,Yes,Yes,0,3,16,8.1,0
C101860,Female,21,21,Month-to-Month,Bank Transfer,107.32,2204.54,Fiber Optic,Yes,Yes,1,2,27,7.3,0
C101861,Female,28,34,Two Year,Electronic Check,70.96,2457.31,DSL,No,No,1,3,4,5.3,0
C101862,Male,40,14,Two Year,Electronic Check,113.13,1614.02,DSL,No,Yes,3,3,6,4.3,0
C101863,Female,42,40,Month-to-Month,UPI,67.98,2578.08,Fiber Optic,No,No,3,6,15,4.8,1
C101864,Female,40,35,Month-to-Month,UPI,97.01,3634.63,No Internet,No,No,2,0,12,7.4,0
C101865,Female,34,42,One Year,Credit Card,112.21,4733.74,No Internet,Yes,No,0,4,31,4.0,0
C101866,Male,49,20,Two Year,Credit Card,88.45,1738.1,DSL,Yes,Yes,0,2,15,7.4,0
C101867,Male,39,60,Two Year,UPI,69.57,3930.27,No Internet,Yes,Yes,0,4,2,8.4,0
C101868,Male,46,9,Month-to-Month,Electronic Check,89.09,809.81,DSL,No,No,2,2,10,7.2,0
C101869,Female,18,33,Month-to-Month,Electronic Check,84.47,2967.05,DSL,Yes,Yes,0,2,16,7.2,0
C101870,Female,18,49,Month-to-Month,Bank Transfer,112.79,5535.85,No Internet,No,No,2,3,10,5.1,0
C101871,Male,41,68,Month-to-Month,Electronic Check,43.62,2787.38,Fiber Optic,No,Yes,2,3,23,6.2,0
C101872,Male,21,4,Month-to-Month,Credit Card,55.16,212.79,DSL,Yes,Yes,0,2,8,9.0,0
C101873,Female,35,48,One Year,Electronic Check,89.53,4632.72,DSL,No,Yes,1,1,3,7.1,0
C101874,Female,34,16,Month-to-Month,Bank Transfer,65.54,1032.09,No Internet,No,No,1,2,8,7.9,0
C101875,Female,57,47,Two Year,Electronic Check,76.3,3864.44,Fiber Optic,No,Yes,1,2,16,7.1,0
C101876,Female,43,26,Month-to-Month,Electronic Check,84.29,2207.58,Fiber Optic,No,Yes,0,2,14,6.7,1
C101877,Male,40,70,Month-to-Month,Electronic Check,25.0,1808.84,DSL,No,No,0,2,25,7.3,0
C101878,Male,48,37,Month-to-Month,Credit Card,116.81,4128.7,Fiber Optic,No,No,0,1,14,7.1,0
C101879,Female,42,22,Month-to-Month,Electronic Check,71.12,1686.63,No Internet,No,No,1,3,8,7.1,0
C101880,Female,33,7,One Year,Electronic Check,72.56,467.98,No Internet,No,Yes,1,1,13,8.6,0
C101881,Female,51,42,Month-to-Month,Credit Card,64.25,2852.49,Fiber Optic,Yes,No,2,3,3,7.5,0
C101882,Female,25,30,Two Year,Electronic Check,130.69,4038.98,Fiber Optic,Yes,Yes,0,1,6,8.2,0
C101883,Female,42,6,Two Year,Electronic Check,53.93,331.82,Fiber Optic,No,Yes,1,1,8,8.2,0
C101884,Male,19,24,Two Year,Bank Transfer,39.07,909.97,Fiber Optic,Yes,Yes,0,2,9,7.8,0
C101885,Male,40,66,Month-to-Month,UPI,71.94,4509.54,Fiber Optic,No,No,1,1,8,7.7,0
C101886,Male,40,40,Month-to-Month,Bank Transfer,77.2,3149.16,DSL,No,Yes,1,4,11,6.9,0
C101887,Male,58,15,Month-to-Month,Bank Transfer,81.91,1310.28,Fiber Optic,No,No,0,3,3,10.0,0
C101888,Female,19,53,One Year,UPI,65.39,3327.32,Fiber Optic,No,No,2,0,14,8.1,0
C101889,Female,31,5,Two Year,Electronic Check,59.19,310.46,Fiber Optic,Yes,Yes,1,2,24,5.5,0
C101890,Male,48,36,Month-to-Month,Credit Card,95.58,3214.33,Fiber Optic,Yes,No,1,6,12,6.5,0
C101891,Male,42,46,One Year,Bank Transfer,51.04,2251.31,Fiber Optic,No,No,2,3,2,4.7,0
C101892,Female,40,23,Two Year,Credit Card,63.35,1353.36,No Internet,No,No,2,0,20,7.7,0
C101893,Male,27,45,Two Year,Bank Transfer,92.52,4084.92,Fiber Optic,No,Yes,0,2,8,7.9,0
C101894,Female,31,10,Month-to-Month,Bank Transfer,64.86,668.97,DSL,No,No,1,3,3,8.0,0
C101895,Female,53,54,Month-to-Month,UPI,126.78,6841.49,No Internet,No,Yes,0,0,24,8.7,0
C101896,Female,37,70,Month-to-Month,UPI,96.09,6767.03,No Internet,No,No,0,1,11,6.5,0
C101897,Male,43,32,One Year,Electronic Check,92.52,2996.15,Fiber Optic,No,Yes,1,1,17,6.4,0
C101898,Male,37,43,Month-to-Month,Electronic Check,81.83,3362.93,Fiber Optic,Yes,Yes,2,7,17,5.3,1
C101899,Female,24,15,Month-to-Month,Electronic Check,62.92,918.66,Fiber Optic,No,Yes,1,5,1,6.1,0
C101900,Female,49,66,Month-to-Month,Electronic Check,136.49,8943.31,DSL,Yes,Yes,4,3,20,5.3,1
C101901,Male,44,15,Month-to-Month,Credit Card,80.77,1225.84,Fiber Optic,No,Yes,1,3,6,6.1,1
C101902,Female,66,20,Month-to-Month,Credit Card,57.44,1212.59,DSL,Yes,No,2,6,10,5.5,0
C101903,Male,26,50,One Year,UPI,98.41,4890.46,Fiber Optic,No,Yes,2,0,7,5.7,0
C101904,Female,48,6,Two Year,Electronic Check,62.3,389.89,DSL,No,Yes,1,3,5,8.2,0
C101905,Male,22,17,Month-to-Month,Electronic Check,95.79,1528.85,DSL,No,Yes,0,4,9,4.9,1
C101906,Female,40,26,One Year,UPI,96.83,2368.45,Fiber Optic,No,Yes,3,2,10,4.1,0
C101907,Male,50,22,One Year,Bank Transfer,59.95,1274.2,Fiber Optic,Yes,Yes,0,0,24,7.7,0
C101908,Male,18,64,Month-to-Month,Credit Card,106.2,6599.09,Fiber Optic,No,No,1,4,8,6.7,0
C101909,Male,36,58,Two Year,Bank Transfer,109.98,6507.71,Fiber Optic,No,Yes,3,1,3,5.2,0
C101910,Male,31,37,Month-to-Month,Electronic Check,92.21,3258.55,Fiber Optic,Yes,Yes,1,1,18,6.1,1
C101911,Female,30,72,One Year,Bank Transfer,84.69,5747.76,Fiber Optic,Yes,Yes,1,6,15,4.2,0
C101912,Female,43,28,One Year,Credit Card,36.31,1040.42,No Internet,Yes,Yes,3,1,7,6.2,0
C101913,Male,51,49,One Year,Electronic Check,74.15,3922.45,DSL,Yes,No,1,1,19,7.5,0
C101914,Male,36,67,Month-to-Month,Electronic Check,51.04,3688.91,DSL,No,No,0,1,17,7.6,0
C101915,Female,40,67,One Year,UPI,98.22,7025.11,DSL,No,Yes,1,2,4,6.5,0
C101916,Female,39,41,One Year,Credit Card,106.96,4078.08,No Internet,No,Yes,2,4,21,5.0,0
C101917,Female,38,46,One Year,Bank Transfer,119.86,5746.7,Fiber Optic,Yes,No,1,3,6,6.2,0
C101918,Male,25,55,Two Year,Bank Transfer,104.13,5621.01,Fiber Optic,Yes,No,3,4,17,6.1,1
C101919,Male,51,11,One Year,Credit Card,143.02,1654.33,Fiber Optic,No,Yes,1,0,7,,1
C101920,Female,42,26,Month-to-Month,Electronic Check,61.27,1477.91,DSL,No,Yes,0,2,3,7.7,0
C101921,Male,43,72,Month-to-Month,UPI,65.75,4989.21,DSL,No,Yes,1,3,21,6.4,0
C101922,Female,28,13,One Year,Bank Transfer,92.42,1224.49,Fiber Optic,No,No,2,1,7,7.3,0
C101923,Male,32,36,One Year,Credit Card,78.16,2624.76,No Internet,No,Yes,1,4,4,6.7,0
C101924,Female,36,64,Month-to-Month,Credit Card,78.65,5402.82,Fiber Optic,No,Yes,1,1,12,6.8,0
C101925,Male,20,51,Month-to-Month,Bank Transfer,108.23,5848.71,DSL,No,Yes,1,3,6,6.6,0
C101926,Female,18,22,Month-to-Month,Electronic Check,54.79,1241.84,DSL,No,Yes,2,4,21,6.9,1
C101927,Male,31,60,Month-to-Month,Bank Transfer,106.12,6233.95,Fiber Optic,No,No,1,1,7,7.7,0
C101928,Female,44,2,Month-to-Month,Bank Transfer,88.91,178.1,DSL,No,Yes,0,2,5,8.7,0
C101929,Male,30,56,Month-to-Month,Electronic Check,44.55,2306.11,DSL,No,No,1,3,33,5.5,0
C101930,Female,26,40,Month-to-Month,Bank Transfer,81.9,3366.08,DSL,No,No,1,1,16,6.4,1
C101931,Female,28,28,Month-to-Month,UPI,53.83,1617.06,Fiber Optic,No,Yes,2,1,18,8.0,0
C101932,Female,33,3,One Year,Electronic Check,77.78,222.84,DSL,Yes,Yes,1,1,20,6.3,1
C101933,Female,34,63,Month-to-Month,Electronic Check,79.46,4931.91,DSL,No,Yes,1,5,27,4.4,0
C101934,Female,64,23,Month-to-Month,Bank Transfer,86.24,2098.37,Fiber Optic,No,No,1,2,23,7.1,1
C101935,Female,51,55,One Year,Electronic Check,92.56,4737.41,DSL,Yes,Yes,3,5,2,5.2,1
C101936,Male,50,32,Two Year,UPI,60.5,1880.24,DSL,No,Yes,0,1,17,7.8,0
C101937,Female,52,28,Month-to-Month,Credit Card,51.66,1548.66,Fiber Optic,No,No,0,4,19,7.7,0
C101938,Male,26,8,Two Year,UPI,80.43,671.13,Fiber Optic,Yes,No,0,1,22,7.5,0
C101939,Male,23,3,Month-to-Month,Bank Transfer,54.72,153.15,Fiber Optic,No,No,2,0,3,5.8,1
C101940,Male,25,53,Month-to-Month,Electronic Check,60.66,3196.7,DSL,No,No,0,1,9,7.1,0
C101941,Male,54,29,Month-to-Month,Credit Card,76.63,2226.73,Fiber Optic,No,No,2,2,5,6.2,1
C101942,Female,31,59,One Year,Credit Card,85.96,5266.73,Fiber Optic,No,Yes,1,4,10,7.0,1
C101943,Female,23,24,Month-to-Month,UPI,83.01,1901.2,Fiber Optic,No,Yes,1,2,30,7.0,0
C101944,Female,33,38,One Year,UPI,72.09,2623.52,No Internet,No,No,1,4,9,6.0,0
C101945,Male,35,28,Month-to-Month,Bank Transfer,115.29,3410.28,Fiber Optic,No,Yes,0,2,5,6.7,0
C101946,Male,41,62,Month-to-Month,Electronic Check,90.85,5384.34,No Internet,No,No,1,2,7,5.2,0
C101947,Male,41,51,Month-to-Month,Credit Card,62.84,3177.95,DSL,Yes,No,2,2,17,7.4,0
C101948,Male,28,7,Month-to-Month,Electronic Check,103.99,750.66,Fiber Optic,Yes,Yes,4,4,19,5.8,1
C101949,Male,46,23,Month-to-Month,Electronic Check,110.37,2548.62,DSL,No,Yes,1,1,9,8.0,1
C101950,Male,30,46,One Year,Credit Card,111.34,5462.01,Fiber Optic,Yes,Yes,1,7,20,5.6,0
C101951,Male,36,28,Month-to-Month,Electronic Check,67.62,1896.74,Fiber Optic,No,No,0,1,14,6.3,1
C101952,Female,46,24,One Year,UPI,71.46,1634.78,DSL,Yes,Yes,2,1,14,5.4,1
C101953,Female,30,7,Month-to-Month,Electronic Check,91.62,675.37,DSL,No,Yes,1,2,10,6.2,0
C101954,Female,31,49,Two Year,Bank Transfer,66.97,3427.92,DSL,No,No,0,3,15,6.6,0
C101955,Female,45,3,One Year,Credit Card,140.24,400.68,Fiber Optic,Yes,Yes,2,0,20,7.0,1
C101956,Female,28,2,One Year,UPI,124.43,259.66,Fiber Optic,No,No,3,3,11,5.0,1
C101957,Male,33,7,One Year,Bank Transfer,59.97,407.85,DSL,Yes,No,1,0,17,6.7,0
C101958,Female,45,21,Month-to-Month,Bank Transfer,89.94,1908.47,Fiber Optic,Yes,Yes,1,2,29,5.7,1
C101959,Female,63,9,Month-to-Month,Credit Card,67.61,654.34,DSL,No,Yes,1,4,10,7.4,1
C101960,Male,45,12,One Year,UPI,119.82,1333.0,Fiber Optic,No,No,1,1,20,8.0,0
C101961,Male,44,24,Month-to-Month,Electronic Check,66.67,1515.77,DSL,No,No,1,3,22,7.5,0
C101962,Female,44,33,Month-to-Month,Credit Card,94.12,3158.69,No Internet,No,No,2,6,4,6.2,1
C101963,Male,25,43,One Year,UPI,81.52,3253.02,Fiber Optic,No,No,1,1,6,8.6,1
C101964,Female,39,5,Month-to-Month,UPI,89.45,419.34,DSL,Yes,No,3,0,15,4.2,1
C101965,Female,38,71,Two Year,Electronic Check,99.72,7208.12,No Internet,Yes,Yes,0,5,27,5.2,0
C101966,Male,42,14,One Year,Bank Transfer,111.44,1645.4,DSL,Yes,Yes,0,2,4,6.9,0
C101967,Male,39,36,One Year,Credit Card,81.67,2961.64,No Internet,Yes,No,1,5,7,7.0,0
C101968,Male,43,35,Month-to-Month,Bank Transfer,95.08,3161.02,Fiber Optic,Yes,No,4,3,8,6.8,1
C101969,Male,34,50,One Year,Bank Transfer,87.24,4104.74,Fiber Optic,Yes,No,1,2,10,8.5,0
C101970,Male,39,11,Month-to-Month,Electronic Check,89.07,1030.03,Fiber Optic,Yes,No,2,2,2,6.9,0
C101971,Female,23,24,Month-to-Month,UPI,105.75,2701.55,Fiber Optic,Yes,No,2,0,2,8.5,1
C101972,Male,34,44,Two Year,Electronic Check,50.69,2321.25,No Internet,Yes,Yes,6,2,12,4.4,0
C101973,Male,55,51,Month-to-Month,UPI,82.74,4030.37,Fiber Optic,No,Yes,0,5,6,6.0,0
C101974,Male,42,17,One Year,UPI,62.91,1044.15,No Internet,No,Yes,1,1,13,6.9,0
C101975,Female,38,70,Two Year,Electronic Check,64.49,4464.29,DSL,No,Yes,3,3,7,6.9,0
C101976,Male,61,8,Two Year,Bank Transfer,105.76,795.21,DSL,No,Yes,2,2,13,6.4,0
C101977,Male,22,28,Month-to-Month,Electronic Check,67.05,1803.33,Fiber Optic,No,Yes,1,3,12,8.1,0
C101978,Female,25,12,Month-to-Month,Electronic Check,83.72,1041.07,DSL,No,Yes,1,1,12,8.8,0
C101979,Female,59,43,Two Year,UPI,57.29,2574.77,DSL,No,Yes,1,2,4,5.8,0
C101980,Male,39,37,Two Year,Electronic Check,84.7,2974.67,DSL,Yes,Yes,0,2,5,4.4,0
C101981,Female,35,63,One Year,Credit Card,77.91,4772.17,DSL,Yes,Yes,1,1,18,,0
C101982,Male,24,63,One Year,UPI,68.85,4333.63,Fiber Optic,Yes,No,1,0,7,7.4,0
C101983,Male,43,10,Month-to-Month,Electronic Check,108.3,1026.7,Fiber Optic,Yes,No,0,2,5,8.8,0
C101984,Male,45,37,Month-to-Month,Credit Card,67.36,2637.13,Fiber Optic,Yes,No,2,0,9,8.4,0
C101985,Male,25,11,Month-to-Month,Bank Transfer,65.13,693.8,DSL,Yes,Yes,0,3,3,6.1,0
C101986,Female,36,19,One Year,Bank Transfer,39.39,718.22,No Internet,No,No,0,4,5,5.6,0
C101987,Male,34,52,Month-to-Month,UPI,68.41,3781.32,DSL,No,No,2,5,8,5.7,0
C101988,Male,41,18,One Year,Credit Card,62.51,1156.44,Fiber Optic,Yes,Yes,3,3,12,7.5,0
C101989,Female,25,32,One Year,Bank Transfer,92.99,2981.62,DSL,No,No,2,0,27,7.2,0
C101990,Female,53,23,Month-to-Month,UPI,131.31,2830.35,Fiber Optic,No,Yes,2,4,16,5.9,1
C101991,Male,49,12,Month-to-Month,UPI,123.81,1401.41,DSL,Yes,Yes,0,3,17,6.9,1
C101992,Female,34,58,One Year,Credit Card,120.39,6674.08,Fiber Optic,No,Yes,3,5,19,4.6,0
C101993,Male,35,21,Two Year,Bank Transfer,55.35,1110.01,DSL,No,No,2,1,24,8.2,0
C101994,Female,36,21,One Year,Bank Transfer,88.22,1967.34,Fiber Optic,No,Yes,1,0,7,9.5,0
C101995,Female,29,29,Month-to-Month,UPI,74.99,2328.45,Fiber Optic,No,No,1,3,12,5.3,1
C101996,Female,33,47,Month-to-Month,Credit Card,52.43,2431.44,No Internet,No,No,2,1,20,6.6,1
C101997,Male,35,12,Two Year,Electronic Check,86.04,983.02,Fiber Optic,Yes,Yes,0,0,19,6.4,1
C101998,Male,57,58,One Year,Credit Card,90.52,5060.06,Fiber Optic,No,Yes,0,2,10,8.3,0
C101999,Male,49,41,Month-to-Month,Bank Transfer,67.58,2559.5,DSL,Yes,No,1,4,14,6.1,0
C102000,Male,49,19,Month-to-Month,Bank Transfer,98.34,1783.28,Fiber Optic,No,Yes,5,0,18,5.8,0
C102001,Male,42,12,Month-to-Month,Bank Transfer,86.04,952.44,Fiber Optic,No,Yes,3,1,26,6.5,0
C102002,Female,25,23,Month-to-Month,Credit Card,68.69,1696.59,DSL,No,Yes,1,3,21,6.1,0
C102003,Male,38,5,Month-to-Month,Electronic Check,85.65,436.72,No Internet,No,Yes,2,4,3,7.5,1
C102004,Male,50,26,One Year,Electronic Check,98.53,2633.15,DSL,No,Yes,1,2,17,8.5,0
C102005,Female,23,63,Month-to-Month,Credit Card,97.68,5742.61,Fiber Optic,No,Yes,3,1,5,6.6,0
C102006,Male,46,52,One Year,Electronic Check,73.14,3779.55,DSL,No,No,0,1,2,8.0,0
C102007,Female,66,10,Month-to-Month,UPI,94.55,935.17,Fiber Optic,Yes,Yes,1,4,11,5.7,0
C102008,Male,51,39,Month-to-Month,Electronic Check,118.44,4867.93,DSL,Yes,No,1,3,5,5.9,1
C102009,Male,55,23,One Year,Credit Card,71.45,1716.82,Fiber Optic,No,Yes,1,3,15,7.1,1
C102010,Male,41,11,Two Year,Electronic Check,95.89,1040.52,Fiber Optic,No,Yes,1,2,3,7.0,0
C102011,Male,50,72,Month-to-Month,Electronic Check,93.7,6992.19,No Internet,No,Yes,2,2,4,7.1,0
C102012,Female,29,48,Month-to-Month,Electronic Check,63.03,2825.41,No Internet,No,Yes,1,4,46,4.0,1
C102013,Male,48,16,Month-to-Month,Bank Transfer,85.21,1309.61,Fiber Optic,No,Yes,2,1,14,8.1,0
C102014,Female,46,46,One Year,Credit Card,93.37,4068.39,Fiber Optic,No,Yes,1,2,15,7.3,0
C102015,Male,41,47,Two Year,Electronic Check,54.9,2673.38,No Internet,Yes,Yes,0,1,7,10.0,0
C102016,Male,54,48,Month-to-Month,Credit Card,83.4,4248.56,Fiber Optic,No,Yes,4,4,26,4.4,0
C102017,Female,32,69,Two Year,Bank Transfer,50.72,3566.14,Fiber Optic,No,No,1,1,11,7.0,0
C102018,Male,36,25,Month-to-Month,Bank Transfer,117.17,3006.6,Fiber Optic,No,No,1,1,18,6.6,1
C102019,Female,39,37,Month-to-Month,Electronic Check,42.73,1604.03,Fiber Optic,No,No,1,5,2,5.1,0
C102020,Female,26,63,Two Year,UPI,79.51,5081.71,Fiber Optic,Yes,Yes,0,3,22,7.4,0
C102021,Female,41,29,Month-to-Month,Electronic Check,35.66,986.46,No Internet,Yes,Yes,0,2,7,7.4,0
C102022,Female,18,58,Month-to-Month,UPI,124.08,6642.04,Fiber Optic,Yes,No,0,3,10,6.5,0
C102023,Male,51,31,Two Year,Electronic Check,119.05,3508.84,Fiber Optic,No,No,3,1,18,5.8,1
C102024,Male,39,68,Month-to-Month,Credit Card,124.81,8241.36,Fiber Optic,No,No,1,4,24,7.1,0
C102025,Male,32,41,Month-to-Month,Credit Card,84.03,3390.25,Fiber Optic,No,Yes,0,1,5,8.7,0
C102026,Female,28,50,Month-to-Month,Bank Transfer,118.6,6140.01,Fiber Optic,No,Yes,3,4,9,5.0,0
C102027,Female,35,44,Month-to-Month,Credit Card,64.1,2601.79,No Internet,Yes,No,1,2,22,6.3,0
C102028,Male,46,9,Month-to-Month,Electronic Check,99.37,905.72,Fiber Optic,Yes,Yes,0,3,6,6.8,1
C102029,Female,45,59,Month-to-Month,Credit Card,82.04,4681.18,No Internet,Yes,No,1,3,12,6.7,0
C102030,Male,30,27,One Year,Electronic Check,83.15,2130.14,DSL,Yes,Yes,1,1,3,5.5,0
C102031,Female,28,59,Two Year,Bank Transfer,54.6,3110.06,DSL,No,No,1,0,8,8.3,0
C102032,Male,46,3,Month-to-Month,UPI,103.28,303.23,Fiber Optic,Yes,Yes,1,2,14,7.8,1
C102033,Female,29,7,One Year,Credit Card,90.49,668.93,Fiber Optic,Yes,No,2,2,1,7.0,0
C102034,Female,39,16,One Year,Credit Card,76.76,1179.18,Fiber Optic,No,No,0,1,13,7.0,0
C102035,Male,39,49,Month-to-Month,Electronic Check,104.8,5157.99,DSL,No,Yes,1,2,2,8.9,1
C102036,Male,42,32,Month-to-Month,Credit Card,65.17,2164.4,Fiber Optic,Yes,Yes,0,2,26,8.6,0
C102037,Male,48,44,One Year,Electronic Check,57.09,2683.64,DSL,No,Yes,2,1,10,6.8,0
C102038,Male,23,19,One Year,Electronic Check,61.8,1086.49,DSL,No,Yes,0,2,10,8.6,0
C102039,Male,18,3,Month-to-Month,Electronic Check,56.17,175.96,DSL,No,Yes,0,1,5,9.1,0
C102040,Female,31,60,Month-to-Month,UPI,72.82,4191.05,Fiber Optic,Yes,No,0,3,28,8.3,1
C102041,Female,60,35,Month-to-Month,UPI,92.42,3410.34,Fiber Optic,Yes,No,0,2,1,7.4,0
C102042,Female,62,29,Month-to-Month,UPI,57.19,1565.0,No Internet,No,No,3,3,10,6.9,0
C102043,Male,60,70,One Year,UPI,103.68,7454.23,Fiber Optic,No,Yes,4,1,18,4.7,0
C102044,Female,36,45,One Year,Bank Transfer,119.0,5559.82,Fiber Optic,No,Yes,4,2,5,6.6,0
C102045,Female,18,27,One Year,Electronic Check,127.47,3452.74,Fiber Optic,No,Yes,3,3,8,7.4,0
C102046,Male,18,69,Two Year,Credit Card,38.26,2574.24,DSL,No,No,1,3,8,6.6,0
C102047,Female,31,35,Two Year,Bank Transfer,107.97,3571.79,Fiber Optic,No,Yes,2,1,10,7.6,0
C102048,Female,36,19,One Year,Credit Card,98.57,,Fiber Optic,No,Yes,0,1,14,8.3,0
C102049,Male,54,17,Month-to-Month,Credit Card,69.72,1233.72,DSL,Yes,Yes,1,2,9,6.7,0
C102050,Male,48,35,Month-to-Month,Bank Transfer,75.69,2462.68,DSL,Yes,Yes,3,2,2,5.2,1
C102051,Male,41,30,Month-to-Month,Credit Card,77.35,2351.17,DSL,No,Yes,1,4,12,5.9,0
C102052,Male,27,48,One Year,Electronic Check,96.64,4289.09,DSL,No,No,1,0,20,7.8,0
C102053,Female,26,57,Two Year,Bank Transfer,103.96,5888.64,Fiber Optic,No,No,0,1,29,7.8,0
C102054,Female,41,17,Month-to-Month,Electronic Check,115.91,1856.45,Fiber Optic,Yes,Yes,2,4,13,6.3,1
C102055,Female,46,15,One Year,Electronic Check,69.14,1062.1,Fiber Optic,Yes,No,2,5,6,5.4,0
C102056,Male,43,14,Two Year,UPI,73.15,982.33,DSL,No,No,1,3,14,7.1,0
C102057,Male,26,14,Two Year,Credit Card,112.35,1535.26,Fiber Optic,No,No,1,1,28,6.4,0
C102058,Female,46,45,One Year,UPI,90.35,4235.02,Fiber Optic,No,Yes,0,0,15,6.3,0
C102059,Female,43,38,Month-to-Month,Bank Transfer,113.67,4391.1,Fiber Optic,Yes,No,1,6,5,6.1,0
C102060,Male,25,63,Month-to-Month,Credit Card,79.4,5180.85,Fiber Optic,Yes,No,0,0,7,7.5,0
C102061,Male,29,11,Month-to-Month,UPI,114.4,1297.95,Fiber Optic,No,No,1,1,3,8.4,0
C102062,Female,46,48,One Year,Electronic Check,72.96,3720.69,Fiber Optic,No,No,2,3,10,7.8,0
C102063,Male,35,26,Month-to-Month,UPI,50.25,1365.14,Fiber Optic,Yes,Yes,0,4,7,,0
C102064,Male,57,67,Month-to-Month,Bank Transfer,84.68,5883.81,DSL,No,No,1,5,11,6.3,0
C102065,Female,44,25,One Year,UPI,74.48,1733.24,DSL,No,No,1,1,9,7.6,0
C102066,Male,32,61,One Year,UPI,39.96,2287.62,Fiber Optic,Yes,Yes,5,0,19,5.9,0
C102067,Male,38,26,Month-to-Month,Credit Card,70.39,1842.69,DSL,No,Yes,1,3,12,4.6,1
C102068,Male,39,34,Two Year,UPI,103.41,3421.3,Fiber Optic,Yes,No,3,1,11,4.7,0
C102069,Male,29,9,Month-to-Month,Credit Card,78.36,706.48,Fiber Optic,Yes,No,0,1,25,7.4,0
C102070,Female,27,40,Month-to-Month,Electronic Check,118.45,4911.51,Fiber Optic,No,Yes,3,0,7,6.4,0
C102071,Male,46,7,Month-to-Month,UPI,78.52,534.27,Fiber Optic,No,Yes,4,1,9,4.5,0
C102072,Male,48,30,Month-to-Month,UPI,65.32,2073.38,DSL,No,No,2,3,9,5.8,0
C102073,Female,45,66,Month-to-Month,Electronic Check,40.84,2664.94,DSL,No,No,3,1,2,6.3,0
C102074,Female,56,30,One Year,UPI,116.92,3412.65,DSL,No,Yes,0,6,15,7.9,0
C102075,Female,31,68,One Year,Bank Transfer,127.32,8674.81,Fiber Optic,No,No,0,1,8,7.8,0
C102076,Male,58,58,Month-to-Month,Electronic Check,114.38,6647.33,DSL,No,Yes,0,5,21,6.5,0
C102077,Male,27,55,Two Year,Credit Card,101.33,5892.86,Fiber Optic,Yes,Yes,3,1,15,4.5,0
C102078,Female,26,14,Two Year,Bank Transfer,45.3,602.86,DSL,Yes,No,1,4,11,7.1,0
C102079,Female,18,37,Month-to-Month,Credit Card,85.95,3189.7,Fiber Optic,No,No,1,0,6,8.1,0
C102080,Male,33,44,Month-to-Month,Bank Transfer,42.76,1975.18,DSL,No,Yes,1,2,2,5.3,0
C102081,Male,32,6,Month-to-Month,UPI,99.95,615.83,Fiber Optic,No,No,0,2,11,7.9,1
C102082,Male,44,26,Month-to-Month,UPI,58.99,1547.62,DSL,Yes,No,0,5,11,5.9,0
C102083,Female,41,14,Month-to-Month,Electronic Check,66.4,981.61,DSL,No,No,1,2,20,5.5,0
C102084,Female,24,8,Month-to-Month,Credit Card,58.63,489.55,DSL,No,Yes,3,2,7,6.9,0
C102085,Male,33,24,Two Year,Electronic Check,114.29,2551.2,Fiber Optic,No,No,2,2,3,7.3,0
C102086,Male,34,39,Month-to-Month,Bank Transfer,78.09,3020.28,DSL,Yes,Yes,0,1,10,7.1,0
C102087,Female,18,49,Two Year,UPI,122.55,6201.12,Fiber Optic,No,No,2,3,13,5.9,0
C102088,Female,26,63,Month-to-Month,Electronic Check,92.56,5961.63,Fiber Optic,No,No,0,0,10,7.5,0
C102089,Male,29,26,Month-to-Month,Credit Card,112.72,2854.7,DSL,No,No,2,2,16,6.0,0
C102090,Female,55,10,Month-to-Month,UPI,99.33,983.58,DSL,No,Yes,1,3,18,5.4,1
C102091,Female,40,58,Two Year,Bank Transfer,101.48,5892.86,Fiber Optic,No,No,2,2,19,6.7,0
C102092,Male,46,14,One Year,Electronic Check,62.59,866.23,No Internet,No,Yes,1,2,15,4.2,0
C102093,Female,20,71,One Year,Credit Card,57.17,4216.05,Fiber Optic,No,Yes,1,4,11,8.6,0
C102094,Male,52,39,Month-to-Month,UPI,44.53,1734.47,No Internet,No,No,1,2,13,6.1,0
C102095,Female,54,31,Month-to-Month,Credit Card,85.44,2774.78,Fiber Optic,No,No,2,1,4,7.4,1
C102096,Female,18,50,One Year,Bank Transfer,65.52,3251.35,DSL,No,Yes,0,1,10,6.8,0
C102097,Female,30,16,One Year,Bank Transfer,98.29,1457.34,Fiber Optic,No,No,1,4,11,7.2,0
C102098,Female,44,72,Month-to-Month,Bank Transfer,92.01,7005.48,DSL,Yes,No,2,2,8,5.8,0
C102099,Male,46,51,Month-to-Month,Credit Card,83.13,4398.14,Fiber Optic,No,No,2,5,15,5.8,0
C102100,Female,30,15,Month-to-Month,Electronic Check,46.48,660.62,DSL,No,Yes,1,2,41,6.2,1
C102101,Female,34,38,Month-to-Month,Bank Transfer,107.83,3993.6,DSL,Yes,No,1,0,22,5.8,0
C102102,Male,31,71,One Year,UPI,49.11,3243.93,DSL,Yes,No,1,1,16,7.1,0
C102103,Female,39,72,Month-to-Month,UPI,99.49,7141.32,DSL,Yes,No,1,3,16,6.0,0
C102104,Female,52,21,One Year,Bank Transfer,111.46,2324.5,DSL,Yes,No,2,4,5,5.9,0
C102105,Male,29,16,One Year,Credit Card,74.53,1131.6,DSL,Yes,No,0,2,18,8.5,0
C102106,Female,50,67,One Year,Credit Card,66.25,4215.28,Fiber Optic,No,Yes,1,1,8,8.2,0
C102107,Female,29,65,One Year,Electronic Check,71.32,4446.56,DSL,Yes,Yes,0,1,17,8.0,0
C102108,Male,28,13,Two Year,UPI,139.47,,No Internet,Yes,No,3,0,17,5.4,1
C102109,Female,48,64,One Year,Electronic Check,92.65,5765.78,No Internet,No,Yes,1,1,11,7.1,0
C102110,Male,49,61,Two Year,Electronic Check,89.25,5513.94,Fiber Optic,No,No,2,6,7,6.8,0
C102111,Male,48,32,One Year,Bank Transfer,84.35,2586.81,Fiber Optic,No,Yes,1,0,12,7.0,0
C102112,Male,22,12,Month-to-Month,Bank Transfer,76.07,965.47,DSL,No,No,0,1,8,8.6,0
C102113,Female,32,41,Month-to-Month,Bank Transfer,77.65,3282.6,DSL,Yes,Yes,1,2,9,6.8,0
C102114,Female,48,66,Month-to-Month,Bank Transfer,77.61,5522.3,Fiber Optic,No,No,0,2,5,9.6,0
C102115,Male,38,8,Month-to-Month,Credit Card,108.43,918.52,Fiber Optic,No,Yes,1,2,9,6.4,0
C102116,Male,25,59,One Year,Electronic Check,106.71,5928.1,DSL,No,Yes,1,2,7,7.6,0
C102117,Female,43,25,One Year,UPI,66.39,1714.56,Fiber Optic,No,Yes,4,4,22,4.4,0
C102118,Male,29,5,One Year,UPI,113.44,547.72,DSL,No,No,1,0,9,8.4,0
C102119,Female,60,45,Month-to-Month,Credit Card,109.45,4999.84,DSL,Yes,No,1,1,12,7.7,0
C102120,Female,57,2,Month-to-Month,Credit Card,78.57,160.85,DSL,No,No,2,2,15,6.7,1
C102121,Male,45,42,Month-to-Month,Credit Card,127.5,5571.87,DSL,No,No,0,0,11,5.2,1
C102122,Female,54,38,Month-to-Month,Bank Transfer,60.04,2284.6,DSL,Yes,Yes,0,3,26,6.9,0
C102123,Male,39,3,One Year,Bank Transfer,91.52,269.01,Fiber Optic,No,Yes,0,2,6,8.9,0
C102124,Female,47,46,Month-to-Month,Electronic Check,122.8,6051.22,Fiber Optic,No,Yes,0,0,9,10.0,0
C102125,Female,56,22,Month-to-Month,Credit Card,72.74,1558.08,No Internet,No,No,0,4,13,6.9,0
C102126,Female,41,33,Month-to-Month,Bank Transfer,71.08,2267.99,Fiber Optic,Yes,Yes,1,1,9,6.5,0
C102127,Male,35,32,Month-to-Month,UPI,88.89,2759.48,Fiber Optic,No,No,1,6,21,5.4,0
C102128,Female,18,17,Month-to-Month,Credit Card,94.53,1690.44,DSL,No,No,1,2,21,,0
C102129,Male,37,56,Month-to-Month,Bank Transfer,92.67,5301.43,Fiber Optic,No,Yes,0,1,7,9.1,0
C102130,Male,48,3,Month-to-Month,Credit Card,108.37,308.68,DSL,No,Yes,2,3,4,7.3,0
C102131,Male,49,70,Month-to-Month,Electronic Check,102.39,6817.71,Fiber Optic,Yes,Yes,2,1,19,5.7,0
C102132,Female,44,49,One Year,Bank Transfer,47.74,2193.99,Fiber Optic,No,Yes,1,3,7,5.6,0
C102133,Female,32,55,Month-to-Month,Bank Transfer,66.57,,DSL,Yes,No,1,3,12,6.9,0
C102134,Female,18,31,One Year,Credit Card,94.6,2921.62,Fiber Optic,No,No,0,2,15,8.3,0
C102135,Female,32,21,Month-to-Month,Bank Transfer,66.76,1368.47,DSL,No,No,2,1,3,6.0,0
C102136,Male,34,16,Two Year,UPI,55.84,878.16,No Internet,No,No,1,5,6,7.3,0
C102137,Female,34,17,One Year,Bank Transfer,102.28,1769.45,Fiber Optic,No,Yes,0,1,18,10.0,0
C102138,Male,45,1,Month-to-Month,UPI,119.14,120.04,No Internet,No,Yes,6,1,14,4.3,1
C102139,Female,62,72,Month-to-Month,Electronic Check,89.66,6392.27,No Internet,No,Yes,0,3,16,6.5,0
C102140,Female,39,65,Month-to-Month,UPI,103.42,6718.4,Fiber Optic,No,Yes,1,1,10,7.2,0
C102141,Female,35,66,One Year,Credit Card,87.03,6012.93,Fiber Optic,Yes,No,0,3,13,8.5,0
C102142,Female,35,37,Month-to-Month,Electronic Check,87.89,3260.29,No Internet,Yes,No,1,1,17,6.4,0
C102143,Male,39,24,Month-to-Month,Electronic Check,66.05,1701.31,Fiber Optic,No,No,3,4,10,6.6,0
C102144,Male,28,62,Two Year,Bank Transfer,105.84,6617.21,Fiber Optic,No,Yes,1,1,8,6.7,0
C102145,Female,39,21,Month-to-Month,Electronic Check,94.41,1927.77,Fiber Optic,No,Yes,0,1,9,9.0,1
C102146,Male,43,37,Month-to-Month,Credit Card,88.23,3496.21,DSL,No,Yes,0,3,12,9.4,0
C102147,Male,41,35,Two Year,Bank Transfer,110.11,3606.02,Fiber Optic,No,Yes,2,2,10,5.7,0
C102148,Male,43,38,Two Year,Bank Transfer,58.36,2350.15,Fiber Optic,No,No,0,2,8,8.1,0
C102149,Female,43,53,One Year,Credit Card,84.92,4228.67,Fiber Optic,No,Yes,2,3,7,6.4,0
C102150,Male,18,15,Two Year,Bank Transfer,96.1,1474.32,Fiber Optic,No,No,1,1,10,6.5,0
C102151,Male,46,42,Two Year,UPI,95.36,4254.13,Fiber Optic,No,No,1,1,8,6.3,0
C102152,Female,30,4,Two Year,UPI,47.51,178.07,DSL,No,No,4,1,13,7.3,0
C102153,Female,25,39,Month-to-Month,Electronic Check,66.15,2786.05,DSL,Yes,Yes,1,1,13,7.2,0
C102154,Male,25,23,Month-to-Month,UPI,88.8,2036.48,Fiber Optic,No,Yes,1,1,3,7.7,1
C102155,Male,43,15,Month-to-Month,Electronic Check,106.67,1597.61,Fiber Optic,Yes,Yes,0,1,17,7.1,0
C102156,Male,35,12,Two Year,Bank Transfer,96.02,1123.27,DSL,No,Yes,3,1,11,7.1,0
C102157,Male,18,70,Month-to-Month,UPI,111.1,7646.39,DSL,No,Yes,2,2,3,6.4,1
C102158,Male,44,54,Month-to-Month,Bank Transfer,98.39,5274.99,DSL,No,Yes,4,1,9,5.8,0
C102159,Female,21,38,Month-to-Month,UPI,126.77,4570.01,DSL,No,Yes,0,1,4,9.3,0
C102160,Female,40,28,One Year,UPI,75.19,2100.66,DSL,No,Yes,1,2,5,6.5,0
C102161,Female,41,19,One Year,UPI,117.43,2265.75,Fiber Optic,No,Yes,0,2,4,9.9,0
C102162,Male,49,69,Month-to-Month,Credit Card,48.37,3084.17,No Internet,Yes,Yes,3,3,7,8.1,0
C102163,Female,59,64,One Year,UPI,91.56,6089.46,No Internet,No,Yes,3,4,6,7.0,0
C102164,Male,22,4,Month-to-Month,Electronic Check,87.14,351.97,Fiber Optic,Yes,No,0,1,9,6.9,1
C102165,Female,37,10,Month-to-Month,Credit Card,81.34,762.6,Fiber Optic,Yes,No,4,2,23,4.5,1
C102166,Female,35,12,Two Year,Bank Transfer,78.18,989.6,DSL,No,Yes,0,4,8,6.1,0
C102167,Male,43,69,One Year,UPI,88.54,6106.11,Fiber Optic,No,Yes,1,4,2,7.5,0
C102168,Female,41,7,Month-to-Month,Electronic Check,82.11,567.91,DSL,No,No,3,2,18,7.7,1
C102169,Male,34,44,Two Year,UPI,76.47,3301.78,DSL,No,Yes,3,1,7,5.4,0
C102170,Female,33,23,Month-to-Month,UPI,104.47,2512.29,Fiber Optic,No,No,1,5,8,5.9,1
C102171,Male,25,2,One Year,UPI,57.04,106.43,Fiber Optic,No,No,0,2,7,6.2,1
C102172,Male,50,37,One Year,Electronic Check,97.88,3740.6,Fiber Optic,Yes,Yes,1,5,26,4.9,1
C102173,Female,44,69,Month-to-Month,UPI,93.0,6557.79,Fiber Optic,No,No,2,1,5,9.2,0
C102174,Male,49,20,Month-to-Month,Bank Transfer,86.47,1708.2,Fiber Optic,No,Yes,1,1,8,7.5,0
C102175,Female,34,44,Month-to-Month,Electronic Check,101.4,4783.82,Fiber Optic,No,Yes,2,5,11,3.9,1
C102176,Male,30,70,Month-to-Month,UPI,49.74,3510.06,Fiber Optic,No,No,1,3,15,6.0,0
C102177,Female,25,51,Month-to-Month,Electronic Check,88.38,4576.45,Fiber Optic,Yes,Yes,2,2,13,7.7,0
C102178,Female,42,31,Month-to-Month,Credit Card,81.21,2623.49,Fiber Optic,No,Yes,1,2,2,6.3,0
C102179,Male,26,41,One Year,Electronic Check,102.43,4283.84,Fiber Optic,No,No,1,1,15,7.2,0
C102180,Male,60,58,One Year,Credit Card,101.92,6235.66,Fiber Optic,No,Yes,1,2,3,6.6,0
C102181,Male,22,5,One Year,Credit Card,85.48,408.86,DSL,No,No,2,2,10,7.3,1
C102182,Male,41,33,Month-to-Month,UPI,100.24,3459.16,Fiber Optic,No,No,1,4,4,8.7,0
C102183,Male,57,43,Month-to-Month,UPI,39.74,1589.5,DSL,Yes,Yes,2,4,10,6.6,0
C102184,Female,45,19,Month-to-Month,Credit Card,88.78,1736.28,DSL,Yes,Yes,3,1,5,6.1,0
C102185,Female,40,32,Two Year,Credit Card,114.02,3932.0,Fiber Optic,Yes,No,1,1,8,5.6,0
C102186,Female,26,3,Two Year,Electronic Check,88.82,274.45,Fiber Optic,No,No,4,2,30,4.0,1
C102187,Female,21,1,Two Year,Credit Card,72.87,70.88,No Internet,No,No,0,1,15,8.6,0
C102188,Female,47,41,Month-to-Month,UPI,90.17,3700.83,Fiber Optic,No,Yes,2,2,15,6.4,1
C102189,Female,56,48,One Year,Electronic Check,76.69,3971.38,DSL,Yes,Yes,3,1,9,6.1,0
C102190,Male,33,39,One Year,Electronic Check,87.8,,Fiber Optic,No,No,3,4,16,6.5,1
C102191,Female,24,5,One Year,UPI,76.77,401.52,Fiber Optic,Yes,No,2,2,15,6.5,0
C102192,Female,18,11,One Year,Bank Transfer,133.49,1393.75,Fiber Optic,No,Yes,3,1,9,5.9,1
C102193,Female,26,22,Month-to-Month,Credit Card,73.42,1703.33,DSL,No,No,0,1,26,7.9,0
C102194,Male,37,64,One Year,UPI,107.87,6546.18,Fiber Optic,Yes,Yes,1,3,18,7.4,0
C102195,Male,57,12,One Year,Electronic Check,76.59,991.67,DSL,Yes,Yes,2,4,7,5.4,0
C102196,Male,46,53,Month-to-Month,UPI,77.96,3872.6,No Internet,No,Yes,0,3,7,7.1,0
C102197,Female,42,55,Two Year,Credit Card,96.95,5231.26,DSL,Yes,Yes,2,1,20,4.8,0
C102198,Female,33,53,Month-to-Month,Bank Transfer,86.16,4714.34,No Internet,No,Yes,0,4,16,6.4,0
C102199,Male,31,21,One Year,Credit Card,91.31,1992.72,Fiber Optic,Yes,Yes,2,3,15,5.8,0
C102200,Female,55,19,One Year,Electronic Check,79.65,1466.45,Fiber Optic,No,No,2,4,7,6.2,0
C102201,Male,40,69,One Year,Bank Transfer,79.7,5585.62,DSL,No,No,0,2,8,7.9,0
C102202,Male,18,72,Month-to-Month,Electronic Check,82.63,5554.37,DSL,No,Yes,2,4,5,6.6,0
C102203,Male,30,66,One Year,Electronic Check,63.72,3893.16,DSL,No,Yes,0,3,28,7.4,0
C102204,Female,28,59,Month-to-Month,Credit Card,95.38,5300.98,Fiber Optic,Yes,No,1,1,4,,0
C102205,Female,31,49,Two Year,Credit Card,103.83,5003.73,Fiber Optic,No,Yes,0,4,33,6.2,0
C102206,Male,45,59,Month-to-Month,Bank Transfer,108.79,6407.01,Fiber Optic,Yes,No,2,1,2,8.5,1
C102207,Female,37,23,Month-to-Month,Bank Transfer,98.99,2130.72,Fiber Optic,Yes,Yes,0,2,23,6.5,1
C102208,Male,37,3,Two Year,Credit Card,88.11,261.78,Fiber Optic,No,Yes,1,4,5,6.0,0
C102209,Female,54,56,Month-to-Month,Credit Card,66.04,3941.16,Fiber Optic,No,Yes,0,3,18,7.9,0
C102210,Female,30,58,Month-to-Month,UPI,78.73,4635.22,Fiber Optic,Yes,Yes,3,1,27,6.0,0
C102211,Female,60,62,Two Year,Electronic Check,84.59,5083.45,DSL,No,No,2,3,18,6.2,0
C102212,Male,30,18,Month-to-Month,Bank Transfer,69.47,1188.06,Fiber Optic,No,No,1,2,32,6.2,1
C102213,Female,39,61,Month-to-Month,Credit Card,41.8,2554.88,Fiber Optic,Yes,Yes,3,2,32,,0
C102214,Female,35,37,Month-to-Month,Credit Card,104.95,3721.59,Fiber Optic,No,No,4,2,5,5.5,1
C102215,Male,39,54,Two Year,Bank Transfer,90.37,5225.55,Fiber Optic,No,Yes,2,1,4,6.4,0
C102216,Female,43,65,Month-to-Month,UPI,76.39,4828.26,No Internet,Yes,Yes,0,1,14,9.5,0
C102217,Male,43,14,One Year,Bank Transfer,78.41,1017.84,Fiber Optic,Yes,Yes,0,3,22,7.6,0
C102218,Female,29,5,Month-to-Month,Bank Transfer,79.39,414.96,No Internet,Yes,No,3,2,5,6.1,1
C102219,Male,25,62,Month-to-Month,Credit Card,74.04,,DSL,No,No,0,2,9,6.4,0
C102220,Female,68,1,Month-to-Month,Credit Card,69.89,74.25,No Internet,No,Yes,1,2,13,6.6,0
C102221,Female,32,63,Two Year,Credit Card,104.28,6905.17,DSL,No,Yes,2,3,12,5.6,0
C102222,Male,46,67,Month-to-Month,Electronic Check,46.92,3041.57,DSL,No,No,1,3,5,6.6,0
C102223,Male,19,20,Month-to-Month,Credit Card,50.02,1042.33,Fiber Optic,Yes,Yes,2,5,4,5.5,1
C102224,Male,35,43,Month-to-Month,Credit Card,101.64,4621.05,DSL,Yes,Yes,2,3,9,6.4,0
C102225,Male,36,42,Month-to-Month,Bank Transfer,95.19,4218.98,Fiber Optic,No,Yes,1,2,1,7.2,1
C102226,Male,44,69,Month-to-Month,Credit Card,68.56,4696.31,Fiber Optic,Yes,No,1,3,21,7.3,0
C102227,Female,18,39,Month-to-Month,UPI,72.52,2919.97,Fiber Optic,Yes,Yes,1,2,4,7.7,0
C102228,Male,40,62,Month-to-Month,Credit Card,89.87,5954.94,Fiber Optic,Yes,Yes,0,0,9,7.0,0
C102229,Male,24,48,One Year,Bank Transfer,86.07,4214.36,DSL,No,Yes,2,2,11,5.3,1
C102230,Female,42,6,Month-to-Month,Bank Transfer,101.71,592.84,DSL,Yes,Yes,0,0,18,7.1,1
C102231,Male,26,42,Month-to-Month,Bank Transfer,102.99,4035.43,Fiber Optic,No,Yes,1,2,5,7.6,0
C102232,Female,28,58,Month-to-Month,Electronic Check,81.99,4460.09,Fiber Optic,No,Yes,1,4,17,5.9,0
C102233,Female,35,43,Month-to-Month,Electronic Check,84.82,3635.82,Fiber Optic,Yes,No,0,4,12,8.0,0
C102234,Female,25,10,Month-to-Month,Credit Card,96.14,977.54,Fiber Optic,No,No,0,2,3,5.7,0
C102235,Female,32,39,Month-to-Month,UPI,118.45,4382.38,Fiber Optic,No,No,0,2,3,8.5,0
C102236,Female,24,13,One Year,Bank Transfer,90.13,1113.13,Fiber Optic,No,No,2,2,13,4.7,1
C102237,Male,18,39,Month-to-Month,Credit Card,81.45,2981.46,DSL,Yes,No,0,1,4,8.0,0
C102238,Male,50,11,Month-to-Month,Electronic Check,74.21,792.59,Fiber Optic,Yes,No,1,1,8,8.2,1
C102239,Male,22,16,One Year,Bank Transfer,87.52,1418.03,Fiber Optic,No,Yes,0,0,2,7.8,0
C102240,Female,36,33,One Year,UPI,82.96,2819.01,DSL,Yes,No,1,1,22,7.0,0
C102241,Male,47,60,Month-to-Month,Electronic Check,85.82,5487.61,Fiber Optic,No,No,2,3,21,5.3,1
C102242,Female,31,59,Month-to-Month,Bank Transfer,75.63,4531.18,DSL,Yes,No,2,2,26,5.9,1
C102243,Female,28,51,Month-to-Month,Electronic Check,61.5,3001.56,Fiber Optic,No,Yes,2,2,20,6.0,0
C102244,Female,41,15,Two Year,UPI,83.21,1293.56,DSL,No,Yes,1,3,31,7.9,1
C102245,Female,51,43,One Year,Bank Transfer,118.24,5404.17,Fiber Optic,Yes,Yes,0,2,9,6.6,0
C102246,Male,24,27,Month-to-Month,Electronic Check,105.41,2713.92,DSL,Yes,No,0,0,6,8.7,1
C102247,Female,36,56,Month-to-Month,Electronic Check,108.92,6366.46,DSL,Yes,Yes,3,1,23,5.1,1
C102248,Female,18,60,One Year,Bank Transfer,52.58,3309.71,DSL,No,Yes,2,1,11,6.2,0
C102249,Male,33,70,Month-to-Month,Bank Transfer,112.0,7597.12,Fiber Optic,No,Yes,2,2,5,6.8,0
C102250,Male,38,47,One Year,Bank Transfer,97.97,4604.7,DSL,No,Yes,2,5,10,7.0,0
C102251,Female,28,8,Two Year,Credit Card,124.77,984.62,No Internet,No,Yes,1,3,8,7.4,0
C102252,Female,33,63,Month-to-Month,Bank Transfer,94.39,5709.12,Fiber Optic,No,No,0,3,5,6.4,0
C102253,Female,21,7,Month-to-Month,UPI,87.47,613.8,DSL,No,Yes,1,3,10,7.3,1
C102254,Female,39,2,Month-to-Month,UPI,96.06,203.63,Fiber Optic,No,Yes,1,3,15,7.1,1
C102255,Female,51,17,Month-to-Month,Credit Card,134.46,2128.99,Fiber Optic,No,No,0,1,1,7.0,1
C102256,Male,25,4,One Year,Credit Card,71.26,303.8,DSL,No,No,3,2,9,7.1,1
C102257,Male,31,26,Month-to-Month,Electronic Check,99.84,2411.14,DSL,No,No,0,1,14,8.7,0
C102258,Male,44,72,Month-to-Month,Credit Card,66.92,,DSL,Yes,No,1,3,15,5.7,0
C102259,Male,53,69,Month-to-Month,Bank Transfer,79.62,5077.68,No Internet,No,Yes,1,4,14,6.2,0
C102260,Female,20,5,Two Year,Credit Card,72.31,374.44,No Internet,Yes,No,1,2,8,6.5,1
C102261,Female,36,5,Month-to-Month,Credit Card,58.65,275.09,No Internet,No,No,5,2,38,3.6,1
C102262,Female,41,69,Month-to-Month,UPI,103.18,7501.3,DSL,No,Yes,2,2,5,7.1,0
C102263,Male,37,3,Month-to-Month,Electronic Check,117.3,374.32,Fiber Optic,No,No,1,0,14,7.4,1
C102264,Female,18,38,One Year,UPI,117.59,4399.21,Fiber Optic,No,Yes,1,2,14,7.7,0
C102265,Female,44,1,Month-to-Month,Electronic Check,85.67,92.33,DSL,No,Yes,0,1,2,8.8,1
C102266,Female,56,8,Month-to-Month,Electronic Check,115.83,911.42,Fiber Optic,No,No,1,4,10,7.0,1
C102267,Female,39,13,Two Year,Credit Card,48.27,623.23,No Internet,Yes,No,1,2,7,8.2,0
C102268,Male,26,70,Month-to-Month,UPI,109.92,7595.24,DSL,Yes,Yes,2,3,10,8.3,0
C102269,Male,32,50,Month-to-Month,UPI,112.17,5648.57,Fiber Optic,No,No,4,1,5,5.4,0
C102270,Male,59,8,Two Year,Bank Transfer,97.89,835.7,DSL,No,No,3,2,22,5.4,0
C102271,Male,49,30,Month-to-Month,Credit Card,103.16,2900.63,Fiber Optic,No,Yes,0,2,18,7.5,0
C102272,Male,46,40,Month-to-Month,Credit Card,110.92,4361.87,Fiber Optic,No,Yes,3,2,19,4.2,1
C102273,Female,42,33,Month-to-Month,Bank Transfer,81.02,2612.36,DSL,No,No,1,2,23,6.3,0
C102274,Female,30,52,One Year,UPI,94.02,4576.07,Fiber Optic,No,No,0,2,8,8.2,0
C102275,Female,36,33,Two Year,UPI,78.62,2708.97,DSL,No,Yes,1,3,29,6.3,0
C102276,Female,37,37,One Year,UPI,82.32,2869.67,Fiber Optic,No,No,0,4,8,7.7,0
C102277,Male,45,70,Month-to-Month,Bank Transfer,61.93,4020.74,DSL,Yes,Yes,1,0,12,7.5,0
C102278,Female,56,69,Month-to-Month,Credit Card,49.92,3705.49,DSL,No,Yes,2,0,4,6.1,0
C102279,Male,51,4,Month-to-Month,Electronic Check,121.01,499.32,DSL,Yes,No,0,6,4,7.0,1
C102280,Male,21,60,One Year,Credit Card,60.48,3762.18,No Internet,No,No,1,5,9,8.9,0
C102281,Male,41,31,One Year,,74.29,2330.64,Fiber Optic,Yes,Yes,4,1,17,6.8,0
C102282,Male,47,14,One Year,Electronic Check,107.52,1426.12,DSL,Yes,Yes,2,1,18,6.5,1
C102283,Male,45,60,Two Year,Credit Card,141.26,8521.73,Fiber Optic,Yes,No,0,2,20,8.4,0
C102284,Male,30,68,Month-to-Month,Bank Transfer,108.57,7709.64,DSL,Yes,Yes,0,1,19,7.7,0
C102285,Male,73,26,Month-to-Month,Bank Transfer,92.43,2483.34,No Internet,No,Yes,1,2,23,7.8,1
C102286,Female,23,24,Two Year,Electronic Check,58.08,1425.55,DSL,No,No,0,3,15,6.9,0
C102287,Male,25,56,Month-to-Month,Credit Card,118.8,6208.16,Fiber Optic,No,No,2,1,30,5.8,0
C102288,Male,41,9,Month-to-Month,Bank Transfer,92.9,855.84,Fiber Optic,Yes,Yes,1,2,17,7.8,0
C102289,Male,63,35,Month-to-Month,UPI,53.22,1733.71,Fiber Optic,Yes,Yes,1,0,16,7.0,0
C102290,Female,28,24,Month-to-Month,Electronic Check,83.55,2139.21,Fiber Optic,No,Yes,0,1,2,7.2,1
C102291,Male,35,31,Month-to-Month,Bank Transfer,97.92,3207.56,DSL,Yes,No,2,3,39,,1
C102292,Male,51,66,Two Year,Electronic Check,73.83,4501.18,Fiber Optic,No,Yes,0,0,13,7.5,0
C102293,Male,38,66,Month-to-Month,Electronic Check,109.01,6865.24,Fiber Optic,No,Yes,2,0,4,6.3,0
C102294,Male,34,41,Month-to-Month,Electronic Check,54.72,2268.37,DSL,No,No,1,1,9,6.0,0
C102295,Male,45,36,Month-to-Month,Credit Card,57.9,1932.62,No Internet,No,No,0,2,11,9.0,0
C102296,Male,41,34,Two Year,UPI,98.1,3554.06,DSL,No,Yes,0,3,19,6.6,0
C102297,Male,50,39,Month-to-Month,UPI,71.08,2948.96,Fiber Optic,No,No,2,6,18,6.5,1
C102298,Male,53,23,One Year,Credit Card,108.17,2356.18,Fiber Optic,No,Yes,1,3,22,5.9,0
C102299,Male,42,44,Month-to-Month,Credit Card,48.27,2266.79,Fiber Optic,No,No,0,3,11,7.5,0
C102300,Female,42,70,Month-to-Month,Electronic Check,70.7,5109.79,DSL,Yes,Yes,1,2,13,5.2,0
C102301,Female,41,58,One Year,Credit Card,93.38,5383.04,DSL,No,No,2,1,2,5.6,0
C102302,Male,44,59,Month-to-Month,Electronic Check,124.67,7307.65,DSL,Yes,Yes,3,1,17,6.3,0
C102303,Male,39,26,Month-to-Month,Electronic Check,106.73,2692.78,DSL,No,Yes,1,1,13,7.6,0
C102304,Female,38,22,One Year,Electronic Check,73.3,1634.72,DSL,Yes,No,2,2,12,6.0,0
C102305,Male,52,40,Month-to-Month,Bank Transfer,108.87,4425.65,Fiber Optic,Yes,No,2,2,10,5.7,0
C102306,Male,56,11,Two Year,Electronic Check,90.96,947.76,Fiber Optic,No,Yes,2,1,18,5.1,1
C102307,Female,20,9,Month-to-Month,Bank Transfer,114.39,1026.85,Fiber Optic,No,Yes,4,2,11,5.1,1
C102308,Male,38,12,One Year,Electronic Check,96.62,1087.16,DSL,Yes,No,1,3,9,4.7,0
C102309,Male,30,26,Two Year,UPI,131.89,3578.95,No Internet,No,Yes,0,0,11,5.7,0
C102310,Male,34,38,Month-to-Month,Electronic Check,98.23,3909.03,No Internet,No,Yes,1,6,6,5.4,1
C102311,Female,43,3,Month-to-Month,Electronic Check,74.41,235.93,Fiber Optic,No,No,2,4,8,6.5,0
C102312,Male,46,15,Month-to-Month,Credit Card,91.85,1277.51,Fiber Optic,No,No,3,3,8,6.1,0
C102313,Female,37,47,Two Year,UPI,68.85,3322.04,Fiber Optic,No,No,1,0,23,7.5,0
C102314,Female,18,5,One Year,UPI,60.12,318.68,No Internet,No,Yes,0,2,7,8.3,0
C102315,Male,26,54,Month-to-Month,Bank Transfer,87.24,4586.82,Fiber Optic,No,Yes,2,0,9,6.0,0
C102316,Male,49,24,Month-to-Month,Electronic Check,83.58,2099.73,No Internet,No,Yes,2,2,12,8.3,0
C102317,Male,18,11,Month-to-Month,Electronic Check,77.06,,Fiber Optic,Yes,No,1,3,8,6.0,0
C102318,Male,52,33,One Year,UPI,39.16,1326.45,No Internet,No,No,3,3,9,4.9,0
C102319,Male,44,57,Two Year,Bank Transfer,48.87,2670.02,DSL,No,Yes,0,1,9,7.3,0
C102320,Female,54,52,Month-to-Month,Credit Card,85.39,4140.6,No Internet,No,No,3,1,9,5.7,1
C102321,Female,36,64,One Year,Credit Card,45.81,2931.94,No Internet,No,No,1,3,12,7.8,0
C102322,Female,18,43,Month-to-Month,Bank Transfer,105.93,4457.74,Fiber Optic,No,Yes,1,0,12,7.0,1
C102323,Male,43,44,One Year,Credit Card,108.97,4868.82,DSL,Yes,No,1,3,9,5.6,0
C102324,Female,53,36,Month-to-Month,Credit Card,65.67,2498.84,DSL,No,No,1,2,8,6.0,0
C102325,Female,49,12,One Year,Electronic Check,74.16,874.55,No Internet,No,Yes,0,4,21,7.7,0
C102326,Female,30,56,Two Year,Electronic Check,97.37,5825.01,DSL,Yes,Yes,1,1,18,6.4,0
C102327,Male,39,3,One Year,Bank Transfer,83.95,242.52,Fiber Optic,No,Yes,0,5,17,6.7,0
C102328,Female,32,50,Two Year,UPI,56.78,2965.24,DSL,Yes,No,0,3,7,7.6,0
C102329,Male,28,29,Month-to-Month,Bank Transfer,77.66,2302.82,Fiber Optic,No,No,2,4,5,6.2,1
C102330,Male,49,16,Two Year,Bank Transfer,72.93,1169.72,DSL,Yes,Yes,1,1,15,5.2,0
C102331,Male,24,40,Two Year,UPI,100.71,3995.72,Fiber Optic,No,No,2,1,10,5.4,0
C102332,Female,27,27,Month-to-Month,Credit Card,68.45,1970.46,Fiber Optic,No,No,1,1,9,6.2,0
C102333,Female,25,70,Month-to-Month,Electronic Check,94.84,6796.4,DSL,No,No,1,2,4,5.9,0
C102334,Male,20,42,Two Year,Electronic Check,93.83,3853.3,DSL,No,No,1,4,28,5.9,0
C102335,Male,40,57,Month-to-Month,UPI,54.57,3136.48,DSL,No,No,1,2,18,6.1,0
C102336,Male,52,10,Month-to-Month,Bank Transfer,102.94,1037.84,No Internet,No,Yes,1,3,7,5.5,1
C102337,Male,36,38,One Year,UPI,42.19,1699.92,Fiber Optic,No,Yes,1,0,15,6.3,0
C102338,Male,20,8,Month-to-Month,Credit Card,71.35,528.93,Fiber Optic,Yes,Yes,2,3,5,5.3,0
C102339,Male,48,18,One Year,Credit Card,60.02,1070.13,Fiber Optic,Yes,Yes,3,3,7,4.8,0
C102340,Female,58,17,Month-to-Month,Electronic Check,118.47,2017.25,Fiber Optic,No,Yes,0,3,10,7.8,0
C102341,Male,30,58,Month-to-Month,UPI,100.37,5497.28,Fiber Optic,No,Yes,1,2,19,7.4,0
C102342,Male,32,66,One Year,Electronic Check,78.63,4775.06,Fiber Optic,No,No,0,1,8,8.5,0
C102343,Male,44,44,Month-to-Month,UPI,102.68,4158.03,Fiber Optic,No,No,2,1,14,7.6,1
C102344,Female,57,9,Two Year,Electronic Check,74.2,719.55,DSL,Yes,No,3,3,30,4.7,1
C102345,Female,32,48,One Year,Electronic Check,131.0,5861.32,DSL,Yes,Yes,1,2,19,6.5,0
C102346,Female,22,39,Month-to-Month,Electronic Check,116.02,4228.12,Fiber Optic,No,Yes,0,1,35,6.4,0
C102347,Male,46,6,One Year,UPI,118.38,667.58,Fiber Optic,No,No,2,2,16,7.8,0
C102348,Female,48,30,One Year,Electronic Check,61.49,1988.96,Fiber Optic,No,No,1,2,8,8.2,0
C102349,Male,38,18,Two Year,Credit Card,134.35,2512.96,Fiber Optic,No,Yes,0,3,16,6.8,0
C102350,Female,31,43,One Year,Electronic Check,70.83,3001.19,Fiber Optic,No,No,1,1,17,5.3,0
C102351,Female,50,33,Month-to-Month,Electronic Check,52.85,1879.96,Fiber Optic,Yes,Yes,2,3,31,6.4,1
C102352,Female,44,53,Month-to-Month,Credit Card,74.89,4007.51,Fiber Optic,No,No,2,1,6,6.8,1
C102353,Female,29,56,Two Year,UPI,101.69,5974.38,No Internet,Yes,Yes,2,1,18,4.1,0
C102354,Female,39,19,One Year,UPI,86.2,1526.58,Fiber Optic,Yes,Yes,1,0,14,7.9,0
C102355,Male,22,69,Month-to-Month,Electronic Check,94.12,6950.78,Fiber Optic,Yes,Yes,2,3,29,7.1,0
C102356,Female,46,26,One Year,UPI,63.79,1778.62,Fiber Optic,Yes,No,1,1,23,7.9,0
C102357,Male,35,29,Month-to-Month,Credit Card,92.92,2851.42,Fiber Optic,Yes,Yes,0,0,9,9.1,0
C102358,Female,33,24,Month-to-Month,Electronic Check,95.09,2158.39,Fiber Optic,Yes,No,1,0,31,8.0,0
C102359,Male,38,6,One Year,Bank Transfer,88.77,490.29,Fiber Optic,Yes,Yes,0,3,5,8.2,0
C102360,Male,38,54,Month-to-Month,Electronic Check,87.63,5033.72,Fiber Optic,Yes,Yes,0,3,16,7.9,0
C102361,Male,49,39,One Year,UPI,80.62,3047.15,DSL,No,Yes,1,3,5,7.9,0
C102362,Male,45,4,Month-to-Month,Bank Transfer,80.05,313.18,DSL,Yes,Yes,1,4,17,7.4,1
C102363,Male,36,58,Month-to-Month,Electronic Check,114.13,6588.11,Fiber Optic,No,No,1,2,5,6.1,0
C102364,Female,47,48,Month-to-Month,Bank Transfer,105.24,4904.13,DSL,Yes,Yes,1,1,12,7.5,0
C102365,Male,43,60,Month-to-Month,Credit Card,115.46,7032.67,Fiber Optic,No,No,0,2,7,6.7,0
C102366,Male,33,26,Month-to-Month,Credit Card,71.64,1833.86,DSL,No,Yes,0,3,8,9.4,0
C102367,Female,37,40,Two Year,Credit Card,62.41,2588.96,Fiber Optic,No,Yes,4,2,2,4.8,1
C102368,Male,36,56,Month-to-Month,Credit Card,77.18,3998.38,Fiber Optic,No,Yes,2,2,20,5.9,0
C102369,Female,44,39,Two Year,Bank Transfer,78.63,2921.86,Fiber Optic,Yes,Yes,1,4,43,5.6,0
C102370,Female,34,39,Month-to-Month,Bank Transfer,59.3,2466.15,Fiber Optic,No,Yes,3,1,3,7.1,0
C102371,Female,33,48,Two Year,UPI,85.91,3823.64,No Internet,No,Yes,1,1,14,6.5,1
C102372,Female,62,25,Month-to-Month,Electronic Check,96.3,2398.82,Fiber Optic,Yes,No,0,4,11,6.5,1
C102373,Male,49,34,Month-to-Month,Credit Card,48.34,1559.78,DSL,No,No,3,8,13,4.9,0
C102374,Female,29,21,One Year,Bank Transfer,46.4,1017.88,DSL,No,No,0,2,14,7.7,0
C102375,Male,45,25,One Year,Electronic Check,80.59,2021.1,Fiber Optic,No,Yes,2,2,15,7.2,1
C102376,Male,39,22,Month-to-Month,UPI,117.91,2684.79,Fiber Optic,No,Yes,0,1,15,7.4,1
C102377,Female,43,23,Month-to-Month,Electronic Check,39.1,946.71,DSL,No,Yes,2,0,24,7.4,1
C102378,Male,40,25,Month-to-Month,UPI,109.01,2834.74,Fiber Optic,Yes,Yes,0,2,21,5.4,1
C102379,Female,52,26,Month-to-Month,Bank Transfer,84.72,2170.7,No Internet,Yes,Yes,1,1,4,6.5,0
C102380,Female,42,30,Month-to-Month,Credit Card,25.0,744.61,DSL,Yes,No,2,2,47,4.4,0
C102381,Female,37,38,Month-to-Month,UPI,68.56,2669.89,DSL,No,Yes,1,3,11,6.3,1
C102382,Female,51,34,One Year,UPI,59.97,2119.94,No Internet,Yes,No,1,3,14,7.6,0
C102383,Male,41,15,Two Year,UPI,88.07,1294.02,No Internet,No,No,1,5,4,7.1,0
C102384,Male,39,44,Month-to-Month,Bank Transfer,67.51,3102.66,DSL,No,Yes,4,2,17,4.7,0
C102385,Female,42,10,One Year,Credit Card,64.99,598.42,DSL,No,No,0,1,44,6.1,0
C102386,Male,37,37,Month-to-Month,UPI,65.65,2589.21,Fiber Optic,No,No,2,2,21,7.4,0
C102387,Female,38,7,Month-to-Month,Bank Transfer,91.49,650.24,DSL,Yes,No,2,3,29,6.5,1
C102388,Female,31,32,One Year,Credit Card,55.59,1797.56,Fiber Optic,Yes,Yes,1,2,10,7.5,0
C102389,Female,29,11,One Year,UPI,68.5,760.88,No Internet,Yes,Yes,1,2,5,7.8,1
C102390,Male,26,48,Two Year,Bank Transfer,66.24,2945.46,DSL,Yes,Yes,0,0,4,7.3,0
C102391,Male,21,68,One Year,Credit Card,72.32,5271.38,DSL,No,Yes,2,4,5,7.2,0
C102392,Male,27,48,Month-to-Month,Credit Card,61.61,3082.25,Fiber Optic,Yes,Yes,0,2,11,7.8,0
C102393,Male,36,45,Month-to-Month,UPI,84.54,3935.64,Fiber Optic,Yes,Yes,1,1,18,7.4,1
C102394,Female,39,33,One Year,Credit Card,63.55,2164.63,DSL,Yes,No,1,2,11,8.5,0
C102395,Male,35,4,Month-to-Month,Electronic Check,56.41,227.22,No Internet,No,No,0,3,11,5.6,1
C102396,Male,18,47,Month-to-Month,Credit Card,73.0,3498.35,No Internet,Yes,No,3,0,11,3.8,0
C102397,Male,57,53,Month-to-Month,UPI,84.33,4772.99,DSL,Yes,No,1,2,14,6.3,0
C102398,Female,51,31,Two Year,Bank Transfer,65.9,1997.31,DSL,No,Yes,3,1,11,6.2,0
C102399,Female,43,31,One Year,Bank Transfer,66.19,2083.96,Fiber Optic,Yes,Yes,0,5,8,7.7,0
C102400,Male,61,27,Month-to-Month,Electronic Check,57.77,1532.43,No Internet,Yes,No,1,3,19,7.1,0
C102401,Male,26,48,Two Year,Bank Transfer,84.1,3790.55,Fiber Optic,No,No,1,2,11,5.4,0
C102402,Male,61,36,One Year,Electronic Check,72.44,2459.51,Fiber Optic,No,Yes,0,5,23,6.0,0
C102403,Male,26,49,Month-to-Month,Credit Card,70.4,3209.31,DSL,No,Yes,1,2,16,4.6,0
C102404,Female,41,31,Month-to-Month,Credit Card,54.94,1673.15,DSL,No,No,1,2,7,7.4,0
C102405,Female,23,44,One Year,UPI,70.11,,Fiber Optic,No,No,3,3,6,7.2,0
C102406,Male,38,59,Month-to-Month,Electronic Check,83.19,4612.75,Fiber Optic,Yes,Yes,2,3,8,7.5,0
C102407,Male,43,23,Two Year,Electronic Check,83.08,1895.28,DSL,No,Yes,0,1,8,9.3,0
C102408,Female,36,68,Two Year,Electronic Check,61.06,3961.44,No Internet,Yes,Yes,5,3,17,4.5,0
C102409,Male,47,42,Month-to-Month,Electronic Check,66.18,2602.2,Fiber Optic,No,No,0,3,14,7.9,0
C102410,Female,39,42,One Year,Electronic Check,81.32,3318.13,DSL,No,No,1,3,13,7.5,0
C102411,Male,32,13,Month-to-Month,UPI,96.67,1291.75,DSL,No,No,0,4,3,7.2,1
C102412,Male,31,1,Month-to-Month,Credit Card,51.15,47.36,Fiber Optic,No,Yes,0,2,6,6.3,0
C102413,Male,48,53,One Year,UPI,73.67,4020.78,No Internet,No,Yes,2,1,8,6.3,0
C102414,Male,30,40,One Year,Electronic Check,76.44,2882.81,DSL,No,No,2,0,7,4.6,0
C102415,Female,49,46,One Year,UPI,53.4,2617.01,DSL,Yes,Yes,1,2,10,5.0,0
C102416,Male,53,22,Month-to-Month,Electronic Check,87.46,1800.22,DSL,No,Yes,2,1,9,6.0,0
C102417,Male,18,52,One Year,UPI,41.65,2058.86,DSL,No,Yes,0,1,9,8.4,0
C102418,Male,52,28,Month-to-Month,Bank Transfer,78.14,2092.57,DSL,Yes,No,0,1,11,6.8,0
C102419,Male,63,53,Month-to-Month,Credit Card,85.91,4672.34,DSL,No,No,1,2,16,8.1,0
C102420,Male,41,63,Month-to-Month,Bank Transfer,89.35,5909.26,No Internet,No,Yes,2,4,3,6.3,0
C102421,Male,45,17,One Year,UPI,71.58,1222.61,Fiber Optic,No,No,2,0,6,6.8,0
C102422,Female,50,64,Month-to-Month,Bank Transfer,73.13,4863.16,DSL,No,Yes,0,2,2,8.0,0
C102423,Male,35,6,Month-to-Month,Electronic Check,109.46,697.48,Fiber Optic,No,Yes,1,2,2,8.2,1
C102424,Male,40,14,Month-to-Month,Bank Transfer,73.8,1051.49,Fiber Optic,Yes,Yes,2,0,22,6.0,0
C102425,Female,22,17,Two Year,UPI,75.51,1244.74,No Internet,No,No,0,1,3,6.5,0
C102426,Male,40,38,Month-to-Month,UPI,76.57,2748.16,Fiber Optic,No,Yes,0,5,9,6.9,0
C102427,Female,44,69,One Year,Bank Transfer,76.42,5347.82,DSL,Yes,No,4,0,23,6.9,0
C102428,Male,44,13,Month-to-Month,Electronic Check,50.97,,DSL,No,Yes,1,8,2,6.4,0
C102429,Female,51,53,One Year,Bank Transfer,60.63,3054.19,DSL,No,Yes,1,0,2,8.4,0
C102430,Female,29,9,One Year,UPI,97.49,947.53,Fiber Optic,No,Yes,1,3,8,5.6,0
C102431,Female,32,44,Month-to-Month,Credit Card,68.27,2824.65,DSL,No,No,2,1,16,5.9,0
C102432,Female,61,26,Month-to-Month,Credit Card,110.83,2669.08,DSL,Yes,No,1,3,20,6.9,1
C102433,Male,36,19,Month-to-Month,Credit Card,105.82,2070.39,Fiber Optic,Yes,No,0,1,12,8.1,1
C102434,Female,40,48,One Year,Electronic Check,126.87,5958.28,Fiber Optic,Yes,Yes,0,4,12,7.1,0
C102435,Male,37,30,Month-to-Month,UPI,88.86,2738.49,Fiber Optic,Yes,Yes,1,1,14,6.1,1
C102436,Male,28,32,Month-to-Month,UPI,69.72,2117.17,Fiber Optic,Yes,Yes,0,2,9,6.7,0
C102437,Male,57,69,Month-to-Month,Electronic Check,30.07,1970.85,DSL,No,No,3,6,6,7.8,0
C102438,Female,32,11,Month-to-Month,UPI,74.58,820.69,DSL,Yes,Yes,0,0,19,6.6,0
C102439,Male,24,26,One Year,UPI,62.47,1739.93,DSL,No,No,1,3,0,8.4,0
C102440,Female,33,26,Month-to-Month,Credit Card,84.01,2140.71,Fiber Optic,No,No,4,0,19,4.6,1
C102441,Female,18,17,Two Year,Bank Transfer,63.65,1008.11,Fiber Optic,Yes,No,0,1,8,7.8,0
C102442,Female,30,44,Two Year,Electronic Check,40.8,1863.33,DSL,No,Yes,4,3,4,3.6,0
C102443,Female,26,23,Month-to-Month,Electronic Check,67.66,1661.31,No Internet,Yes,Yes,1,2,16,6.5,0
C102444,Male,45,25,One Year,Credit Card,72.82,1780.65,DSL,Yes,Yes,1,1,14,7.3,0
C102445,Male,30,37,Month-to-Month,Electronic Check,35.21,1293.82,No Internet,No,Yes,0,2,4,6.5,0
C102446,Male,49,65,One Year,UPI,63.46,4422.86,DSL,No,Yes,4,1,15,5.2,0
C102447,Male,55,2,Month-to-Month,UPI,63.72,132.5,Fiber Optic,No,Yes,2,1,18,6.2,1
C102448,Male,47,32,Two Year,Electronic Check,117.2,3851.89,Fiber Optic,No,Yes,1,3,2,7.4,0
C102449,Male,35,55,Month-to-Month,Electronic Check,74.38,3847.72,No Internet,No,No,0,2,11,6.3,0
C102450,Male,40,50,Two Year,Electronic Check,80.67,4085.98,Fiber Optic,No,No,0,3,15,7.4,0
C102451,Female,20,65,One Year,UPI,56.59,3890.26,No Internet,No,No,1,1,18,6.2,0
C102452,Female,36,32,Month-to-Month,Bank Transfer,91.12,3021.52,DSL,No,Yes,1,1,10,7.8,0
C102453,Male,28,37,Month-to-Month,Bank Transfer,54.88,1905.85,DSL,Yes,Yes,1,1,17,9.2,0
C102454,Female,46,13,One Year,Bank Transfer,130.58,1744.07,Fiber Optic,Yes,Yes,1,6,18,5.3,1
C102455,Male,69,54,Month-to-Month,Electronic Check,112.14,6350.88,DSL,No,No,2,3,19,5.4,0
C102456,Male,44,3,Two Year,Electronic Check,112.77,,DSL,No,No,1,0,27,5.2,1
C102457,Female,18,42,Two Year,Credit Card,80.3,3509.71,DSL,Yes,No,0,4,3,8.5,0
C102458,Male,34,40,One Year,Bank Transfer,72.31,2990.63,DSL,No,Yes,1,2,15,6.6,0
C102459,Male,39,66,Month-to-Month,Bank Transfer,71.53,4594.44,No Internet,No,Yes,2,0,25,7.5,0
C102460,Female,39,60,Month-to-Month,Electronic Check,74.39,4636.43,Fiber Optic,No,Yes,0,2,29,7.3,0
C102461,Female,29,11,Two Year,Credit Card,98.86,1111.75,Fiber Optic,Yes,Yes,0,2,9,7.0,1
C102462,Female,41,1,Month-to-Month,Bank Transfer,58.28,56.53,DSL,No,No,2,2,15,5.7,1
C102463,Female,23,26,Month-to-Month,Credit Card,86.31,2257.02,DSL,No,No,4,4,8,5.0,1
C102464,Female,27,42,Month-to-Month,Electronic Check,74.34,3100.74,Fiber Optic,No,Yes,0,3,29,7.5,0
C102465,Male,46,62,Two Year,Electronic Check,91.15,5244.91,DSL,No,No,1,1,2,5.2,0
C102466,Male,26,61,Month-to-Month,Electronic Check,88.4,5550.28,DSL,Yes,No,1,0,2,7.0,0
C102467,Male,44,62,Two Year,Bank Transfer,74.26,4336.25,DSL,No,Yes,0,1,20,8.9,0
C102468,Male,22,12,Month-to-Month,Electronic Check,69.15,795.58,Fiber Optic,No,Yes,1,1,8,6.8,0
C102469,Female,59,27,Month-to-Month,UPI,52.21,1513.03,Fiber Optic,No,No,2,4,10,5.6,0
C102470,Male,29,67,One Year,Electronic Check,79.75,5113.06,No Internet,No,No,2,1,12,4.5,0
C102471,Female,35,28,Month-to-Month,Bank Transfer,55.13,1516.93,No Internet,Yes,No,3,0,20,5.8,1
C102472,Female,42,66,Month-to-Month,UPI,55.59,3938.92,DSL,No,No,1,3,8,5.5,0
C102473,Female,31,28,One Year,Electronic Check,74.72,2175.94,No Internet,No,Yes,1,1,14,8.2,0
C102474,Female,40,21,Month-to-Month,Credit Card,59.43,1284.08,Fiber Optic,No,No,0,2,30,6.6,0
C102475,Female,45,7,Month-to-Month,Credit Card,93.26,686.33,Fiber Optic,Yes,Yes,0,6,8,6.7,0
C102476,Male,50,14,Month-to-Month,Credit Card,69.92,909.87,No Internet,No,Yes,2,2,11,5.7,0
C102477,Female,47,39,One Year,Bank Transfer,88.82,3678.55,Fiber Optic,Yes,No,2,2,10,6.1,0
C102478,Male,36,62,One Year,Electronic Check,112.33,6688.38,DSL,No,Yes,0,1,5,9.7,0
C102479,Female,36,12,Month-to-Month,Electronic Check,77.33,876.53,No Internet,Yes,Yes,1,7,8,6.7,1
C102480,Male,66,38,Month-to-Month,UPI,80.19,3207.87,Fiber Optic,No,Yes,0,3,11,7.7,0
C102481,Female,49,58,Month-to-Month,Bank Transfer,92.01,5149.06,DSL,No,No,1,0,5,7.7,0
C102482,Female,27,56,Month-to-Month,Electronic Check,105.59,5665.69,Fiber Optic,No,Yes,2,3,11,4.9,0
C102483,Male,39,39,Month-to-Month,Credit Card,57.12,2331.35,No Internet,No,Yes,3,3,19,7.1,1
C102484,Male,34,4,Month-to-Month,Electronic Check,106.04,394.01,No Internet,No,Yes,3,1,7,4.2,1
C102485,Female,36,48,One Year,Electronic Check,72.48,3243.11,Fiber Optic,Yes,Yes,0,4,24,6.0,0
C102486,Male,23,7,Two Year,Electronic Check,59.41,436.7,No Internet,No,Yes,3,1,14,5.2,1
C102487,Female,33,60,Two Year,Bank Transfer,104.47,6186.84,DSL,No,Yes,0,3,17,7.8,0
C102488,Female,60,40,Month-to-Month,Credit Card,113.91,4808.91,Fiber Optic,No,Yes,0,0,5,8.1,0
C102489,Male,45,8,Month-to-Month,UPI,82.04,686.7,Fiber Optic,Yes,Yes,3,0,14,5.3,0
C102490,Male,18,58,Two Year,Credit Card,94.73,5544.98,Fiber Optic,Yes,No,3,2,29,5.6,0
C102491,Male,53,57,Month-to-Month,Bank Transfer,66.36,3933.55,Fiber Optic,Yes,No,2,2,12,7.0,0
C102492,Female,51,35,Two Year,Electronic Check,83.53,2756.65,DSL,No,No,1,4,43,7.1,0
C102493,Male,34,13,Two Year,Bank Transfer,41.64,514.5,DSL,No,No,1,2,7,7.0,0
C102494,Male,47,39,Month-to-Month,Credit Card,96.79,3981.75,No Internet,No,No,1,2,27,7.7,0
C102495,Male,28,21,Month-to-Month,Electronic Check,83.7,1713.06,Fiber Optic,No,Yes,0,4,29,7.3,1
C102496,Female,32,47,Month-to-Month,UPI,49.86,2157.8,DSL,No,No,2,0,6,5.2,0
C102497,Female,56,2,Month-to-Month,Electronic Check,89.12,191.17,Fiber Optic,Yes,Yes,1,0,5,5.9,1
C102498,Female,35,44,Two Year,UPI,58.35,2654.41,Fiber Optic,Yes,Yes,0,1,14,7.4,0
C102499,Male,18,30,Two Year,Bank Transfer,81.67,2585.5,No Internet,No,No,1,2,51,7.0,1
C102500,Female,37,55,Two Year,Credit Card,87.12,5108.03,Fiber Optic,No,No,1,4,12,7.8,0
C102501,Female,37,40,Month-to-Month,UPI,87.2,3561.24,No Internet,No,Yes,3,2,9,,1
C102502,Female,52,24,Two Year,Electronic Check,64.58,1550.68,No Internet,Yes,No,0,2,8,6.0,0
C102503,Female,38,42,Two Year,Credit Card,47.57,1886.32,DSL,Yes,Yes,0,1,8,7.1,0
C102504,Male,33,28,Two Year,UPI,72.16,1919.79,Fiber Optic,No,No,2,2,30,3.6,1
C102505,Male,51,51,Two Year,UPI,39.87,2017.3,No Internet,Yes,No,1,0,18,6.7,0
C102506,Female,39,22,Month-to-Month,Electronic Check,106.7,2184.66,Fiber Optic,No,No,2,6,9,5.6,1
C102507,Male,29,8,Month-to-Month,Bank Transfer,57.73,483.03,No Internet,No,Yes,2,2,10,6.9,1
C102508,Female,52,14,Month-to-Month,Credit Card,37.22,525.95,DSL,No,No,1,2,5,7.3,0
C102509,Female,40,45,Month-to-Month,Bank Transfer,92.07,4425.57,Fiber Optic,Yes,Yes,0,2,5,7.6,0
C102510,Male,38,38,One Year,Electronic Check,120.54,4671.93,DSL,Yes,Yes,1,4,9,5.8,0
C102511,Female,40,32,Month-to-Month,Credit Card,67.62,2327.32,DSL,Yes,No,1,6,22,7.5,1
C102512,Male,25,62,Month-to-Month,Electronic Check,84.95,5080.45,DSL,No,Yes,1,1,7,6.2,0
C102513,Male,32,67,Month-to-Month,Credit Card,53.4,3491.88,DSL,No,Yes,0,2,7,8.1,0
C102514,Female,38,61,Two Year,Bank Transfer,84.6,5097.29,Fiber Optic,No,No,2,2,3,6.6,0
C102515,Female,36,13,Month-to-Month,Credit Card,49.81,626.33,Fiber Optic,No,Yes,1,1,21,6.7,0
C102516,Male,53,47,Month-to-Month,Bank Transfer,51.95,2557.15,Fiber Optic,No,Yes,2,1,10,8.3,0
C102517,Male,41,54,Month-to-Month,Credit Card,115.54,6272.63,Fiber Optic,No,Yes,0,3,28,7.7,0
C102518,Female,48,71,Month-to-Month,Electronic Check,82.64,5825.3,Fiber Optic,No,Yes,2,2,13,6.3,0
C102519,Female,38,52,One Year,Credit Card,84.62,4369.52,DSL,No,No,0,4,7,7.6,0
C102520,Female,51,72,Month-to-Month,Electronic Check,127.67,9654.7,Fiber Optic,No,No,1,3,18,6.5,0
C102521,Male,43,25,Month-to-Month,Credit Card,52.56,1259.55,DSL,No,No,0,1,16,6.5,0
C102522,Male,38,23,Two Year,Credit Card,86.45,1931.38,DSL,No,No,1,3,17,8.3,0
C102523,Male,38,30,Month-to-Month,Electronic Check,49.36,1582.57,No Internet,No,No,3,2,11,5.9,0
C102524,Female,27,11,Two Year,Credit Card,58.11,628.7,No Internet,Yes,No,1,1,12,7.8,0
C102525,Male,44,35,Two Year,Bank Transfer,88.44,3340.88,No Internet,Yes,No,2,5,16,5.2,0
C102526,Male,38,27,Two Year,Credit Card,74.69,1996.42,Fiber Optic,No,No,1,1,9,8.0,0
C102527,Female,32,67,Month-to-Month,Bank Transfer,82.16,5436.52,Fiber Optic,No,Yes,0,1,10,7.4,0
C102528,Male,51,47,Month-to-Month,Credit Card,61.99,2957.09,Fiber Optic,No,No,1,5,3,5.5,1
C102529,Female,23,50,Month-to-Month,Bank Transfer,67.6,3567.48,No Internet,Yes,Yes,3,4,7,5.4,0
C102530,Female,33,8,Month-to-Month,Credit Card,69.69,577.08,DSL,Yes,Yes,2,3,20,6.5,0
C102531,Female,50,55,Month-to-Month,Credit Card,97.73,5600.17,Fiber Optic,Yes,Yes,1,1,11,6.3,0
C102532,Male,42,42,Month-to-Month,UPI,74.85,3383.57,DSL,No,No,3,4,20,4.1,1
C102533,Male,37,67,Month-to-Month,Electronic Check,74.52,5229.57,DSL,Yes,No,2,5,32,4.6,1
C102534,Female,41,20,Month-to-Month,Electronic Check,93.68,1863.78,DSL,No,Yes,1,2,22,4.9,0
C102535,Female,40,45,Two Year,Bank Transfer,100.74,4646.95,DSL,No,No,1,5,13,7.2,0
C102536,Female,20,35,One Year,UPI,26.43,973.96,DSL,Yes,Yes,3,4,6,6.2,0
C102537,Male,34,20,Month-to-Month,Electronic Check,118.9,2252.24,DSL,Yes,Yes,2,2,5,5.9,1
C102538,Female,57,24,Two Year,Electronic Check,72.48,1697.11,DSL,Yes,No,0,1,9,7.2,0
C102539,Female,30,57,Two Year,Electronic Check,133.26,7723.16,Fiber Optic,Yes,No,3,3,19,4.9,0
C102540,Female,34,55,Month-to-Month,Credit Card,95.42,5147.38,Fiber Optic,No,No,1,1,15,5.7,0
C102541,Female,32,9,Month-to-Month,UPI,92.81,775.7,Fiber Optic,No,No,0,0,7,7.6,0
C102542,Female,37,16,Month-to-Month,UPI,68.53,1173.73,No Internet,Yes,Yes,5,3,14,3.8,1
C102543,Female,31,55,Two Year,Electronic Check,71.03,3931.56,Fiber Optic,No,No,1,1,4,,0
C102544,Male,44,72,Month-to-Month,Electronic Check,104.55,7689.84,No Internet,No,Yes,2,1,22,9.1,0
C102545,Male,40,58,One Year,UPI,75.92,4557.97,DSL,No,No,4,1,8,6.3,0
C102546,Male,47,64,One Year,Electronic Check,102.59,6078.71,No Internet,No,Yes,0,1,9,9.4,0
C102547,Male,25,49,One Year,Credit Card,73.51,3418.61,Fiber Optic,No,Yes,2,1,21,7.8,0
C102548,Male,34,29,Month-to-Month,Electronic Check,79.72,2461.13,Fiber Optic,Yes,Yes,1,3,21,6.7,1
C102549,Male,35,7,Month-to-Month,Electronic Check,25.0,183.04,Fiber Optic,No,No,2,2,8,7.1,0
C102550,Male,43,69,Month-to-Month,Credit Card,38.51,2472.71,DSL,No,Yes,0,1,19,8.9,0
C102551,Male,28,2,Month-to-Month,Credit Card,90.14,188.58,Fiber Optic,Yes,No,4,2,20,8.4,0
C102552,Female,49,33,One Year,Bank Transfer,51.26,1799.78,Fiber Optic,No,No,1,4,19,4.5,0
C102553,Female,52,48,Two Year,Bank Transfer,96.59,4389.33,DSL,No,Yes,3,4,35,4.3,0
C102554,Male,26,37,Two Year,Credit Card,68.58,2359.9,DSL,Yes,No,1,2,24,6.1,0
C102555,Female,32,30,Month-to-Month,UPI,64.84,2058.19,DSL,Yes,No,1,3,6,6.1,0
C102556,Female,32,41,Month-to-Month,UPI,69.38,2890.45,No Internet,No,Yes,1,4,2,7.1,0
C102557,Male,70,4,Two Year,Electronic Check,94.3,406.77,No Internet,No,Yes,1,2,5,6.6,1
C102558,Male,33,39,Two Year,Credit Card,111.93,4508.63,Fiber Optic,Yes,No,2,1,8,7.1,0
C102559,Male,58,24,Month-to-Month,Bank Transfer,36.49,877.31,Fiber Optic,No,No,2,5,20,7.8,0
C102560,Female,23,50,One Year,UPI,92.48,4435.77,Fiber Optic,Yes,No,0,0,8,9.0,0
C102561,Female,26,37,Month-to-Month,Electronic Check,101.84,3888.52,Fiber Optic,Yes,Yes,0,4,11,7.2,0
C102562,Male,30,53,Month-to-Month,Credit Card,92.49,4570.11,Fiber Optic,No,Yes,4,0,10,7.2,0
C102563,Male,28,25,One Year,Credit Card,81.23,2003.35,No Internet,Yes,Yes,0,5,12,6.9,1
C102564,Male,35,31,Two Year,Bank Transfer,81.36,2460.28,No Internet,No,No,1,3,11,6.8,0
C102565,Male,29,38,Month-to-Month,Credit Card,117.31,4531.19,Fiber Optic,Yes,Yes,1,1,18,7.9,0
C102566,Male,28,58,One Year,Electronic Check,76.27,4226.86,DSL,Yes,No,0,5,14,8.2,0
C102567,Male,52,53,One Year,Bank Transfer,55.25,2770.33,Fiber Optic,Yes,Yes,6,0,9,5.7,0
C102568,Female,53,50,Month-to-Month,Credit Card,84.39,3982.91,Fiber Optic,No,No,3,2,15,6.3,0
C102569,Female,49,4,One Year,Electronic Check,53.93,209.18,DSL,Yes,No,1,3,12,6.9,0
C102570,Male,44,52,Month-to-Month,UPI,55.91,3076.4,DSL,Yes,Yes,2,3,13,5.2,0
C102571,Female,39,31,Month-to-Month,Electronic Check,73.58,2243.47,DSL,No,Yes,2,3,13,6.6,1
C102572,Male,32,14,One Year,Electronic Check,78.61,1169.44,No Internet,Yes,Yes,2,2,10,6.8,1
C102573,Male,27,1,Month-to-Month,UPI,74.91,77.87,Fiber Optic,No,Yes,0,2,10,5.9,1
C102574,Male,42,43,Month-to-Month,Credit Card,111.76,4971.31,No Internet,No,Yes,1,6,3,7.6,0
C102575,Female,24,59,Month-to-Month,Credit Card,86.27,5308.17,Fiber Optic,No,Yes,1,2,8,8.2,1
C102576,Female,26,61,One Year,Bank Transfer,118.01,7203.0,Fiber Optic,No,Yes,0,1,14,9.5,0
C102577,Female,52,41,Month-to-Month,Electronic Check,75.79,2992.57,Fiber Optic,No,Yes,3,0,13,5.1,0
C102578,Male,61,18,Month-to-Month,Electronic Check,112.29,1917.29,DSL,No,No,0,2,8,7.4,0
C102579,Female,43,60,One Year,Electronic Check,54.4,3262.39,DSL,No,No,2,2,16,4.5,0
C102580,Male,51,69,Month-to-Month,Electronic Check,96.49,6525.25,No Internet,No,Yes,0,1,17,9.4,0
C102581,Female,35,59,Month-to-Month,UPI,119.31,7217.05,Fiber Optic,No,No,1,0,14,7.7,0
C102582,Male,22,42,Month-to-Month,UPI,86.57,3548.16,Fiber Optic,No,Yes,2,3,7,5.1,0
C102583,Male,45,36,Month-to-Month,Credit Card,78.52,2626.43,Fiber Optic,No,Yes,0,2,18,6.9,0
C102584,Female,45,40,One Year,Electronic Check,84.52,3315.47,DSL,Yes,Yes,0,0,27,7.8,0
C102585,Female,39,30,Month-to-Month,Electronic Check,86.55,2756.22,Fiber Optic,Yes,No,0,0,5,8.0,0
C102586,Male,35,11,Month-to-Month,Credit Card,70.25,798.26,Fiber Optic,Yes,No,2,2,13,7.9,0
C102587,Female,50,25,Month-to-Month,UPI,75.85,1861.66,Fiber Optic,No,No,1,2,31,5.6,0
C102588,Male,26,45,One Year,UPI,116.52,5000.52,Fiber Optic,No,Yes,1,2,4,7.3,0
C102589,Female,29,51,Month-to-Month,Electronic Check,64.37,3317.64,Fiber Optic,No,Yes,1,2,5,7.8,0
C102590,Female,26,43,Month-to-Month,Electronic Check,125.35,5765.41,Fiber Optic,No,Yes,1,5,1,7.8,0
C102591,Female,39,66,One Year,Electronic Check,50.67,3387.11,DSL,No,No,1,1,7,8.3,0
C102592,Female,25,47,Month-to-Month,UPI,98.95,4940.39,DSL,No,Yes,1,0,5,8.3,0
C102593,Female,30,24,Month-to-Month,Credit Card,113.59,2815.85,DSL,Yes,Yes,3,1,13,4.8,0
C102594,Male,30,37,Two Year,Credit Card,59.52,2068.41,DSL,Yes,No,0,3,12,7.5,0
C102595,Female,35,56,Two Year,UPI,106.17,6138.54,Fiber Optic,Yes,Yes,3,3,27,4.7,1
C102596,Male,20,46,Month-to-Month,UPI,86.9,4065.33,Fiber Optic,No,Yes,0,1,17,,0
C102597,Male,39,28,One Year,Credit Card,49.82,1363.82,Fiber Optic,No,No,1,3,13,7.5,0
C102598,Male,53,52,One Year,Electronic Check,89.0,4963.84,Fiber Optic,Yes,No,3,1,11,5.6,0
C102599,Male,40,15,Two Year,Electronic Check,69.36,1012.06,DSL,Yes,Yes,0,4,10,8.0,0
C102600,Female,56,45,Month-to-Month,Electronic Check,95.16,3997.32,DSL,No,Yes,1,2,23,4.7,0
C102601,Male,54,58,One Year,Bank Transfer,94.4,5254.13,Fiber Optic,No,Yes,1,3,22,6.9,0
C102602,Female,47,67,Two Year,Credit Card,122.07,8095.39,Fiber Optic,No,No,0,1,8,7.3,0
C102603,Male,39,72,Month-to-Month,Credit Card,81.87,6262.31,DSL,No,Yes,1,4,17,7.2,0
C102604,Male,38,41,One Year,Electronic Check,94.24,3572.48,Fiber Optic,No,Yes,1,4,20,5.9,0
C102605,Male,47,65,Month-to-Month,Bank Transfer,87.49,5957.44,DSL,Yes,No,1,1,11,6.6,0
C102606,Male,33,40,Two Year,Credit Card,130.81,5045.48,DSL,No,No,0,2,18,8.7,0
C102607,Male,18,5,Two Year,Electronic Check,93.06,472.93,DSL,No,No,3,2,15,6.7,0
C102608,Female,44,28,Month-to-Month,Bank Transfer,71.77,1970.5,No Internet,No,Yes,1,1,18,7.0,0
C102609,Male,24,38,Month-to-Month,UPI,86.85,3175.59,Fiber Optic,Yes,Yes,3,3,19,5.6,1
C102610,Female,26,18,Month-to-Month,Credit Card,52.75,950.63,Fiber Optic,No,No,1,2,11,9.0,0
C102611,Male,38,37,Month-to-Month,Electronic Check,66.93,2426.67,DSL,No,Yes,1,1,6,8.3,0
C102612,Male,37,27,Month-to-Month,Electronic Check,31.21,828.28,No Internet,No,No,1,1,10,6.4,0
C102613,Female,21,25,Month-to-Month,Electronic Check,91.9,2172.9,No Internet,No,Yes,2,5,8,4.3,0
C102614,Male,40,69,One Year,Bank Transfer,59.5,3870.45,Fiber Optic,No,Yes,2,1,6,6.2,0
C102615,Male,50,27,One Year,Bank Transfer,75.03,1948.41,DSL,No,Yes,3,2,10,6.5,0
C102616,Male,24,54,Month-to-Month,Bank Transfer,75.39,4128.66,Fiber Optic,No,Yes,4,5,19,4.4,0
C102617,Male,53,7,One Year,Bank Transfer,76.0,509.27,DSL,Yes,Yes,1,2,19,8.6,0
C102618,Female,19,27,Two Year,UPI,101.3,2854.72,DSL,Yes,Yes,1,5,16,7.1,0
C102619,Male,63,59,Month-to-Month,Credit Card,87.16,5401.3,No Internet,No,Yes,0,4,5,7.8,0
C102620,Female,33,72,Month-to-Month,Bank Transfer,56.88,3873.56,DSL,No,No,2,5,17,5.8,0
C102621,Female,40,31,Month-to-Month,Credit Card,25.0,834.03,No Internet,No,No,2,3,17,5.6,1
C102622,Male,18,68,Month-to-Month,Credit Card,71.23,4662.62,No Internet,Yes,No,1,1,8,6.4,0
C102623,Female,37,4,One Year,UPI,83.67,311.8,DSL,No,No,2,4,23,7.2,1
C102624,Male,41,18,Month-to-Month,Bank Transfer,64.03,1141.18,DSL,No,Yes,0,2,7,7.5,0
C102625,Female,37,63,Two Year,Electronic Check,90.21,5393.68,DSL,Yes,No,1,2,10,7.5,0
C102626,Male,31,52,Two Year,Credit Card,80.28,4364.52,DSL,Yes,Yes,1,2,25,8.5,0
C102627,Female,27,63,Month-to-Month,Bank Transfer,100.88,5963.93,DSL,Yes,No,0,3,8,8.1,0
C102628,Male,52,45,Month-to-Month,UPI,106.79,4792.95,Fiber Optic,No,Yes,2,0,18,7.8,0
C102629,Male,38,12,One Year,Bank Transfer,85.3,955.42,Fiber Optic,No,No,0,3,22,7.5,1
C102630,Female,56,8,Two Year,Credit Card,72.26,614.96,DSL,No,No,3,0,18,3.5,0
C102631,Female,32,22,Month-to-Month,Electronic Check,48.33,1030.7,Fiber Optic,No,Yes,0,4,12,6.4,0
C102632,Male,33,41,Two Year,Credit Card,42.54,1776.73,DSL,No,Yes,0,0,11,8.1,0
C102633,Male,48,41,One Year,Credit Card,59.2,2516.3,Fiber Optic,No,No,0,2,8,9.5,0
C102634,Female,19,57,Month-to-Month,Electronic Check,86.98,4586.69,DSL,No,Yes,3,3,8,5.3,0
C102635,Female,23,32,Month-to-Month,Electronic Check,102.19,3208.09,Fiber Optic,Yes,Yes,4,2,58,5.2,1
C102636,Female,51,55,Month-to-Month,Bank Transfer,63.75,3384.66,No Internet,No,No,4,0,19,5.7,0
C102637,Female,24,6,Month-to-Month,Bank Transfer,106.4,643.11,Fiber Optic,No,No,1,1,8,7.1,0
C102638,Female,18,39,One Year,Bank Transfer,111.1,4520.75,DSL,No,No,1,2,8,6.8,0
C102639,Female,60,9,Month-to-Month,UPI,101.12,856.29,Fiber Optic,No,No,2,0,2,9.0,1
C102640,Male,21,32,Month-to-Month,Credit Card,89.27,2845.29,DSL,No,Yes,1,2,40,6.1,1
C102641,Male,40,36,Month-to-Month,Electronic Check,61.63,2087.45,DSL,Yes,No,0,1,3,7.6,0
C102642,Female,39,16,Month-to-Month,UPI,62.2,1041.37,Fiber Optic,No,Yes,3,3,6,6.7,1
C102643,Female,18,12,Month-to-Month,Credit Card,70.0,878.31,Fiber Optic,Yes,Yes,2,2,16,5.5,1
C102644,Male,35,41,One Year,Electronic Check,117.89,4702.57,Fiber Optic,No,No,2,3,5,6.2,1
C102645,Male,43,67,Month-to-Month,Credit Card,86.69,5648.43,Fiber Optic,No,Yes,2,1,30,9.0,0
C102646,Female,42,58,Month-to-Month,Electronic Check,114.72,6759.41,Fiber Optic,Yes,Yes,1,1,7,8.0,0
C102647,Male,49,9,Month-to-Month,Credit Card,40.26,391.17,Fiber Optic,Yes,Yes,1,3,20,4.5,0
C102648,Male,33,17,Month-to-Month,Bank Transfer,58.12,1064.0,No Internet,No,No,2,1,4,4.9,1
C102649,Male,47,5,Month-to-Month,UPI,60.77,294.89,Fiber Optic,No,No,0,4,13,5.4,1
C102650,Male,30,26,Two Year,Bank Transfer,74.36,2035.31,DSL,No,Yes,2,3,9,7.2,0
C102651,Male,21,1,One Year,Electronic Check,104.6,101.51,Fiber Optic,No,No,0,1,30,7.9,0
C102652,Male,22,1,Two Year,Electronic Check,108.0,108.2,DSL,Yes,Yes,0,3,5,8.4,0
C102653,Male,20,35,Month-to-Month,Credit Card,65.85,2132.06,DSL,No,No,1,1,23,8.2,0
C102654,Female,50,9,Two Year,Electronic Check,106.49,1025.95,Fiber Optic,No,No,1,3,11,8.8,1
C102655,Male,20,38,One Year,Credit Card,75.86,2990.95,DSL,No,No,1,2,6,6.2,0
C102656,Female,41,4,One Year,Bank Transfer,71.08,300.94,DSL,No,Yes,1,3,11,7.4,0
C102657,Female,35,52,Month-to-Month,Credit Card,105.61,5542.62,Fiber Optic,Yes,Yes,2,2,14,6.9,0
C102658,Male,37,19,Month-to-Month,UPI,63.14,1116.25,DSL,No,No,1,0,8,7.8,0
C102659,Female,54,5,Two Year,Credit Card,83.34,412.64,DSL,No,Yes,2,2,33,6.5,0
C102660,Male,33,48,One Year,Credit Card,67.89,3189.56,Fiber Optic,No,Yes,0,3,17,7.4,0
C102661,Female,45,63,One Year,Credit Card,42.61,2691.01,DSL,No,No,1,1,4,8.8,0
C102662,Male,38,38,Month-to-Month,UPI,71.83,2602.99,DSL,No,No,1,1,15,7.7,0
C102663,Female,36,52,Month-to-Month,UPI,60.73,3133.53,No Internet,No,Yes,0,3,9,6.9,0
C102664,Female,66,46,Two Year,UPI,109.09,4640.31,DSL,No,Yes,1,3,20,6.0,0
C102665,Male,21,9,Month-to-Month,UPI,113.84,967.04,Fiber Optic,No,No,0,3,13,8.2,0
C102666,Male,53,50,One Year,UPI,56.78,3007.73,DSL,No,Yes,0,1,14,7.7,0
C102667,Female,46,66,Month-to-Month,Bank Transfer,83.15,5380.72,Fiber Optic,No,No,1,1,22,7.4,0
C102668,Female,32,38,One Year,Credit Card,124.93,4693.44,Fiber Optic,Yes,Yes,2,3,15,7.2,0
C102669,Male,58,27,Month-to-Month,Electronic Check,83.33,2198.52,DSL,Yes,No,2,1,7,7.1,0
C102670,Female,18,20,Month-to-Month,Bank Transfer,88.65,1807.23,Fiber Optic,No,Yes,1,0,6,7.9,1
C102671,Male,32,62,Month-to-Month,Bank Transfer,69.25,3953.41,DSL,No,Yes,1,1,10,5.3,0
C102672,Female,23,16,One Year,UPI,86.24,1478.83,DSL,No,Yes,1,2,8,8.1,0
C102673,Male,43,13,Month-to-Month,Credit Card,102.12,1339.07,Fiber Optic,No,Yes,1,0,11,8.5,0
C102674,Female,25,20,One Year,UPI,76.25,1495.96,DSL,No,Yes,3,1,6,6.5,1
C102675,Male,43,24,Month-to-Month,Bank Transfer,119.55,3035.99,Fiber Optic,No,No,1,4,4,7.2,1
C102676,Male,36,50,Two Year,Electronic Check,108.11,5402.57,Fiber Optic,No,Yes,1,1,30,4.6,0
C102677,Male,32,7,Month-to-Month,Electronic Check,115.78,757.67,Fiber Optic,No,Yes,0,2,13,7.6,1
C102678,Male,43,29,Month-to-Month,UPI,85.47,2642.36,DSL,No,No,6,4,11,5.9,0
C102679,Male,35,5,Two Year,Credit Card,86.75,425.88,Fiber Optic,No,No,1,1,32,6.6,0
C102680,Male,25,35,One Year,Electronic Check,96.31,3409.65,DSL,No,Yes,0,5,7,7.6,0
C102681,Female,72,65,One Year,Credit Card,108.19,7532.37,Fiber Optic,No,Yes,1,0,20,5.1,0
C102682,Male,32,70,Month-to-Month,Electronic Check,72.7,4922.17,Fiber Optic,No,No,1,3,17,7.6,0
C102683,Male,18,7,Two Year,UPI,79.12,525.31,Fiber Optic,Yes,No,1,4,4,7.0,0
C102684,Male,28,44,One Year,Electronic Check,80.11,3730.9,Fiber Optic,No,Yes,1,0,22,6.9,0
C102685,Male,23,72,One Year,Credit Card,118.98,8596.75,Fiber Optic,No,No,2,0,24,6.5,0
C102686,Male,48,13,Two Year,Credit Card,109.93,1473.71,DSL,Yes,Yes,1,2,8,8.6,0
C102687,Male,42,38,One Year,UPI,87.65,3123.21,DSL,No,No,0,2,5,6.6,0
C102688,Male,43,13,Month-to-Month,Bank Transfer,127.15,1704.85,DSL,No,Yes,3,2,9,6.6,1
C102689,Male,34,54,Month-to-Month,Electronic Check,61.84,3378.94,DSL,No,No,1,5,28,6.6,0
C102690,Female,35,44,One Year,UPI,98.84,4229.13,Fiber Optic,No,No,1,1,6,7.0,0
C102691,Female,34,13,One Year,Bank Transfer,53.04,728.09,No Internet,No,No,1,3,8,6.9,0
C102692,Male,37,25,One Year,Electronic Check,51.22,1272.42,DSL,No,No,1,2,24,7.5,0
C102693,Male,48,24,Month-to-Month,Bank Transfer,58.21,1376.65,Fiber Optic,No,No,1,3,3,7.5,1
C102694,Female,42,29,Two Year,UPI,35.84,986.71,DSL,Yes,No,0,2,24,8.1,0
C102695,Male,44,70,One Year,Bank Transfer,81.46,5478.35,Fiber Optic,No,No,2,0,12,5.9,0
C102696,Female,44,18,Month-to-Month,UPI,77.5,1344.39,No Internet,Yes,Yes,3,1,11,7.6,1
C102697,Male,49,5,Month-to-Month,Credit Card,108.18,532.75,DSL,No,Yes,2,1,24,5.4,1
C102698,Female,41,18,Two Year,Bank Transfer,84.81,1526.79,Fiber Optic,Yes,No,2,2,18,7.0,0
C102699,Female,42,63,Month-to-Month,Electronic Check,74.17,5039.27,DSL,Yes,No,1,3,5,7.9,0
C102700,Female,52,37,Month-to-Month,UPI,117.95,4395.58,DSL,No,Yes,0,6,13,8.3,0
C102701,Female,30,71,Month-to-Month,Bank Transfer,97.15,6861.39,DSL,No,No,0,1,34,7.0,0
C102702,Male,28,55,Month-to-Month,Credit Card,89.86,5052.79,Fiber Optic,Yes,Yes,2,4,30,6.6,0
C102703,Male,24,12,Month-to-Month,Bank Transfer,54.64,682.49,DSL,No,No,0,6,28,6.5,0
C102704,Female,40,52,Two Year,Credit Card,52.41,2934.36,No Internet,Yes,Yes,3,3,5,6.8,0
C102705,Female,18,57,Month-to-Month,Bank Transfer,74.07,4558.46,No Internet,No,Yes,1,3,3,6.4,0
C102706,Male,44,46,Two Year,Bank Transfer,119.46,5812.47,DSL,No,Yes,2,3,1,7.2,0
C102707,Male,37,44,Month-to-Month,Credit Card,55.68,2270.6,DSL,Yes,Yes,0,3,34,7.7,1
C102708,Male,52,24,Two Year,Electronic Check,36.24,806.01,No Internet,No,Yes,0,2,15,5.4,0
C102709,Male,30,9,Month-to-Month,Credit Card,57.05,498.92,Fiber Optic,Yes,Yes,2,2,8,6.9,1
C102710,Female,36,12,One Year,Credit Card,80.96,1028.7,Fiber Optic,No,No,1,0,4,6.6,0
C102711,Male,51,9,Month-to-Month,Bank Transfer,97.56,914.76,Fiber Optic,No,Yes,3,2,14,6.2,1
C102712,Male,55,22,Month-to-Month,Credit Card,112.7,2530.71,Fiber Optic,No,No,0,0,11,6.9,0
C102713,Male,30,17,Month-to-Month,Electronic Check,101.16,1635.19,No Internet,No,No,0,3,36,6.1,0
C102714,Male,40,33,One Year,Electronic Check,58.72,2083.93,No Internet,No,No,2,3,13,7.8,1
C102715,Male,42,47,Month-to-Month,Bank Transfer,69.38,3468.83,No Internet,Yes,No,2,5,16,6.5,1
C102716,Female,42,15,Two Year,Bank Transfer,101.88,,Fiber Optic,Yes,No,1,3,13,6.5,0
C102717,Female,35,33,Month-to-Month,Electronic Check,68.16,2252.07,DSL,No,No,2,0,8,7.1,0
C102718,Female,53,15,Month-to-Month,Credit Card,55.06,808.44,DSL,No,No,1,3,12,6.7,0
C102719,Male,18,27,Month-to-Month,Credit Card,65.67,1811.99,DSL,Yes,Yes,1,0,10,6.5,1
C102720,Female,33,61,One Year,Electronic Check,108.21,6765.88,DSL,No,No,0,1,29,5.3,0
C102721,Female,43,68,Month-to-Month,Credit Card,64.12,4658.3,No Internet,No,Yes,1,0,6,10.0,0
C102722,Female,43,48,Month-to-Month,Electronic Check,57.15,2774.59,No Internet,No,Yes,0,2,17,7.7,0
C102723,Male,54,8,One Year,Electronic Check,97.85,830.24,Fiber Optic,No,Yes,0,4,14,8.1,0
C102724,Male,52,6,Month-to-Month,Credit Card,95.07,553.58,Fiber Optic,No,Yes,1,2,6,6.0,0
C102725,Male,35,63,One Year,Credit Card,41.57,2427.2,No Internet,Yes,Yes,1,0,5,8.6,0
C102726,Male,54,2,Month-to-Month,Bank Transfer,101.03,200.0,Fiber Optic,No,No,7,1,9,2.8,1
C102727,Male,29,22,One Year,Bank Transfer,78.95,1653.5,Fiber Optic,Yes,No,2,3,7,7.3,0
C102728,Male,49,21,Two Year,Credit Card,122.09,2677.95,Fiber Optic,Yes,No,3,1,16,5.5,0
C102729,Male,60,6,Month-to-Month,Credit Card,67.83,426.83,DSL,Yes,Yes,2,4,30,6.5,1
C102730,Female,53,70,Month-to-Month,Credit Card,90.15,6596.29,Fiber Optic,No,No,2,0,5,5.5,0
C102731,Male,39,13,Two Year,UPI,97.22,1256.34,DSL,No,Yes,0,0,5,7.7,0
C102732,Male,34,1,One Year,UPI,95.31,,DSL,Yes,Yes,3,2,9,6.4,0
C102733,Female,20,22,Month-to-Month,UPI,76.15,1660.71,Fiber Optic,Yes,Yes,1,1,13,7.6,0
C102734,Female,42,24,One Year,Credit Card,52.09,1270.15,No Internet,Yes,No,2,4,8,4.7,0
C102735,Female,25,64,Month-to-Month,UPI,90.68,5537.45,No Internet,No,Yes,2,1,9,7.2,1
C102736,Female,28,41,Two Year,Electronic Check,72.74,2755.14,No Internet,No,No,0,2,13,7.6,0
C102737,Female,24,22,One Year,Bank Transfer,101.78,2276.58,DSL,Yes,No,1,5,16,7.3,1
C102738,Female,32,61,One Year,Credit Card,88.62,5538.24,DSL,No,Yes,2,1,19,6.2,0
C102739,Male,38,12,Two Year,Electronic Check,101.83,1305.84,Fiber Optic,Yes,Yes,2,1,4,6.2,0
C102740,Male,41,4,One Year,Electronic Check,63.83,269.41,Fiber Optic,No,No,2,2,5,7.0,0
C102741,Male,31,12,Month-to-Month,Credit Card,95.46,1196.11,No Internet,Yes,No,1,3,7,7.3,0
C102742,Male,51,33,Two Year,Electronic Check,99.88,3401.67,DSL,No,No,1,1,21,7.0,0
C102743,Male,36,21,Month-to-Month,Electronic Check,94.09,1954.34,Fiber Optic,No,Yes,0,5,13,7.3,1
C102744,Female,29,72,Month-to-Month,Credit Card,74.55,5357.92,DSL,No,Yes,1,4,28,6.4,0
C102745,Female,41,72,Month-to-Month,Bank Transfer,95.86,7210.4,Fiber Optic,No,Yes,2,0,26,6.1,0
C102746,Female,62,52,Two Year,Electronic Check,64.43,3167.47,Fiber Optic,No,No,4,2,8,7.8,0
C102747,Male,42,47,One Year,Bank Transfer,39.34,1913.32,Fiber Optic,Yes,Yes,2,3,7,5.6,0
C102748,Female,34,59,Month-to-Month,Bank Transfer,25.0,1504.49,DSL,Yes,No,1,0,13,5.1,0
C102749,Female,20,47,Month-to-Month,Bank Transfer,51.95,2333.98,DSL,No,Yes,1,2,11,7.4,0
C102750,Male,35,56,Month-to-Month,Electronic Check,82.29,4568.06,Fiber Optic,Yes,Yes,2,1,4,5.7,0
C102751,Female,41,13,Month-to-Month,Electronic Check,121.58,1651.92,Fiber Optic,No,Yes,0,3,35,6.7,1
C102752,Male,33,44,Two Year,Credit Card,91.26,3768.51,Fiber Optic,No,Yes,0,3,8,8.6,0
C102753,Male,18,35,One Year,UPI,98.74,3524.52,Fiber Optic,No,No,1,8,17,7.2,0
C102754,Female,28,29,Two Year,Electronic Check,78.1,2236.23,No Internet,No,Yes,0,1,27,9.2,0
C102755,Male,55,56,Month-to-Month,Bank Transfer,60.2,3236.65,DSL,Yes,No,1,0,15,8.5,0
C102756,Male,55,5,One Year,Credit Card,71.76,381.27,DSL,Yes,Yes,0,2,16,8.1,0
C102757,Female,27,67,Month-to-Month,UPI,69.01,4607.05,Fiber Optic,Yes,No,0,6,12,6.5,0
C102758,Female,46,53,Two Year,Credit Card,61.08,3489.93,Fiber Optic,No,No,0,0,14,6.2,0
C102759,Male,24,60,Two Year,Bank Transfer,90.41,5541.87,DSL,Yes,No,1,3,13,6.2,0
C102760,Male,55,6,Two Year,Bank Transfer,69.27,404.35,DSL,No,No,1,2,13,6.4,1
C102761,Male,41,48,One Year,Electronic Check,70.53,3276.76,Fiber Optic,No,Yes,1,0,7,8.2,0
C102762,Female,49,35,Month-to-Month,Electronic Check,83.92,3028.24,DSL,No,Yes,3,3,9,6.4,0
C102763,Male,18,18,One Year,Electronic Check,100.06,1757.41,DSL,No,Yes,2,2,18,5.7,1
C102764,Male,46,11,Month-to-Month,Bank Transfer,66.08,735.89,Fiber Optic,Yes,No,1,1,18,6.9,1
C102765,Female,38,51,Month-to-Month,Credit Card,106.62,5495.13,Fiber Optic,Yes,No,1,1,23,6.7,1
C102766,Female,48,23,Month-to-Month,Electronic Check,88.22,1871.77,Fiber Optic,No,No,1,2,8,7.5,1
C102767,Male,49,47,Month-to-Month,Credit Card,110.82,5369.33,Fiber Optic,No,Yes,1,3,15,6.7,0
C102768,Male,39,59,One Year,Electronic Check,104.58,6236.48,DSL,Yes,No,2,4,3,6.9,0
C102769,Female,31,57,Month-to-Month,Electronic Check,47.14,2820.39,DSL,No,No,0,3,11,9.2,0
C102770,Male,47,56,Month-to-Month,Electronic Check,55.36,3317.95,Fiber Optic,No,Yes,0,1,7,6.6,0
C102771,Male,37,27,Month-to-Month,Electronic Check,65.53,1766.04,DSL,No,Yes,0,5,41,5.5,0
C102772,Female,28,35,One Year,Electronic Check,71.66,2618.81,DSL,No,Yes,1,1,6,7.2,0
C102773,Male,27,55,One Year,Credit Card,80.67,4414.77,DSL,Yes,No,3,3,11,5.6,0
C102774,Female,20,9,Month-to-Month,Credit Card,87.08,757.68,DSL,Yes,Yes,0,2,19,7.2,1
C102775,Male,32,18,One Year,Electronic Check,125.67,2407.16,DSL,No,Yes,1,0,22,7.5,0
C102776,Male,51,44,One Year,Electronic Check,27.96,1253.21,No Internet,No,No,1,1,16,6.7,0
C102777,Male,40,21,Month-to-Month,UPI,79.05,1543.34,No Internet,Yes,No,1,1,14,5.9,0
C102778,Male,32,56,One Year,Electronic Check,105.66,6328.28,Fiber Optic,No,No,1,3,14,6.4,0
C102779,Male,48,48,Month-to-Month,Electronic Check,65.57,3105.67,Fiber Optic,Yes,Yes,1,3,1,8.1,0
C102780,Male,28,1,Month-to-Month,Electronic Check,70.29,72.18,DSL,No,Yes,3,2,12,6.2,0
C102781,Female,39,27,One Year,Bank Transfer,111.54,3232.88,Fiber Optic,No,No,2,0,20,5.8,0
C102782,Female,36,45,Month-to-Month,Electronic Check,51.34,2322.87,Fiber Optic,No,No,0,1,3,6.9,0
C102783,Female,47,63,Month-to-Month,UPI,100.74,6446.25,Fiber Optic,Yes,Yes,1,5,13,6.6,0
C102784,Female,19,58,One Year,Electronic Check,110.27,6076.95,No Internet,Yes,Yes,3,0,2,6.4,0
C102785,Male,28,40,One Year,Electronic Check,28.97,1210.34,DSL,No,No,0,3,10,8.1,0
C102786,Female,18,63,Month-to-Month,Bank Transfer,77.67,4910.15,Fiber Optic,Yes,Yes,1,2,12,6.8,0
C102787,Male,35,38,One Year,Electronic Check,121.04,4589.79,Fiber Optic,No,No,2,3,13,6.0,0
C102788,Female,53,29,Month-to-Month,Credit Card,91.34,2512.2,DSL,No,Yes,0,3,34,4.7,0
C102789,Female,32,40,Month-to-Month,Credit Card,95.55,3786.0,Fiber Optic,Yes,Yes,2,2,1,7.7,0
C102790,Female,32,19,One Year,Electronic Check,111.02,2260.84,Fiber Optic,No,Yes,0,0,11,7.1,0
C102791,Female,48,56,One Year,UPI,66.23,3642.16,Fiber Optic,No,Yes,1,4,32,5.9,0
C102792,Female,51,44,Month-to-Month,Credit Card,65.82,2767.18,No Internet,No,No,4,1,28,3.1,0
C102793,Male,37,65,Two Year,Credit Card,70.83,4676.56,DSL,No,No,1,0,17,7.3,0
C102794,Male,46,13,Two Year,Credit Card,90.27,1175.02,Fiber Optic,No,No,0,1,22,8.1,0
C102795,Female,25,30,Two Year,Electronic Check,79.14,2366.5,Fiber Optic,No,Yes,0,3,17,7.7,0
C102796,Male,55,49,Month-to-Month,Bank Transfer,38.13,1767.7,DSL,No,Yes,0,2,8,6.7,0
C102797,Female,64,63,Two Year,Credit Card,89.73,6022.63,No Internet,No,Yes,1,4,12,8.2,0
C102798,Female,44,71,Two Year,UPI,57.6,4160.18,DSL,No,No,1,1,21,7.4,0
C102799,Male,18,35,Two Year,Credit Card,84.47,3013.88,DSL,Yes,Yes,2,2,7,7.3,0
C102800,Female,31,11,Two Year,UPI,81.2,838.7,DSL,No,Yes,1,6,22,5.4,0
C102801,Female,45,49,Month-to-Month,Electronic Check,65.57,3190.13,No Internet,Yes,Yes,1,2,5,6.5,0
C102802,Female,33,40,Month-to-Month,Electronic Check,56.48,2289.22,DSL,No,No,0,2,7,7.0,0
C102803,Female,53,21,Month-to-Month,UPI,126.4,2834.29,DSL,No,Yes,2,2,54,3.4,1
C102804,Female,45,47,Month-to-Month,Electronic Check,125.12,5956.22,Fiber Optic,Yes,Yes,0,1,21,7.8,1
C102805,Female,30,3,Two Year,UPI,79.61,256.35,DSL,Yes,Yes,1,0,8,8.6,0
C102806,Female,38,30,One Year,Electronic Check,96.59,2986.67,DSL,No,No,1,1,24,7.9,0
C102807,Male,27,67,One Year,Electronic Check,98.29,6223.14,Fiber Optic,No,No,1,1,13,9.4,0
C102808,Male,36,62,Month-to-Month,Bank Transfer,96.83,5585.65,DSL,No,Yes,0,1,19,6.8,0
C102809,Female,31,37,Month-to-Month,Bank Transfer,88.07,3283.81,Fiber Optic,Yes,No,1,0,12,7.8,0
C102810,Male,52,22,Month-to-Month,UPI,98.74,2326.71,No Internet,No,Yes,4,2,12,5.5,1
C102811,Female,63,31,One Year,UPI,107.91,3248.39,Fiber Optic,No,No,0,2,10,7.5,0
C102812,Female,21,46,One Year,Credit Card,100.02,4883.74,No Internet,No,Yes,2,2,10,6.3,0
C102813,Male,18,45,Two Year,Credit Card,37.73,1601.7,No Internet,Yes,Yes,2,3,14,,0
C102814,Female,35,14,Month-to-Month,Bank Transfer,81.17,,DSL,No,Yes,2,2,17,4.8,1
C102815,Female,20,12,Two Year,Credit Card,132.54,1569.14,Fiber Optic,Yes,Yes,0,3,20,7.8,0
C102816,Male,39,63,Month-to-Month,UPI,106.07,6161.65,Fiber Optic,No,Yes,3,2,15,6.3,0
C102817,Male,47,38,Month-to-Month,Credit Card,60.8,2232.56,Fiber Optic,No,No,3,5,15,4.8,0
C102818,Male,56,47,Month-to-Month,Electronic Check,53.49,2474.09,Fiber Optic,No,Yes,2,3,27,4.2,0
C102819,Male,40,54,Month-to-Month,Bank Transfer,92.22,4930.24,Fiber Optic,No,Yes,0,2,15,7.7,0
C102820,Female,36,55,Two Year,Credit Card,28.69,1495.03,DSL,No,No,0,3,11,7.2,0
C102821,Male,18,48,Two Year,Credit Card,98.19,4801.03,Fiber Optic,No,Yes,6,5,2,2.9,0
C102822,Female,38,72,Month-to-Month,Credit Card,78.95,5999.54,DSL,No,Yes,1,2,8,7.8,0
C102823,Male,39,15,Month-to-Month,UPI,63.5,981.22,DSL,Yes,Yes,1,3,7,7.3,0
C102824,Male,46,71,Month-to-Month,Electronic Check,113.22,8423.27,Fiber Optic,No,No,2,1,3,7.7,0
C102825,Female,29,16,Month-to-Month,Credit Card,84.82,1324.16,Fiber Optic,No,Yes,2,1,11,6.7,0
C102826,Female,33,43,One Year,UPI,57.14,2592.34,DSL,No,No,1,2,8,4.6,0
C102827,Male,20,7,One Year,UPI,110.04,709.36,Fiber Optic,No,No,2,3,44,5.5,1
C102828,Male,18,43,Month-to-Month,Electronic Check,86.12,3897.38,DSL,No,Yes,1,2,21,6.5,0
C102829,Male,25,28,Month-to-Month,Bank Transfer,80.61,2086.48,Fiber Optic,No,Yes,1,1,6,8.7,0
C102830,Male,19,66,Month-to-Month,Credit Card,43.13,2913.12,DSL,Yes,No,1,1,13,7.8,0
C102831,Female,42,60,Month-to-Month,UPI,86.84,4965.36,Fiber Optic,Yes,Yes,2,2,30,5.4,0
C102832,Male,32,3,One Year,Bank Transfer,59.58,178.56,DSL,No,Yes,2,1,18,6.0,0
C102833,Male,32,1,Two Year,Credit Card,100.92,99.37,Fiber Optic,No,No,1,1,6,8.2,0
C102834,Male,26,31,Month-to-Month,UPI,42.7,1420.64,DSL,Yes,No,1,1,26,7.9,0
C102835,Female,18,56,Month-to-Month,UPI,110.19,5996.02,Fiber Optic,No,No,0,1,20,8.3,0
C102836,Female,56,46,Month-to-Month,Credit Card,111.17,5248.44,Fiber Optic,No,No,1,2,12,6.9,1
C102837,Male,26,32,Month-to-Month,Credit Card,81.26,2607.43,Fiber Optic,No,No,0,2,14,7.6,1
C102838,Female,33,18,Month-to-Month,Bank Transfer,107.22,1892.57,Fiber Optic,No,Yes,0,3,9,8.8,0
C102839,Male,21,68,Two Year,Bank Transfer,98.35,6849.48,No Internet,No,No,2,3,23,6.9,0
C102840,Male,50,35,Two Year,Bank Transfer,68.86,2271.19,Fiber Optic,No,No,2,6,7,6.1,0
C102841,Female,40,23,Month-to-Month,Credit Card,101.51,2421.67,Fiber Optic,No,Yes,1,1,5,9.4,0
C102842,Female,28,13,Month-to-Month,Credit Card,107.33,1414.58,Fiber Optic,Yes,Yes,1,1,5,7.5,1
C102843,Female,33,14,Month-to-Month,UPI,74.23,1084.17,Fiber Optic,Yes,Yes,0,2,20,6.5,0
C102844,Female,58,37,Month-to-Month,UPI,107.76,4149.37,Fiber Optic,Yes,No,4,4,10,4.2,1
C102845,Male,37,5,One Year,UPI,92.26,459.54,DSL,No,Yes,1,3,5,7.4,0
C102846,Female,36,22,One Year,Bank Transfer,112.85,2450.23,Fiber Optic,Yes,Yes,1,6,0,5.7,1
C102847,Male,27,28,Month-to-Month,Credit Card,104.86,3103.22,Fiber Optic,No,Yes,1,1,12,6.6,1
C102848,Female,18,4,Two Year,Bank Transfer,107.69,459.16,DSL,Yes,Yes,1,3,17,4.8,1
C102849,Male,36,50,One Year,Electronic Check,97.23,4798.83,Fiber Optic,No,Yes,1,2,11,8.1,0
C102850,Female,42,29,Month-to-Month,Credit Card,74.3,2302.72,Fiber Optic,No,No,0,3,13,7.9,0
C102851,Male,51,37,Month-to-Month,Bank Transfer,75.63,2986.95,No Internet,Yes,Yes,2,2,29,6.5,0
C102852,Male,18,35,Month-to-Month,Electronic Check,65.21,2147.11,DSL,No,No,1,0,2,7.1,1
C102853,Female,24,20,One Year,Credit Card,66.6,1324.38,DSL,No,No,0,1,12,7.0,0
C102854,Male,31,35,One Year,Electronic Check,95.1,3491.15,No Internet,No,No,0,3,15,7.7,0
C102855,Male,38,2,Two Year,UPI,78.63,148.45,No Internet,No,Yes,2,1,5,5.4,0
C102856,Male,36,58,Two Year,Credit Card,88.89,4941.48,Fiber Optic,No,No,1,4,14,6.8,0
C102857,Male,37,18,Two Year,Bank Transfer,41.88,760.27,Fiber Optic,Yes,No,0,2,8,7.5,0
C102858,Male,43,56,Month-to-Month,Credit Card,85.48,4497.3,DSL,Yes,Yes,0,3,17,8.2,0
C102859,Male,27,64,One Year,Bank Transfer,84.66,5276.55,DSL,No,Yes,1,0,14,6.1,0
C102860,Female,49,52,One Year,Bank Transfer,94.13,4906.28,Fiber Optic,No,Yes,5,0,19,4.5,0
C102861,Male,43,22,Month-to-Month,Credit Card,50.68,1166.95,Fiber Optic,Yes,Yes,3,1,11,5.9,0
C102862,Female,34,60,Month-to-Month,Credit Card,63.72,3613.81,DSL,Yes,No,3,5,22,6.3,0
C102863,Female,57,10,Month-to-Month,Bank Transfer,45.88,475.07,DSL,No,Yes,2,1,12,8.3,0
C102864,Male,57,6,Month-to-Month,Bank Transfer,60.99,392.16,DSL,Yes,No,0,4,7,6.8,0
C102865,Female,49,6,Two Year,Electronic Check,76.54,437.71,DSL,No,Yes,0,1,24,7.3,0
C102866,Male,18,28,Month-to-Month,Credit Card,86.72,2322.16,Fiber Optic,Yes,No,0,3,23,6.0,0
C102867,Female,57,42,One Year,Credit Card,78.11,3429.95,Fiber Optic,Yes,No,3,3,5,5.5,0
C102868,Male,48,41,Month-to-Month,Bank Transfer,78.67,3036.82,Fiber Optic,Yes,No,2,2,3,4.9,1
C102869,Male,62,63,Two Year,Electronic Check,74.09,4645.46,No Internet,Yes,Yes,0,1,6,7.9,0
C102870,Female,53,22,One Year,Credit Card,52.53,1139.66,DSL,No,Yes,1,2,10,5.5,0
C102871,Female,57,29,Two Year,Electronic Check,60.49,1757.38,DSL,No,No,2,3,4,6.9,0
C102872,Female,49,71,Month-to-Month,UPI,102.02,7265.48,Fiber Optic,No,No,2,2,18,7.3,0
C102873,Male,54,34,Two Year,UPI,102.98,3533.68,DSL,No,No,2,5,13,5.6,0
C102874,Female,62,2,Month-to-Month,UPI,77.84,163.6,No Internet,No,Yes,0,1,8,8.1,0
C102875,Male,41,26,One Year,Bank Transfer,90.21,2318.53,DSL,Yes,Yes,1,2,8,7.7,0
C102876,Male,19,19,Month-to-Month,UPI,71.96,1305.02,DSL,Yes,Yes,0,7,14,5.4,0
C102877,Male,34,20,One Year,Bank Transfer,71.89,1503.54,Fiber Optic,No,No,3,3,17,5.1,0
C102878,Female,43,33,Two Year,Credit Card,60.81,2160.62,DSL,Yes,No,0,2,4,9.5,0
C102879,Male,39,4,One Year,UPI,123.17,463.18,DSL,No,No,0,2,4,8.2,0
C102880,Male,23,32,One Year,Bank Transfer,63.75,1961.81,Fiber Optic,No,No,2,1,24,6.9,0
C102881,Female,18,19,Month-to-Month,Bank Transfer,93.31,1908.3,No Internet,No,Yes,2,2,3,4.9,1
C102882,Male,29,3,Month-to-Month,UPI,63.32,181.5,Fiber Optic,No,Yes,1,4,9,5.6,0
C102883,Male,48,61,Month-to-Month,UPI,129.62,7808.58,No Internet,No,Yes,1,3,2,6.3,0
C102884,Male,57,38,Month-to-Month,Credit Card,106.18,3766.06,Fiber Optic,No,No,0,1,19,7.0,1
C102885,Female,49,6,Two Year,Electronic Check,84.84,493.17,DSL,No,Yes,1,3,11,7.2,0
C102886,Male,51,56,Two Year,Credit Card,121.99,6568.23,Fiber Optic,Yes,No,1,0,12,6.3,0
C102887,Male,37,40,Two Year,Electronic Check,80.14,3440.34,DSL,No,No,1,2,13,7.7,0
C102888,Female,18,69,Month-to-Month,UPI,92.79,6034.32,DSL,Yes,No,2,0,9,6.4,0
C102889,Female,33,42,Month-to-Month,UPI,111.8,4552.85,Fiber Optic,Yes,No,1,0,10,6.1,0
C102890,Male,35,2,One Year,Bank Transfer,71.53,133.44,DSL,No,No,2,1,26,8.2,0
C102891,Female,32,28,One Year,Bank Transfer,89.88,2585.89,Fiber Optic,No,Yes,2,2,12,6.4,0
C102892,Female,39,17,Month-to-Month,Credit Card,82.59,1513.27,No Internet,No,Yes,1,3,3,7.8,0
C102893,Female,43,70,Two Year,UPI,57.24,3784.46,DSL,No,Yes,1,2,5,6.0,0
C102894,Male,48,69,Month-to-Month,UPI,77.56,5460.54,Fiber Optic,Yes,No,2,0,9,4.7,0
C102895,Female,35,39,Month-to-Month,Electronic Check,69.57,2562.73,No Internet,No,Yes,1,1,9,5.9,0
C102896,Female,18,7,Two Year,Electronic Check,100.09,669.97,No Internet,No,Yes,0,2,1,7.5,0
C102897,Male,32,32,Two Year,Electronic Check,64.86,2089.53,Fiber Optic,No,Yes,2,4,15,8.3,1
C102898,Male,39,4,One Year,Bank Transfer,97.25,416.99,No Internet,No,Yes,2,1,19,7.8,1
C102899,Male,53,21,Month-to-Month,Electronic Check,93.13,1947.94,Fiber Optic,Yes,No,2,3,9,6.3,1
C102900,Male,31,32,Month-to-Month,Electronic Check,42.74,1356.85,No Internet,No,No,0,4,9,6.6,0
C102901,Female,44,14,Month-to-Month,Credit Card,105.25,1387.91,Fiber Optic,No,Yes,2,1,5,6.8,1
C102902,Male,41,70,Two Year,Bank Transfer,104.36,7379.45,Fiber Optic,Yes,Yes,0,2,7,7.1,0
C102903,Male,39,46,Month-to-Month,UPI,63.65,2910.31,DSL,No,No,0,5,48,6.2,0
C102904,Female,49,20,Two Year,Bank Transfer,79.03,1538.77,No Internet,No,Yes,2,2,15,5.9,0
C102905,Male,30,58,Two Year,Credit Card,69.55,4182.77,Fiber Optic,No,Yes,0,3,15,4.1,0
C102906,Female,31,48,Two Year,Electronic Check,112.64,5231.9,DSL,No,No,2,7,13,6.8,0
C102907,Male,38,7,Month-to-Month,Credit Card,77.3,575.98,DSL,No,Yes,1,1,8,7.2,0
C102908,Male,30,40,Month-to-Month,Electronic Check,89.97,3813.42,Fiber Optic,No,Yes,0,2,26,5.5,0
C102909,Male,44,59,One Year,Credit Card,84.18,4955.97,DSL,No,Yes,2,3,13,7.2,0
C102910,Male,29,36,Two Year,Electronic Check,91.64,3514.39,DSL,Yes,Yes,1,1,34,8.4,0
C102911,Male,41,44,Two Year,Credit Card,84.12,3974.62,DSL,No,No,4,4,11,5.0,0
C102912,Female,37,31,Month-to-Month,Electronic Check,82.13,2357.17,No Internet,No,Yes,1,2,12,5.8,0
C102913,Female,41,42,One Year,Bank Transfer,77.7,3447.42,Fiber Optic,No,No,1,2,6,8.1,0
C102914,Male,32,44,Month-to-Month,Electronic Check,82.61,3578.13,DSL,Yes,No,1,5,9,6.3,1
C102915,Female,34,43,Month-to-Month,Bank Transfer,93.27,4328.38,DSL,Yes,Yes,1,0,18,7.0,0
C102916,Female,39,43,One Year,Bank Transfer,104.35,4374.27,Fiber Optic,No,Yes,2,1,19,4.9,1
C102917,Female,40,47,Month-to-Month,Credit Card,102.62,5080.26,Fiber Optic,No,Yes,2,1,4,7.6,0
C102918,Male,38,6,Month-to-Month,Bank Transfer,84.49,484.26,No Internet,No,Yes,0,0,29,5.0,0
C102919,Male,58,66,Month-to-Month,UPI,102.99,7265.22,Fiber Optic,No,No,2,1,29,4.6,0
C102920,Male,26,9,Month-to-Month,Credit Card,62.42,583.59,Fiber Optic,Yes,Yes,1,1,16,8.1,1
C102921,Female,37,11,Month-to-Month,Bank Transfer,48.17,511.54,No Internet,Yes,Yes,2,3,31,4.3,0
C102922,Female,19,18,Month-to-Month,Credit Card,44.74,829.45,Fiber Optic,No,No,0,4,12,7.4,0
C102923,Male,42,25,Month-to-Month,Credit Card,81.81,2024.11,No Internet,Yes,No,1,2,10,6.5,1
C102924,Male,25,58,Two Year,Electronic Check,128.91,7906.77,Fiber Optic,Yes,No,1,3,13,7.4,0
C102925,Female,35,30,Two Year,Electronic Check,104.6,2889.94,DSL,No,Yes,3,4,23,4.7,0
C102926,Female,34,1,Two Year,Bank Transfer,79.65,79.95,Fiber Optic,Yes,No,0,2,13,7.2,0
C102927,Female,41,63,Month-to-Month,Electronic Check,92.81,6016.6,Fiber Optic,No,Yes,1,2,8,8.7,0
C102928,Female,31,29,Month-to-Month,Bank Transfer,57.44,1638.27,DSL,Yes,No,1,2,16,6.8,0
C102929,Male,31,66,Two Year,Bank Transfer,107.18,7043.65,No Internet,No,Yes,0,1,26,8.4,0
C102930,Female,55,53,Month-to-Month,UPI,76.56,3888.86,No Internet,No,No,0,0,24,6.1,0
C102931,Female,41,19,Month-to-Month,Bank Transfer,68.23,1279.25,No Internet,No,No,1,0,4,6.9,0
C102932,Male,31,66,Month-to-Month,Electronic Check,69.28,4880.56,DSL,Yes,Yes,0,2,4,7.4,0
C102933,Female,35,52,Month-to-Month,Bank Transfer,91.83,4687.0,Fiber Optic,No,No,1,1,10,,0
C102934,Female,58,31,Two Year,Credit Card,50.74,1695.87,DSL,No,Yes,0,2,26,8.5,0
C102935,Male,35,60,Two Year,UPI,64.63,3856.4,DSL,Yes,Yes,2,2,8,5.1,0
C102936,Female,30,68,Two Year,Bank Transfer,105.72,7327.52,Fiber Optic,Yes,No,0,1,24,8.1,0
C102937,Female,30,30,Two Year,Credit Card,34.66,957.39,DSL,No,Yes,3,2,13,6.5,0
C102938,Female,31,13,One Year,Bank Transfer,43.68,539.4,DSL,No,No,1,3,4,7.9,0
C102939,Male,31,15,Month-to-Month,Credit Card,107.02,1568.24,Fiber Optic,No,No,1,3,36,7.4,1
C102940,Male,23,20,Month-to-Month,Credit Card,111.34,2165.51,Fiber Optic,No,No,1,2,9,7.3,0
C102941,Female,25,34,One Year,Bank Transfer,114.9,4043.66,Fiber Optic,No,Yes,1,1,29,7.6,1
C102942,Male,28,20,Month-to-Month,Electronic Check,74.81,1507.83,No Internet,No,No,2,1,9,5.9,0
C102943,Female,45,50,Two Year,Bank Transfer,80.05,3821.1,DSL,No,No,2,1,23,5.7,0
C102944,Female,33,27,Month-to-Month,Electronic Check,99.09,2720.64,DSL,No,Yes,1,0,11,7.4,0
C102945,Male,36,30,One Year,UPI,65.86,1859.19,No Internet,No,No,1,1,11,7.4,0
C102946,Male,53,56,One Year,UPI,80.61,4779.54,Fiber Optic,No,No,0,1,11,7.7,0
C102947,Male,54,65,Month-to-Month,Bank Transfer,52.61,3556.26,No Internet,Yes,Yes,0,2,13,6.5,0
C102948,Male,35,55,One Year,Bank Transfer,58.19,3121.57,DSL,No,Yes,0,9,16,4.0,0
C102949,Female,30,24,Two Year,UPI,87.72,1953.15,No Internet,No,Yes,0,2,16,7.8,0
C102950,Female,28,25,One Year,Electronic Check,72.04,1882.48,DSL,No,No,0,2,11,8.3,0
C102951,Female,46,53,One Year,Electronic Check,67.16,3413.35,DSL,Yes,Yes,1,2,11,7.6,0
C102952,Female,36,11,Month-to-Month,Credit Card,112.93,1194.32,Fiber Optic,No,No,3,0,26,5.0,1
C102953,Male,33,60,Two Year,Electronic Check,72.89,4325.49,Fiber Optic,No,Yes,1,2,29,6.0,0
C102954,Female,28,47,Month-to-Month,UPI,80.79,3863.09,Fiber Optic,Yes,Yes,0,0,13,6.4,0
C102955,Female,29,25,Two Year,Electronic Check,75.64,1750.12,DSL,No,No,1,5,4,7.1,0
C102956,Female,42,25,Two Year,Bank Transfer,87.01,2288.6,Fiber Optic,No,Yes,2,2,5,4.9,0
C102957,Female,22,17,Month-to-Month,Credit Card,74.81,1176.97,No Internet,Yes,Yes,2,4,16,5.7,1
C102958,Male,50,12,Two Year,Electronic Check,59.79,680.16,Fiber Optic,No,No,1,2,9,6.1,0
C102959,Female,32,52,Two Year,Electronic Check,84.77,4215.35,DSL,No,No,1,1,6,6.4,0
C102960,Male,36,11,One Year,Electronic Check,78.55,912.36,DSL,Yes,Yes,4,3,14,7.9,0
C102961,Male,22,10,One Year,Electronic Check,88.68,921.69,DSL,No,Yes,3,1,11,,1
C102962,Male,38,60,Two Year,UPI,87.28,5329.46,Fiber Optic,No,No,1,0,7,6.8,0
C102963,Female,34,54,Month-to-Month,Electronic Check,126.5,6673.78,Fiber Optic,No,No,2,2,9,5.0,0
C102964,Female,37,63,Two Year,Electronic Check,109.39,6949.88,Fiber Optic,Yes,No,2,1,5,5.7,0
C102965,Female,56,20,One Year,Bank Transfer,66.26,1229.98,Fiber Optic,Yes,Yes,1,4,13,5.6,0
C102966,Female,40,5,Two Year,Credit Card,124.12,656.95,DSL,No,No,1,2,10,8.8,1
C102967,Female,28,41,Month-to-Month,UPI,76.09,3215.53,Fiber Optic,Yes,No,1,1,19,7.3,0
C102968,Female,29,63,Month-to-Month,UPI,72.64,4698.46,Fiber Optic,No,No,1,3,27,5.5,1
C102969,Male,45,56,Two Year,UPI,63.56,3835.16,No Internet,Yes,No,2,2,10,5.1,0
C102970,Male,54,32,Month-to-Month,UPI,79.56,2559.46,Fiber Optic,No,Yes,1,3,31,5.7,0
C102971,Male,41,27,Month-to-Month,Electronic Check,70.87,1782.78,Fiber Optic,No,No,1,0,23,7.2,1
C102972,Female,46,68,One Year,Bank Transfer,84.69,5508.37,DSL,No,No,1,3,13,6.7,0
C102973,Female,45,48,Month-to-Month,Credit Card,93.74,4255.17,No Internet,No,Yes,1,2,9,7.8,0
C102974,Male,55,7,Month-to-Month,Credit Card,71.22,533.73,DSL,No,No,1,3,20,5.6,1
C102975,Male,18,46,Month-to-Month,Electronic Check,71.3,3084.38,Fiber Optic,No,No,1,4,17,6.0,0
C102976,Female,46,18,Month-to-Month,Electronic Check,88.46,1470.64,Fiber Optic,No,No,0,1,10,7.1,0
C102977,Male,50,38,Month-to-Month,Bank Transfer,73.27,2696.14,DSL,No,No,3,2,9,7.5,1
C102978,Female,22,65,Month-to-Month,Electronic Check,48.23,2945.35,Fiber Optic,No,No,0,0,8,7.1,0
C102979,Female,27,17,One Year,Electronic Check,105.93,1835.47,Fiber Optic,No,Yes,2,3,20,4.7,1
C102980,Male,28,38,One Year,Credit Card,74.87,2719.31,DSL,No,Yes,3,3,7,7.2,0
C102981,Male,29,63,Month-to-Month,Bank Transfer,102.77,6829.55,DSL,No,Yes,0,2,31,6.7,0
C102982,Female,32,42,Month-to-Month,UPI,54.76,2168.59,DSL,Yes,Yes,1,1,17,7.0,0
C102983,Female,41,8,One Year,Credit Card,77.3,584.01,DSL,No,No,3,2,11,6.5,0
C102984,Female,48,30,Month-to-Month,UPI,108.38,3307.42,Fiber Optic,No,Yes,1,3,24,5.4,1
C102985,Female,51,64,Month-to-Month,Electronic Check,100.47,5999.95,DSL,No,Yes,1,1,14,6.5,0
C102986,Male,28,9,Month-to-Month,Credit Card,74.19,619.7,DSL,No,Yes,1,3,3,7.3,1
C102987,Male,28,57,Month-to-Month,Electronic Check,59.64,3227.55,Fiber Optic,No,Yes,3,0,21,6.0,0
C102988,Female,54,59,Two Year,Bank Transfer,79.07,4685.07,No Internet,No,No,3,1,32,6.8,0
C102989,Female,46,67,One Year,UPI,71.86,4851.43,Fiber Optic,No,Yes,1,0,23,7.8,0
C102990,Male,39,5,Month-to-Month,Electronic Check,70.1,344.04,Fiber Optic,Yes,No,3,2,5,4.7,1
C102991,Female,44,4,Month-to-Month,Bank Transfer,53.64,213.43,DSL,No,No,1,4,8,5.5,0
C102992,Female,38,8,Two Year,Bank Transfer,107.41,853.08,No Internet,Yes,Yes,0,4,8,8.1,0
C102993,Male,44,42,Month-to-Month,Bank Transfer,78.8,3287.12,Fiber Optic,Yes,Yes,1,2,1,9.5,0
C102994,Male,34,35,Month-to-Month,Electronic Check,86.9,2927.75,Fiber Optic,Yes,No,5,2,22,7.6,0
C102995,Female,41,13,Two Year,Electronic Check,60.84,749.1,Fiber Optic,Yes,No,2,1,11,5.7,0
C102996,Male,20,5,Month-to-Month,Electronic Check,96.57,474.47,DSL,No,No,1,1,8,5.5,0
C102997,Male,30,40,One Year,Electronic Check,82.85,3294.63,DSL,No,Yes,1,2,14,8.0,0
C102998,Male,30,19,Month-to-Month,Bank Transfer,102.87,2096.32,DSL,No,No,1,1,22,6.9,1
C102999,Female,34,4,Month-to-Month,Credit Card,68.01,282.85,Fiber Optic,No,No,2,2,21,5.5,1
C103000,Female,27,59,One Year,Bank Transfer,84.89,5298.15,Fiber Optic,Yes,No,0,2,8,8.1,0
C103001,Female,32,18,Month-to-Month,Credit Card,76.43,1350.7,Fiber Optic,No,Yes,2,2,8,5.6,0
C103002,Male,20,24,Month-to-Month,Electronic Check,67.88,1648.05,DSL,No,Yes,0,1,8,8.3,0
C103003,Female,45,31,Two Year,Bank Transfer,91.86,2958.07,DSL,No,No,1,0,36,5.7,0
C103004,Female,37,58,Month-to-Month,Bank Transfer,77.35,4259.1,DSL,Yes,No,0,3,16,7.4,0
C103005,Female,18,28,One Year,Electronic Check,61.74,1717.45,DSL,Yes,Yes,0,3,14,6.5,0
C103006,Female,28,9,Month-to-Month,UPI,38.89,341.51,DSL,No,No,3,3,15,5.1,1
C103007,Male,42,45,Two Year,Credit Card,80.02,3628.44,No Internet,No,Yes,1,4,10,6.5,0
C103008,Female,31,49,Two Year,Bank Transfer,68.47,3243.44,DSL,No,No,0,2,15,8.0,0
C103009,Male,30,2,Month-to-Month,Electronic Check,100.05,195.45,DSL,Yes,No,3,4,6,4.9,0
C103010,Female,37,6,One Year,Credit Card,107.16,677.14,DSL,Yes,Yes,0,4,9,7.0,0
C103011,Male,42,29,One Year,UPI,91.26,2764.04,DSL,Yes,Yes,0,2,5,7.8,0
C103012,Male,21,26,Month-to-Month,UPI,91.96,2355.43,No Internet,No,Yes,0,2,11,7.8,0
C103013,Male,45,28,One Year,Electronic Check,67.32,1763.69,DSL,Yes,Yes,1,4,6,5.1,1
C103014,Female,28,7,Two Year,UPI,97.38,658.29,Fiber Optic,Yes,Yes,0,1,33,9.0,0
C103015,Male,38,34,Month-to-Month,Electronic Check,91.92,,DSL,No,No,1,2,23,7.3,0
C103016,Female,38,56,Two Year,UPI,69.87,4072.77,DSL,Yes,No,1,3,2,7.9,0
C103017,Male,32,10,Month-to-Month,Bank Transfer,98.88,961.05,No Internet,No,Yes,3,4,3,5.6,1
C103018,Male,26,57,One Year,Credit Card,84.35,5146.2,Fiber Optic,No,Yes,1,3,9,6.4,0
C103019,Female,35,47,Month-to-Month,UPI,78.85,3706.98,No Internet,Yes,Yes,0,1,5,8.4,0
C103020,Male,58,27,Month-to-Month,Credit Card,90.91,2603.16,DSL,Yes,No,2,2,13,6.5,1
C103021,Male,22,39,Month-to-Month,Credit Card,43.76,1714.78,No Internet,Yes,No,0,1,8,6.5,0
C103022,Female,58,22,Month-to-Month,Electronic Check,70.32,1426.27,DSL,No,Yes,0,1,24,7.6,0
C103023,Male,35,19,One Year,UPI,133.36,2371.48,No Internet,No,Yes,2,3,4,6.2,0
C103024,Male,38,9,Month-to-Month,Bank Transfer,51.12,431.02,Fiber Optic,No,No,2,1,1,6.6,0
C103025,Male,25,19,Month-to-Month,Credit Card,107.42,2112.06,Fiber Optic,No,No,3,3,12,4.7,0
C103026,Female,29,2,Month-to-Month,Electronic Check,60.65,128.29,DSL,Yes,No,2,3,8,6.7,1
C103027,Female,32,61,Month-to-Month,Electronic Check,69.45,4253.88,Fiber Optic,No,Yes,2,1,16,7.3,0
C103028,Female,25,59,One Year,Electronic Check,70.44,4391.53,No Internet,No,Yes,1,1,16,7.0,0
C103029,Female,35,70,Month-to-Month,Electronic Check,45.97,3151.91,DSL,No,Yes,0,2,7,8.3,0
C103030,Male,33,71,One Year,Credit Card,68.06,4524.46,Fiber Optic,Yes,No,2,3,8,7.4,0
C103031,Male,60,70,Month-to-Month,Electronic Check,105.03,7068.59,DSL,No,Yes,2,2,12,6.9,0
C103032,Female,24,33,Two Year,Electronic Check,110.05,3409.7,DSL,No,Yes,1,2,10,6.2,0
C103033,Male,39,65,Month-to-Month,Bank Transfer,68.05,4696.26,Fiber Optic,No,Yes,0,1,8,8.2,0
C103034,Male,41,25,One Year,Electronic Check,85.29,2043.26,Fiber Optic,Yes,Yes,0,2,3,6.0,0
C103035,Male,25,70,Month-to-Month,UPI,98.12,7143.87,Fiber Optic,No,Yes,3,0,17,,0
C103036,Male,46,28,Month-to-Month,Electronic Check,91.25,2379.76,DSL,No,No,2,2,4,5.9,0
C103037,Female,33,18,One Year,Credit Card,115.92,2178.38,Fiber Optic,No,No,1,2,9,5.1,0
C103038,Male,18,63,One Year,Bank Transfer,76.44,4496.01,Fiber Optic,Yes,No,1,1,18,9.4,0
C103039,Male,46,49,Month-to-Month,Electronic Check,80.38,4220.74,DSL,No,Yes,1,2,16,6.8,0
C103040,Male,25,66,Two Year,UPI,57.55,3883.76,Fiber Optic,Yes,No,1,3,26,6.8,0
C103041,Female,25,40,One Year,Credit Card,63.89,2627.71,DSL,No,No,1,1,4,7.7,0
C103042,Male,46,66,Month-to-Month,Credit Card,70.55,4791.13,DSL,Yes,Yes,3,0,25,5.9,0
C103043,Male,34,4,Month-to-Month,UPI,64.85,250.05,DSL,Yes,Yes,5,2,7,6.7,1
C103044,Female,49,34,Month-to-Month,UPI,101.51,3419.84,Fiber Optic,No,Yes,1,4,16,6.5,1
C103045,Female,53,5,Month-to-Month,Bank Transfer,125.83,669.95,No Internet,No,Yes,0,2,19,8.4,1
C103046,Male,30,22,Month-to-Month,Electronic Check,65.22,1367.55,Fiber Optic,No,Yes,0,1,4,6.3,0
C103047,Male,48,20,Month-to-Month,Credit Card,80.6,1619.13,Fiber Optic,Yes,No,1,1,7,6.3,0
C103048,Male,29,47,Month-to-Month,Bank Transfer,77.72,3549.35,DSL,No,Yes,1,2,13,6.8,0
C103049,Male,65,34,Month-to-Month,Electronic Check,113.54,4023.16,No Internet,No,Yes,2,5,24,5.5,1
C103050,Male,30,44,Month-to-Month,Credit Card,77.78,3398.36,Fiber Optic,No,No,0,4,11,6.5,0
C103051,Male,50,6,Month-to-Month,Bank Transfer,82.26,481.14,DSL,No,Yes,2,5,13,6.9,1
C103052,Male,48,56,Month-to-Month,Bank Transfer,90.99,5171.25,Fiber Optic,Yes,Yes,1,0,26,8.4,1
C103053,Male,42,29,One Year,Bank Transfer,111.6,3032.4,Fiber Optic,No,Yes,1,5,16,5.0,0
C103054,Female,30,53,Month-to-Month,UPI,102.91,5506.55,DSL,No,Yes,1,3,6,5.9,0
C103055,Female,36,1,One Year,UPI,69.45,72.6,No Internet,No,Yes,1,1,14,6.7,0
C103056,Female,18,59,Two Year,Credit Card,72.64,4603.23,Fiber Optic,No,No,2,0,5,7.3,0
C103057,Male,41,48,Month-to-Month,Electronic Check,98.76,5002.3,Fiber Optic,No,No,0,0,14,7.0,0
C103058,Male,42,7,Month-to-Month,UPI,109.22,778.77,DSL,No,Yes,0,1,13,6.7,1
C103059,Female,40,32,One Year,Electronic Check,39.31,1266.1,No Internet,Yes,No,2,0,17,6.9,1
C103060,Male,18,61,Month-to-Month,Electronic Check,71.53,4243.72,DSL,No,Yes,2,2,23,5.5,0
C103061,Male,23,57,Month-to-Month,Bank Transfer,89.84,5102.78,Fiber Optic,No,Yes,2,1,8,5.4,1
C103062,Female,29,51,Month-to-Month,Bank Transfer,36.97,1921.21,DSL,Yes,Yes,1,2,7,6.9,0
C103063,Female,41,19,Month-to-Month,Bank Transfer,73.24,1309.14,Fiber Optic,No,No,2,1,25,5.8,1
C103064,Female,41,27,Month-to-Month,Credit Card,86.77,2426.5,Fiber Optic,No,No,2,4,4,6.5,0
C103065,Male,36,63,Two Year,UPI,53.94,3259.58,No Internet,Yes,No,2,6,5,7.0,0
C103066,Male,46,60,Month-to-Month,UPI,49.15,2767.51,DSL,Yes,Yes,4,2,6,5.1,0
C103067,Female,26,61,One Year,Bank Transfer,86.36,4929.11,No Internet,Yes,Yes,2,3,15,6.9,0
C103068,Male,45,61,Month-to-Month,Credit Card,87.53,5185.27,DSL,No,Yes,0,2,3,6.5,0
C103069,Female,44,45,Month-to-Month,Credit Card,74.22,3243.92,Fiber Optic,No,Yes,1,1,24,7.2,0
C103070,Female,43,21,Month-to-Month,Electronic Check,90.75,1927.8,DSL,No,Yes,2,5,13,6.2,1
C103071,Female,36,44,Two Year,Bank Transfer,31.98,1397.67,Fiber Optic,No,No,1,5,9,5.8,0
C103072,Male,60,1,Month-to-Month,UPI,101.05,105.09,Fiber Optic,Yes,Yes,1,2,21,7.0,0
C103073,Male,44,44,Month-to-Month,UPI,119.9,4869.73,Fiber Optic,No,Yes,1,4,36,5.9,0
C103074,Female,26,62,Month-to-Month,Credit Card,117.43,6804.11,Fiber Optic,No,Yes,1,2,11,8.0,0
C103075,Female,41,61,Month-to-Month,UPI,80.62,4719.49,DSL,No,Yes,1,2,16,5.1,0
C103076,Female,47,50,Month-to-Month,Bank Transfer,114.28,5292.49,Fiber Optic,No,Yes,2,2,17,7.0,0
C103077,Male,31,41,One Year,UPI,76.15,2954.28,No Internet,Yes,Yes,1,1,8,5.4,0
C103078,Male,51,33,Month-to-Month,UPI,95.97,3282.2,DSL,Yes,No,0,3,19,7.1,0
C103079,Female,43,12,Month-to-Month,UPI,67.41,847.53,Fiber Optic,Yes,Yes,0,3,9,6.8,1
C103080,Female,18,2,Two Year,Electronic Check,84.98,172.48,Fiber Optic,Yes,No,3,1,7,5.8,0
C103081,Female,42,21,One Year,UPI,124.12,2636.11,Fiber Optic,Yes,Yes,5,1,8,3.9,1
C103082,Male,33,14,Month-to-Month,Credit Card,88.88,1269.58,No Internet,No,Yes,0,2,3,8.3,1
C103083,Female,44,34,One Year,Credit Card,102.72,3660.8,Fiber Optic,No,No,4,0,6,5.5,0
C103084,Female,49,64,Month-to-Month,Bank Transfer,95.41,6441.17,Fiber Optic,Yes,No,1,1,4,8.4,0
C103085,Female,40,23,One Year,Credit Card,85.5,1915.85,Fiber Optic,Yes,Yes,1,1,8,6.2,0
C103086,Male,58,50,Month-to-Month,Electronic Check,117.45,5793.95,Fiber Optic,No,Yes,0,2,13,6.5,0
C103087,Male,36,14,One Year,Bank Transfer,60.98,895.89,DSL,No,Yes,0,2,20,8.2,0
C103088,Female,45,46,One Year,UPI,73.21,3211.77,Fiber Optic,No,Yes,2,4,5,6.1,0
C103089,Male,48,5,Month-to-Month,UPI,93.79,502.17,Fiber Optic,No,No,1,1,6,7.5,1
C103090,Male,37,66,Month-to-Month,Bank Transfer,119.66,8324.96,No Internet,Yes,Yes,5,1,5,6.3,1
C103091,Female,47,22,Month-to-Month,UPI,41.56,,DSL,No,Yes,1,4,7,,1
C103092,Male,31,70,Month-to-Month,UPI,63.93,4484.92,Fiber Optic,No,Yes,1,3,5,9.6,0
C103093,Female,33,2,One Year,Electronic Check,78.47,155.37,DSL,Yes,No,2,0,15,7.2,0
C103094,Male,22,29,Month-to-Month,Credit Card,100.19,2779.55,Fiber Optic,Yes,Yes,1,1,2,7.8,0
C103095,Female,41,61,Month-to-Month,Credit Card,83.26,4867.56,No Internet,No,No,1,1,4,8.2,0
C103096,Female,42,71,One Year,Electronic Check,91.1,6263.98,Fiber Optic,Yes,No,1,1,41,7.2,0
C103097,Male,52,16,Two Year,Bank Transfer,77.8,1226.53,Fiber Optic,No,Yes,0,0,7,9.1,0
C103098,Male,47,64,Month-to-Month,Credit Card,75.08,5107.86,DSL,No,Yes,0,3,6,7.0,1
C103099,Male,35,14,Two Year,UPI,92.63,1267.47,Fiber Optic,Yes,Yes,2,2,10,6.8,0
C103100,Male,24,43,Month-to-Month,Bank Transfer,112.32,4878.05,DSL,No,No,3,2,18,5.8,0
C103101,Female,43,43,One Year,Bank Transfer,104.52,4198.45,No Internet,No,No,1,0,12,7.0,0
C103102,Female,51,70,Two Year,Credit Card,133.16,9148.69,Fiber Optic,Yes,Yes,3,4,4,5.3,0
C103103,Male,47,55,One Year,Bank Transfer,87.73,4769.35,Fiber Optic,Yes,No,4,2,3,5.7,0
C103104,Male,51,31,Two Year,Bank Transfer,71.81,2227.12,Fiber Optic,No,Yes,0,4,5,,0
C103105,Male,35,40,Month-to-Month,Credit Card,60.72,2413.97,DSL,No,Yes,1,0,8,6.0,0
C103106,Female,32,27,Month-to-Month,UPI,94.94,2629.36,Fiber Optic,No,Yes,1,2,17,7.6,0
C103107,Male,29,52,Month-to-Month,Credit Card,96.68,5308.93,Fiber Optic,No,No,1,1,10,8.9,0
C103108,Female,37,7,Two Year,Credit Card,111.1,794.11,DSL,Yes,No,1,5,4,8.3,0
C103109,Female,37,46,Two Year,Bank Transfer,63.34,2861.13,Fiber Optic,Yes,No,4,1,9,6.1,0
C103110,Female,40,33,Month-to-Month,Electronic Check,61.52,2118.76,DSL,No,Yes,1,1,11,5.0,1
C103111,Male,36,8,Month-to-Month,UPI,103.2,849.97,DSL,No,Yes,0,3,13,8.1,0
C103112,Female,36,5,Two Year,Bank Transfer,67.62,348.4,Fiber Optic,Yes,Yes,4,4,14,5.4,0
C103113,Male,29,61,Month-to-Month,UPI,91.14,5814.68,Fiber Optic,No,Yes,3,3,5,6.0,0
C103114,Male,49,72,One Year,Credit Card,115.74,7814.46,DSL,Yes,Yes,0,2,3,9.0,0
C103115,Female,39,60,Two Year,UPI,94.25,5529.92,DSL,Yes,No,2,2,22,5.8,0
C103116,Female,36,24,Month-to-Month,Credit Card,83.67,1901.48,DSL,No,Yes,1,3,21,7.6,1
C103117,Male,29,7,Month-to-Month,Electronic Check,90.94,664.34,DSL,No,Yes,0,0,22,7.1,0
C103118,Male,22,61,Two Year,Electronic Check,46.81,2885.88,Fiber Optic,No,Yes,1,3,42,6.6,0
C103119,Male,54,36,Month-to-Month,Electronic Check,120.54,4679.31,Fiber Optic,Yes,No,1,0,11,5.3,1
C103120,Male,45,27,Month-to-Month,Bank Transfer,40.82,1133.64,DSL,Yes,Yes,4,4,6,4.7,0
C103121,Male,19,29,Month-to-Month,Electronic Check,63.57,1718.59,DSL,No,No,0,2,10,7.7,0
C103122,Male,47,20,Month-to-Month,Credit Card,59.93,1157.96,DSL,Yes,No,2,2,17,5.7,0
C103123,Male,49,70,Month-to-Month,Bank Transfer,91.51,6841.71,Fiber Optic,No,Yes,1,6,6,5.9,0
C103124,Female,39,3,One Year,Bank Transfer,77.05,248.95,Fiber Optic,Yes,Yes,1,4,20,6.0,1
C103125,Female,57,39,Two Year,Bank Transfer,56.92,2121.64,DSL,No,No,2,3,7,5.5,0
C103126,Female,41,45,Month-to-Month,Bank Transfer,62.29,2800.38,DSL,No,Yes,1,2,8,7.7,0
C103127,Male,21,68,One Year,Electronic Check,142.66,9499.12,No Internet,No,No,3,3,6,5.7,0
C103128,Female,42,31,Month-to-Month,Credit Card,85.23,2519.39,Fiber Optic,Yes,Yes,1,0,6,7.9,0
C103129,Female,41,38,Month-to-Month,Electronic Check,94.03,3497.75,Fiber Optic,Yes,Yes,1,3,25,7.6,1
C103130,Female,31,6,Month-to-Month,Bank Transfer,107.53,637.77,Fiber Optic,No,Yes,2,1,19,6.7,1
C103131,Female,45,8,Two Year,Bank Transfer,92.21,757.37,Fiber Optic,No,Yes,0,2,10,5.2,0
C103132,Female,18,28,Two Year,Electronic Check,63.28,1772.58,Fiber Optic,Yes,Yes,1,1,4,8.7,0
C103133,Female,50,15,Month-to-Month,Bank Transfer,94.31,1489.35,DSL,No,No,2,0,7,6.7,0
C103134,Male,27,8,Month-to-Month,Electronic Check,82.26,704.65,Fiber Optic,No,No,1,3,7,5.6,0
C103135,Female,26,54,Two Year,Bank Transfer,75.2,3984.57,Fiber Optic,Yes,Yes,2,3,13,5.4,0
C103136,Female,37,6,Month-to-Month,Bank Transfer,50.79,304.8,DSL,No,No,1,2,16,5.5,0
C103137,Female,43,29,One Year,Credit Card,87.82,2639.38,Fiber Optic,Yes,Yes,3,1,4,5.9,0
C103138,Female,40,34,Month-to-Month,UPI,124.46,4452.51,DSL,Yes,Yes,1,3,6,5.9,0
C103139,Male,29,7,One Year,UPI,85.02,568.53,Fiber Optic,No,Yes,0,5,38,5.6,0
C103140,Male,32,40,Month-to-Month,Electronic Check,51.06,2094.03,Fiber Optic,No,No,1,2,4,8.2,0
C103141,Female,24,13,Month-to-Month,,76.96,1051.57,No Internet,No,Yes,1,3,18,6.3,1
C103142,Female,35,62,Two Year,Electronic Check,107.78,6939.14,DSL,Yes,No,0,2,13,7.6,0
C103143,Female,51,65,Month-to-Month,Credit Card,95.49,6403.38,No Internet,No,Yes,3,2,5,5.7,0
C103144,Male,38,41,Month-to-Month,Credit Card,63.49,2788.09,DSL,No,Yes,0,2,9,9.4,0
C103145,Male,48,42,Month-to-Month,Credit Card,48.45,2114.88,DSL,Yes,Yes,1,1,10,6.9,0
C103146,Female,55,66,Month-to-Month,Electronic Check,118.07,7779.09,No Internet,No,No,2,3,12,5.5,0
C103147,Female,31,11,Month-to-Month,Electronic Check,71.33,831.0,Fiber Optic,No,Yes,0,6,10,6.3,0
C103148,Female,36,50,Month-to-Month,Bank Transfer,59.5,2945.0,Fiber Optic,Yes,Yes,0,3,14,7.4,0
C103149,Male,64,71,Month-to-Month,Credit Card,81.22,6040.71,No Internet,Yes,Yes,0,2,13,7.6,0
C103150,Female,55,35,Two Year,Electronic Check,83.81,2991.89,Fiber Optic,No,Yes,0,1,9,7.0,1
C103151,Male,18,20,Month-to-Month,Credit Card,97.92,1991.48,DSL,No,Yes,1,1,9,7.6,0
C103152,Female,43,28,Month-to-Month,Credit Card,102.18,2970.33,DSL,No,No,3,3,24,6.3,1
C103153,Male,38,37,One Year,Bank Transfer,64.36,2457.31,No Internet,Yes,No,0,3,9,6.7,0
C103154,Male,48,3,One Year,Electronic Check,40.86,123.24,No Internet,Yes,No,1,1,24,5.5,0
C103155,Female,29,59,Month-to-Month,UPI,79.51,4980.41,DSL,No,No,0,2,16,6.9,0
C103156,Female,28,27,Month-to-Month,Credit Card,86.69,2423.66,DSL,Yes,Yes,0,1,13,8.5,0
C103157,Male,30,32,Month-to-Month,Bank Transfer,145.3,4709.57,Fiber Optic,No,Yes,1,1,7,8.4,1
C103158,Female,31,48,Month-to-Month,UPI,60.48,2997.74,Fiber Optic,No,No,1,3,37,6.7,0
C103159,Male,48,46,Two Year,Electronic Check,105.9,,No Internet,Yes,No,0,2,9,7.6,0
C103160,Male,24,47,One Year,Bank Transfer,116.28,5901.94,No Internet,Yes,Yes,1,4,5,6.3,0
C103161,Male,31,40,One Year,Credit Card,59.04,2350.0,Fiber Optic,No,Yes,4,0,11,5.0,1
C103162,Male,18,3,Month-to-Month,Electronic Check,70.62,211.01,Fiber Optic,No,No,2,1,11,7.0,0
C103163,Male,50,29,One Year,Bank Transfer,94.07,2680.4,Fiber Optic,No,Yes,2,1,10,8.2,0
C103164,Male,53,58,Month-to-Month,Electronic Check,80.28,4523.26,Fiber Optic,No,Yes,2,4,13,5.3,0
C103165,Male,34,50,Month-to-Month,Bank Transfer,80.14,4304.06,DSL,No,No,2,1,5,9.6,0
C103166,Female,34,10,Month-to-Month,Credit Card,98.2,1055.82,Fiber Optic,Yes,Yes,1,1,7,10.0,0
C103167,Male,43,61,Two Year,Bank Transfer,79.79,5216.02,No Internet,No,No,1,2,30,6.2,0
C103168,Female,56,61,One Year,UPI,81.55,4833.49,DSL,No,Yes,2,2,10,5.3,0
C103169,Male,43,23,Month-to-Month,UPI,87.12,2041.97,No Internet,No,Yes,3,4,7,6.3,1
C103170,Female,30,6,Month-to-Month,Credit Card,58.84,335.22,DSL,No,Yes,1,2,1,5.9,0
C103171,Male,19,60,Month-to-Month,Electronic Check,102.02,6338.2,Fiber Optic,No,No,0,5,12,6.0,0
C103172,Male,25,27,One Year,UPI,93.93,2443.74,No Internet,Yes,Yes,1,1,9,7.8,0
C103173,Male,39,55,One Year,Bank Transfer,106.89,6054.1,Fiber Optic,No,No,1,1,20,6.0,0
C103174,Male,30,31,Month-to-Month,Credit Card,73.47,2356.49,No Internet,No,No,0,3,13,7.1,0
C103175,Male,40,30,Two Year,Credit Card,47.57,1540.5,Fiber Optic,Yes,No,0,0,32,6.6,0
C103176,Female,31,67,Two Year,Electronic Check,99.58,6977.2,DSL,No,Yes,0,2,15,7.8,0
C103177,Female,25,13,Two Year,Credit Card,116.85,1537.86,Fiber Optic,No,Yes,1,6,19,3.6,0
C103178,Female,24,59,Month-to-Month,Electronic Check,61.68,3633.67,Fiber Optic,No,No,1,2,8,8.5,0
C103179,Female,57,54,Month-to-Month,Credit Card,57.89,2904.21,Fiber Optic,No,Yes,0,0,19,8.1,0
C103180,Male,49,21,Month-to-Month,Credit Card,78.23,1759.84,Fiber Optic,No,Yes,1,4,9,7.5,1
C103181,Male,59,43,Month-to-Month,UPI,25.0,1020.49,No Internet,No,No,0,1,11,9.4,0
C103182,Male,44,11,Two Year,Bank Transfer,80.17,817.12,DSL,No,Yes,1,0,8,8.7,0
C103183,Male,33,67,Month-to-Month,Credit Card,89.17,5830.66,No Internet,No,No,2,1,19,5.7,0
C103184,Male,54,38,Two Year,Electronic Check,64.97,2362.1,No Internet,Yes,No,0,1,22,8.3,0
C103185,Female,38,24,Month-to-Month,Bank Transfer,70.59,1690.07,DSL,No,Yes,4,6,18,2.2,1
C103186,Male,41,51,Month-to-Month,Credit Card,98.89,5385.71,Fiber Optic,No,No,2,3,9,8.8,0
C103187,Male,37,61,Month-to-Month,Electronic Check,69.87,4573.2,DSL,No,No,1,2,17,5.9,0
C103188,Female,18,46,Month-to-Month,Bank Transfer,74.33,3302.11,DSL,Yes,No,3,1,5,5.0,0
C103189,Female,57,43,Month-to-Month,Credit Card,117.06,5363.38,Fiber Optic,No,No,1,3,18,5.6,1
C103190,Male,44,27,Two Year,Credit Card,90.21,2591.97,Fiber Optic,No,Yes,2,4,14,5.8,0
C103191,Female,42,30,One Year,UPI,88.07,2616.17,DSL,Yes,No,0,2,4,7.1,0
C103192,Female,37,63,Month-to-Month,Electronic Check,90.34,5729.87,Fiber Optic,Yes,Yes,0,5,22,8.8,1
C103193,Male,40,10,Two Year,Credit Card,89.09,826.63,Fiber Optic,No,No,3,2,13,6.9,0
C103194,Male,31,3,Month-to-Month,Credit Card,55.0,152.35,Fiber Optic,No,Yes,2,0,6,7.6,1
C103195,Male,45,60,Month-to-Month,Electronic Check,28.99,1643.14,Fiber Optic,No,No,0,2,18,7.8,0
C103196,Female,22,27,Month-to-Month,UPI,70.55,1911.92,No Internet,Yes,Yes,1,5,15,7.7,0
C103197,Female,40,45,Month-to-Month,UPI,103.05,4616.15,DSL,No,Yes,3,3,2,5.2,1
C103198,Male,45,62,Month-to-Month,Bank Transfer,93.71,5356.96,Fiber Optic,Yes,No,1,3,10,6.0,0
C103199,Male,36,24,Two Year,UPI,70.69,1591.07,No Internet,Yes,No,0,2,50,7.9,0
C103200,Female,42,46,Two Year,Electronic Check,100.39,4558.38,Fiber Optic,Yes,Yes,3,2,14,7.6,0
C103201,Male,26,44,Two Year,Electronic Check,70.16,3238.65,DSL,No,Yes,1,2,15,9.1,0
C103202,Male,26,63,One Year,Electronic Check,91.64,5811.31,DSL,No,Yes,3,1,9,6.8,0
C103203,Female,41,4,One Year,Bank Transfer,67.28,277.21,Fiber Optic,No,No,1,2,19,5.9,1
C103204,Female,46,16,Month-to-Month,Credit Card,77.98,1238.7,Fiber Optic,No,Yes,2,0,30,8.5,0
C103205,Female,18,51,Month-to-Month,UPI,60.15,3008.48,Fiber Optic,No,No,2,1,25,7.4,1
C103206,Female,44,48,One Year,Credit Card,60.69,3103.64,Fiber Optic,No,No,2,1,16,9.2,0
C103207,Female,31,65,Two Year,Electronic Check,69.3,4741.8,DSL,Yes,Yes,3,4,45,5.0,0
C103208,Male,36,69,Month-to-Month,UPI,122.4,8039.35,Fiber Optic,Yes,Yes,2,1,3,7.6,0
C103209,Female,22,45,Month-to-Month,Credit Card,89.65,4237.16,Fiber Optic,Yes,Yes,0,2,12,8.5,0
C103210,Male,28,3,Month-to-Month,UPI,76.56,220.56,DSL,Yes,Yes,1,3,6,7.9,0
C103211,Female,50,17,Month-to-Month,Credit Card,110.79,1744.54,DSL,No,Yes,1,3,7,8.8,0
C103212,Male,38,37,One Year,Electronic Check,56.05,2169.19,DSL,No,Yes,1,0,5,7.4,0
C103213,Female,33,5,Month-to-Month,UPI,57.71,272.56,No Internet,No,No,1,2,3,6.1,0
C103214,Male,37,47,Month-to-Month,UPI,69.86,3169.25,DSL,No,Yes,2,0,17,7.2,0
C103215,Male,44,44,Month-to-Month,Credit Card,80.27,3682.56,DSL,Yes,No,0,1,18,7.1,0
C103216,Male,43,33,One Year,Electronic Check,123.02,4049.97,DSL,No,Yes,4,4,8,5.2,0
C103217,Male,37,21,Month-to-Month,Electronic Check,137.0,2965.51,Fiber Optic,Yes,Yes,1,2,11,6.2,1
C103218,Female,51,67,Two Year,Credit Card,78.36,4854.76,DSL,Yes,Yes,3,2,21,4.3,0
C103219,Female,50,68,Month-to-Month,Bank Transfer,57.94,3836.36,No Internet,No,Yes,0,3,11,8.6,0
C103220,Male,43,32,Month-to-Month,Credit Card,60.0,1875.44,DSL,Yes,No,2,2,1,6.6,0
C103221,Male,39,24,Month-to-Month,Electronic Check,73.74,1697.47,Fiber Optic,Yes,No,0,0,16,9.3,1
C103222,Male,46,35,Month-to-Month,UPI,109.09,3741.95,No Internet,No,Yes,1,3,7,8.8,0
C103223,Male,42,18,Month-to-Month,UPI,93.38,1644.5,DSL,No,No,0,2,1,7.7,0
C103224,Male,51,67,Month-to-Month,Credit Card,98.75,7086.37,Fiber Optic,Yes,Yes,4,2,10,5.2,1
C103225,Female,49,54,One Year,Electronic Check,42.8,2440.3,DSL,No,No,0,1,10,9.4,0
C103226,Male,26,26,Month-to-Month,Electronic Check,90.51,2474.22,No Internet,No,No,2,2,5,6.1,0
C103227,Male,25,60,Two Year,Bank Transfer,37.1,2049.08,Fiber Optic,No,No,3,6,12,5.8,0
C103228,Male,30,65,Month-to-Month,Credit Card,64.56,4106.11,Fiber Optic,No,No,4,3,11,4.4,0
C103229,Male,50,51,Month-to-Month,Credit Card,64.57,3111.85,DSL,Yes,No,1,3,6,6.2,0
C103230,Male,19,60,Month-to-Month,Credit Card,109.99,6394.79,Fiber Optic,No,Yes,3,1,7,6.6,0
C103231,Female,43,59,Two Year,Electronic Check,95.33,5326.31,DSL,Yes,No,1,4,15,4.4,0
C103232,Male,42,17,Month-to-Month,Credit Card,86.29,1366.76,Fiber Optic,Yes,Yes,1,2,6,9.3,0
C103233,Male,52,21,Month-to-Month,Credit Card,69.65,1475.11,Fiber Optic,No,No,2,2,6,5.3,0
C103234,Male,40,67,Month-to-Month,Bank Transfer,80.9,5645.58,No Internet,No,No,1,3,10,4.6,1
C103235,Male,22,28,One Year,Electronic Check,68.81,1924.26,DSL,Yes,Yes,1,3,13,7.7,0
C103236,Male,26,44,One Year,UPI,89.04,3784.2,Fiber Optic,No,Yes,3,2,6,5.1,0
C103237,Female,24,70,Month-to-Month,Credit Card,67.55,4426.7,DSL,No,No,0,2,4,7.9,0
C103238,Female,32,62,One Year,Credit Card,94.65,6206.9,Fiber Optic,Yes,No,1,1,34,6.9,0
C103239,Female,36,42,Month-to-Month,Bank Transfer,54.65,2346.26,No Internet,No,No,1,1,22,5.7,0
C103240,Male,24,22,Month-to-Month,Electronic Check,80.27,1667.56,Fiber Optic,Yes,Yes,0,3,8,7.4,0
C103241,Male,56,38,One Year,Electronic Check,55.19,2029.1,Fiber Optic,No,No,2,2,2,5.6,0
C103242,Female,22,14,Two Year,Credit Card,75.45,1104.21,Fiber Optic,No,Yes,2,2,9,8.0,0
C103243,Female,54,26,One Year,Electronic Check,91.02,2465.14,DSL,No,Yes,1,1,26,5.2,1
C103244,Female,52,40,Month-to-Month,Credit Card,87.97,3611.06,Fiber Optic,No,Yes,1,2,6,5.3,0
C103245,Male,49,54,Month-to-Month,Bank Transfer,25.0,1262.13,No Internet,No,Yes,5,2,22,5.1,0
C103246,Male,30,13,Two Year,UPI,77.32,1028.45,DSL,Yes,Yes,2,0,3,8.2,0
C103247,Male,42,19,Month-to-Month,Bank Transfer,78.23,1512.61,No Internet,Yes,Yes,0,1,17,8.4,0
C103248,Female,23,42,One Year,Bank Transfer,106.53,4552.93,DSL,No,Yes,1,2,10,5.6,0
C103249,Female,49,41,One Year,UPI,90.5,3902.11,Fiber Optic,No,No,1,0,7,7.2,0
C103250,Female,37,50,One Year,Bank Transfer,127.41,5981.68,Fiber Optic,No,No,0,3,7,8.1,0
C103251,Male,33,3,Month-to-Month,Credit Card,108.29,300.25,Fiber Optic,No,No,2,2,13,6.4,1
C103252,Female,23,31,Month-to-Month,Bank Transfer,50.9,1510.01,No Internet,No,No,2,1,24,4.8,0
C103253,Male,18,15,Month-to-Month,Electronic Check,130.22,1831.4,No Internet,Yes,Yes,2,1,8,5.3,1
C103254,Male,26,54,Two Year,Bank Transfer,66.97,3768.81,DSL,No,No,1,4,23,6.2,0
C103255,Male,51,53,Month-to-Month,Credit Card,65.48,3236.32,DSL,No,No,0,2,5,8.5,0
C103256,Female,33,45,Month-to-Month,Credit Card,58.38,2569.66,Fiber Optic,No,No,1,3,8,7.0,0
C103257,Male,36,38,One Year,Electronic Check,62.73,2535.71,Fiber Optic,No,No,0,3,12,9.9,0
C103258,Male,46,50,Month-to-Month,Credit Card,25.0,1329.48,DSL,Yes,Yes,0,1,19,6.9,0
C103259,Female,60,24,Month-to-Month,Bank Transfer,100.56,2358.69,Fiber Optic,No,No,1,1,10,8.7,1
C103260,Male,54,17,One Year,Bank Transfer,112.72,1948.41,Fiber Optic,No,Yes,1,2,6,7.1,0
C103261,Male,26,18,Two Year,Electronic Check,89.14,1526.71,DSL,No,Yes,2,3,29,6.3,0
C103262,Male,18,42,Month-to-Month,UPI,88.84,3478.99,Fiber Optic,No,Yes,3,2,16,,0
C103263,Male,66,17,Two Year,Electronic Check,61.14,1083.39,DSL,Yes,No,1,3,60,6.1,0
C103264,Female,65,16,Month-to-Month,UPI,91.5,1348.58,Fiber Optic,No,Yes,0,0,16,6.6,0
C103265,Male,40,52,One Year,,88.96,4869.31,Fiber Optic,No,Yes,1,3,3,8.1,0
C103266,Male,23,36,Month-to-Month,Electronic Check,112.15,3931.94,Fiber Optic,No,Yes,1,2,13,6.7,0
C103267,Female,50,39,Month-to-Month,Electronic Check,82.56,3030.41,DSL,No,Yes,0,1,22,8.6,1
C103268,Female,37,25,Month-to-Month,Credit Card,56.44,1412.28,DSL,No,No,2,4,6,5.3,1
C103269,Female,37,42,Month-to-Month,UPI,98.67,4457.51,Fiber Optic,No,Yes,1,2,12,7.5,0
C103270,Male,49,21,Month-to-Month,UPI,79.88,1740.75,Fiber Optic,No,Yes,2,1,38,,0
C103271,Male,42,68,Two Year,Electronic Check,99.22,7027.74,No Internet,No,Yes,0,1,23,7.2,0
C103272,Female,24,59,One Year,Credit Card,81.3,4725.34,DSL,No,Yes,0,3,7,7.3,0
C103273,Female,34,30,One Year,Electronic Check,117.28,3490.27,DSL,Yes,Yes,1,2,11,7.0,0
C103274,Female,46,57,Month-to-Month,Electronic Check,84.59,5086.72,DSL,No,Yes,1,6,17,6.8,1
C103275,Female,44,33,Two Year,UPI,128.3,3952.15,Fiber Optic,No,Yes,0,3,2,7.9,0
C103276,Female,41,53,Two Year,UPI,80.41,3958.17,DSL,Yes,Yes,0,4,3,7.7,0
C103277,Male,49,16,Month-to-Month,Credit Card,92.34,1522.19,DSL,No,No,4,3,13,5.2,1
C103278,Male,34,49,Month-to-Month,Electronic Check,83.33,3934.6,Fiber Optic,No,No,3,2,4,5.1,0
C103279,Female,40,5,Month-to-Month,Credit Card,59.62,321.92,No Internet,Yes,No,1,2,5,6.8,0
C103280,Male,18,60,Month-to-Month,Credit Card,57.68,3734.54,DSL,Yes,Yes,1,1,7,7.2,0
C103281,Male,33,71,Two Year,UPI,88.42,6421.21,DSL,No,Yes,2,1,7,6.2,0
C103282,Female,47,55,Month-to-Month,UPI,97.79,5346.5,Fiber Optic,No,No,1,0,19,7.8,0
C103283,Female,33,35,Month-to-Month,Credit Card,61.78,1992.02,DSL,No,Yes,0,3,4,8.5,0
C103284,Male,32,69,One Year,Electronic Check,63.03,4419.99,DSL,No,Yes,4,4,3,6.0,0
C103285,Male,26,42,Month-to-Month,UPI,115.9,4548.04,Fiber Optic,No,No,0,3,22,7.3,0
C103286,Male,50,69,Month-to-Month,Bank Transfer,105.17,7725.86,DSL,No,No,0,3,29,6.3,0
C103287,Female,45,24,Month-to-Month,Credit Card,94.94,2138.08,No Internet,No,Yes,1,2,38,7.2,0
C103288,Female,48,71,Month-to-Month,Electronic Check,88.51,5881.32,DSL,No,No,1,2,13,6.1,1
C103289,Male,18,71,Month-to-Month,Electronic Check,103.3,7592.54,No Internet,No,Yes,3,4,23,6.0,1
C103290,Male,36,55,One Year,Electronic Check,111.92,5813.74,DSL,No,Yes,1,2,9,5.7,0
C103291,Female,35,14,Month-to-Month,Electronic Check,88.74,1259.47,DSL,No,No,0,3,19,8.8,0
C103292,Male,35,55,Month-to-Month,Bank Transfer,100.33,5779.19,DSL,No,No,0,0,7,8.1,0
C103293,Female,31,15,Month-to-Month,Bank Transfer,58.47,807.2,DSL,No,No,2,3,19,7.0,0
C103294,Female,34,5,Month-to-Month,Bank Transfer,58.9,278.12,DSL,Yes,No,1,3,24,6.3,0
C103295,Male,48,4,One Year,Electronic Check,94.97,360.31,DSL,No,No,0,3,2,6.5,0
C103296,Female,18,30,Month-to-Month,Electronic Check,53.82,1628.57,No Internet,Yes,No,3,3,5,4.9,1
C103297,Male,59,53,One Year,Bank Transfer,111.64,6199.4,Fiber Optic,No,No,1,3,10,5.7,0
C103298,Male,44,30,Month-to-Month,Credit Card,61.61,1954.86,DSL,Yes,Yes,3,0,21,5.5,0
C103299,Female,37,61,One Year,UPI,93.33,5294.89,DSL,Yes,Yes,0,1,12,7.5,0
C103300,Male,49,71,One Year,Credit Card,83.46,5933.69,No Internet,No,Yes,0,3,23,7.6,0
C103301,Female,21,68,Month-to-Month,Credit Card,63.46,4570.5,DSL,No,Yes,1,0,17,5.3,0
C103302,Female,30,55,Two Year,Credit Card,75.35,3859.87,No Internet,No,No,1,2,25,6.3,0
C103303,Male,37,71,Month-to-Month,Bank Transfer,89.72,5886.94,Fiber Optic,No,Yes,1,1,18,6.0,0
C103304,Male,54,42,Two Year,Electronic Check,97.6,3802.1,Fiber Optic,No,Yes,1,2,6,7.7,0
C103305,Male,37,29,Month-to-Month,UPI,55.74,1728.04,DSL,No,Yes,3,2,8,5.0,0
C103306,Male,43,35,Month-to-Month,Bank Transfer,88.69,3054.09,DSL,No,Yes,0,3,4,6.9,0
C103307,Male,31,45,Month-to-Month,UPI,94.17,3939.49,DSL,Yes,Yes,0,3,6,8.8,0
C103308,Male,44,29,One Year,UPI,108.79,3405.3,DSL,Yes,Yes,4,3,13,5.0,1
C103309,Male,58,70,One Year,Electronic Check,60.08,4511.32,Fiber Optic,No,Yes,0,2,19,7.3,0
C103310,Female,50,3,Month-to-Month,Bank Transfer,93.38,276.46,No Internet,Yes,Yes,2,2,14,6.7,1
C103311,Female,37,57,One Year,Credit Card,74.07,3953.95,Fiber Optic,No,No,1,2,12,5.4,0
C103312,Female,46,66,Two Year,Credit Card,118.64,8135.23,Fiber Optic,No,Yes,2,3,29,5.4,1
C103313,Male,45,22,One Year,Electronic Check,81.28,1662.26,Fiber Optic,No,Yes,2,5,25,5.2,0
C103314,Male,44,27,Month-to-Month,UPI,73.48,2024.51,No Internet,Yes,No,1,6,25,6.8,1
C103315,Female,51,22,Month-to-Month,UPI,103.34,2368.65,DSL,No,Yes,3,7,17,6.3,1
C103316,Male,51,49,Month-to-Month,Bank Transfer,62.34,2914.15,DSL,Yes,No,1,1,25,6.8,0
C103317,Male,36,24,Month-to-Month,Electronic Check,60.95,1566.58,Fiber Optic,No,Yes,3,2,11,8.1,1
C103318,Female,46,27,Month-to-Month,Bank Transfer,25.0,728.54,Fiber Optic,No,No,2,3,13,5.3,1
C103319,Female,33,36,Month-to-Month,Bank Transfer,79.08,2782.56,DSL,No,Yes,0,3,35,7.1,1
C103320,Female,27,17,Two Year,Bank Transfer,40.5,739.58,Fiber Optic,Yes,Yes,2,2,27,6.6,0
C103321,Male,35,56,One Year,Electronic Check,45.7,2449.33,DSL,No,Yes,2,1,8,4.9,0
C103322,Female,37,10,Two Year,Electronic Check,77.86,816.23,Fiber Optic,Yes,No,1,1,18,6.5,1
C103323,Female,18,54,Two Year,Bank Transfer,87.47,4905.4,DSL,Yes,No,2,1,5,5.9,0
C103324,Female,48,38,One Year,Electronic Check,67.24,2367.61,DSL,No,No,1,2,15,5.9,0
C103325,Female,18,4,Month-to-Month,Bank Transfer,50.88,195.68,DSL,Yes,Yes,4,2,26,5.5,1
C103326,Female,71,50,One Year,Electronic Check,75.17,3689.14,Fiber Optic,Yes,No,0,5,13,6.9,1
C103327,Male,56,61,Month-to-Month,UPI,40.65,2287.08,Fiber Optic,Yes,Yes,2,1,10,8.2,0
C103328,Male,35,21,Month-to-Month,UPI,84.03,1890.99,DSL,Yes,Yes,3,3,5,5.8,0
C103329,Female,38,36,Month-to-Month,Electronic Check,122.78,4216.84,DSL,Yes,Yes,0,4,8,6.4,0
C103330,Female,42,46,Month-to-Month,Electronic Check,103.7,,DSL,No,No,6,2,6,2.9,1
C103331,Female,31,71,One Year,Bank Transfer,54.65,3842.84,DSL,Yes,Yes,1,4,21,6.0,0
C103332,Male,40,44,Two Year,Credit Card,63.65,2633.64,Fiber Optic,No,Yes,0,3,10,6.9,1
C103333,Male,36,64,Month-to-Month,Electronic Check,60.35,3818.05,Fiber Optic,Yes,Yes,1,2,6,6.9,0
C103334,Female,37,18,Month-to-Month,Credit Card,61.47,1126.48,Fiber Optic,Yes,Yes,3,2,26,5.6,1
C103335,Female,40,13,Month-to-Month,UPI,67.18,,Fiber Optic,Yes,Yes,0,1,6,6.9,0
C103336,Female,22,13,One Year,Electronic Check,70.56,890.55,Fiber Optic,No,Yes,1,0,34,7.3,0
C103337,Female,38,25,Month-to-Month,Electronic Check,101.99,2678.04,Fiber Optic,No,Yes,2,2,23,6.4,1
C103338,Female,40,5,Two Year,Credit Card,96.0,515.02,DSL,Yes,No,3,2,9,7.1,0
C103339,Female,40,39,Month-to-Month,Bank Transfer,61.98,2260.68,Fiber Optic,Yes,No,0,3,22,7.7,0
C103340,Female,35,29,Two Year,Electronic Check,45.18,1320.57,DSL,No,Yes,0,5,3,8.1,0
C103341,Female,52,57,Month-to-Month,Bank Transfer,103.06,5703.67,Fiber Optic,No,No,2,2,6,7.9,0
C103342,Female,34,46,Month-to-Month,Electronic Check,97.02,4639.14,DSL,No,No,0,1,3,7.6,0
C103343,Male,41,33,Month-to-Month,UPI,120.0,4045.42,Fiber Optic,No,Yes,3,1,34,6.2,1
C103344,Male,54,10,One Year,Bank Transfer,74.39,687.68,Fiber Optic,No,Yes,0,4,11,7.5,0
C103345,Female,37,58,Month-to-Month,Credit Card,60.12,3562.36,Fiber Optic,No,No,2,0,16,7.8,0
C103346,Male,41,25,Two Year,UPI,98.59,2553.22,No Internet,Yes,Yes,1,1,12,6.0,0
C103347,Male,37,39,Month-to-Month,Bank Transfer,114.88,4674.33,DSL,Yes,Yes,1,1,5,6.9,0
C103348,Male,53,16,One Year,Bank Transfer,76.59,1302.09,DSL,No,No,2,0,10,4.9,1
C103349,Male,35,60,Month-to-Month,Electronic Check,105.69,6793.23,No Internet,Yes,No,0,2,20,7.5,0
C103350,Male,53,28,Month-to-Month,Bank Transfer,71.02,1914.37,DSL,Yes,Yes,0,4,9,8.0,0
C103351,Male,37,44,Month-to-Month,Electronic Check,76.97,3474.16,Fiber Optic,No,No,4,4,16,4.3,1
C103352,Female,28,58,Two Year,UPI,120.72,7065.53,Fiber Optic,No,Yes,0,1,33,6.5,1
C103353,Male,46,32,Month-to-Month,Credit Card,82.28,2768.34,DSL,No,Yes,2,2,18,5.4,1
C103354,Male,34,63,Month-to-Month,UPI,95.85,5592.27,DSL,Yes,Yes,2,3,8,5.9,0
C103355,Male,45,45,Month-to-Month,Electronic Check,68.47,3036.63,Fiber Optic,No,Yes,2,2,15,7.1,0
C103356,Female,18,53,One Year,Electronic Check,65.75,3396.99,DSL,Yes,No,1,2,4,6.0,0
C103357,Male,38,61,Month-to-Month,Bank Transfer,40.54,2533.42,DSL,No,No,1,2,7,7.6,1
C103358,Female,32,50,Two Year,Electronic Check,80.12,3953.44,DSL,No,Yes,2,0,20,5.5,0
C103359,Female,25,27,Month-to-Month,Electronic Check,59.11,1568.82,DSL,Yes,No,1,6,22,6.3,0
C103360,Female,31,26,Month-to-Month,UPI,96.82,2467.17,Fiber Optic,No,Yes,2,2,22,6.6,1
C103361,Male,31,3,Month-to-Month,Electronic Check,73.44,,DSL,Yes,Yes,1,1,10,8.6,0
C103362,Female,37,39,Month-to-Month,Credit Card,115.78,4503.41,No Internet,Yes,No,0,1,32,6.6,0
C103363,Male,22,65,Month-to-Month,UPI,96.75,6187.63,Fiber Optic,Yes,Yes,3,3,9,6.5,1
C103364,Female,42,35,Month-to-Month,Electronic Check,91.96,3406.98,Fiber Optic,No,Yes,0,2,5,5.8,0
C103365,Female,54,53,Month-to-Month,Credit Card,64.11,3126.99,DSL,No,Yes,0,4,13,6.8,0
C103366,Male,41,46,One Year,Bank Transfer,90.97,4063.27,Fiber Optic,No,Yes,2,3,12,7.8,0
C103367,Male,48,68,Month-to-Month,UPI,101.05,7062.53,Fiber Optic,No,No,1,0,2,5.8,0
C103368,Male,51,22,Month-to-Month,Bank Transfer,41.51,855.44,DSL,No,No,3,1,5,6.2,0
C103369,Female,53,60,One Year,UPI,113.5,6896.65,Fiber Optic,No,Yes,2,2,5,5.1,0
C103370,Male,60,6,Month-to-Month,Electronic Check,104.39,621.25,Fiber Optic,No,No,3,3,12,5.0,1
C103371,Female,32,52,Month-to-Month,Electronic Check,90.76,4847.19,Fiber Optic,Yes,No,1,1,9,7.4,0
C103372,Male,29,29,One Year,Bank Transfer,114.79,3345.31,Fiber Optic,No,Yes,2,0,16,7.9,1
C103373,Female,47,43,Month-to-Month,Bank Transfer,74.46,3045.4,Fiber Optic,No,Yes,1,1,2,5.1,0
C103374,Female,46,34,Month-to-Month,Bank Transfer,55.12,1763.95,Fiber Optic,No,Yes,0,2,9,7.2,0
C103375,Female,47,31,Month-to-Month,Bank Transfer,85.16,2558.21,DSL,No,No,1,6,16,7.6,1
C103376,Female,61,46,Month-to-Month,UPI,44.56,2194.93,DSL,Yes,Yes,6,5,4,3.5,0
C103377,Male,38,4,Two Year,Credit Card,52.9,201.78,DSL,Yes,Yes,3,2,6,6.3,0
C103378,Male,43,2,Month-to-Month,UPI,67.97,135.1,Fiber Optic,No,Yes,3,1,21,6.1,0
C103379,Female,26,5,One Year,Bank Transfer,73.2,392.36,DSL,No,No,0,2,2,8.9,0
C103380,Male,64,46,One Year,Credit Card,77.05,3375.32,Fiber Optic,No,No,1,1,12,7.9,0
C103381,Male,34,19,One Year,Credit Card,62.17,1132.96,Fiber Optic,No,No,1,2,15,5.2,0
C103382,Male,34,38,One Year,Bank Transfer,119.8,4536.51,DSL,Yes,No,1,2,9,7.1,0
C103383,Male,34,59,Month-to-Month,Bank Transfer,103.53,5722.27,DSL,No,Yes,1,2,18,7.8,0
C103384,Male,30,72,Month-to-Month,UPI,78.12,5246.77,DSL,No,No,0,3,4,7.7,0
C103385,Female,29,20,Two Year,Bank Transfer,93.59,1812.65,DSL,No,No,5,3,6,5.4,0
C103386,Male,32,68,Month-to-Month,Credit Card,76.93,4932.39,DSL,No,Yes,1,0,5,8.7,0
C103387,Female,22,53,Month-to-Month,UPI,113.6,5950.14,No Internet,Yes,No,0,2,2,7.7,0
C103388,Male,29,55,Month-to-Month,Bank Transfer,130.25,6714.94,DSL,Yes,No,1,2,20,6.5,0
C103389,Female,61,39,Month-to-Month,Electronic Check,104.35,4126.58,Fiber Optic,Yes,Yes,0,3,8,6.4,0
C103390,Male,47,36,Two Year,Bank Transfer,32.22,1158.55,DSL,No,No,2,1,11,7.3,0
C103391,Female,49,58,One Year,Electronic Check,94.97,5589.8,Fiber Optic,Yes,Yes,0,0,1,9.8,0
C103392,Female,52,15,One Year,Credit Card,76.36,1218.87,DSL,No,No,1,2,13,6.5,0
C103393,Male,60,1,Month-to-Month,Bank Transfer,80.47,78.48,DSL,No,No,1,2,12,8.0,1
C103394,Female,18,9,Month-to-Month,UPI,109.67,950.45,Fiber Optic,Yes,No,0,1,13,9.0,0
C103395,Female,23,23,Month-to-Month,Bank Transfer,77.29,1798.79,Fiber Optic,No,Yes,1,0,8,8.9,0
C103396,Female,28,52,Month-to-Month,Bank Transfer,86.57,4319.42,Fiber Optic,Yes,Yes,1,0,28,7.6,0
C103397,Female,32,26,Month-to-Month,Credit Card,92.46,2237.23,Fiber Optic,No,Yes,5,4,6,6.3,1
C103398,Male,34,60,Month-to-Month,Credit Card,69.8,3892.33,DSL,Yes,Yes,0,2,4,7.8,0
C103399,Female,33,18,Month-to-Month,UPI,104.71,1753.97,Fiber Optic,No,Yes,1,0,5,7.6,0
C103400,Male,41,58,One Year,Credit Card,51.89,2883.18,DSL,No,No,2,1,10,8.7,0
C103401,Male,38,65,Month-to-Month,Credit Card,89.51,6032.07,DSL,No,Yes,3,3,5,5.9,0
C103402,Female,29,69,Month-to-Month,Bank Transfer,106.73,6956.64,Fiber Optic,No,No,1,1,8,6.1,0
C103403,Male,18,14,Two Year,Electronic Check,107.79,1450.57,Fiber Optic,No,Yes,1,2,5,7.1,0
C103404,Female,26,46,Month-to-Month,UPI,79.1,3848.07,No Internet,No,Yes,1,1,18,6.3,0
C103405,Female,31,69,Month-to-Month,Credit Card,116.07,7927.92,Fiber Optic,Yes,Yes,0,4,1,8.1,0
C103406,Female,35,32,Two Year,Bank Transfer,53.08,1573.9,Fiber Optic,Yes,No,2,2,9,5.1,0
C103407,Female,24,51,One Year,Bank Transfer,80.99,3963.56,DSL,Yes,No,1,0,15,8.2,0
C103408,Male,32,69,One Year,Electronic Check,149.18,9965.78,Fiber Optic,No,No,1,4,15,5.8,1
C103409,Male,24,15,Month-to-Month,UPI,111.66,1590.52,DSL,No,Yes,0,0,24,6.5,0
C103410,Male,36,53,Two Year,Bank Transfer,93.34,5316.61,DSL,Yes,Yes,2,1,31,6.6,0
C103411,Male,25,71,Month-to-Month,Credit Card,104.53,7310.62,Fiber Optic,Yes,No,2,5,8,6.4,0
C103412,Male,28,69,Two Year,UPI,89.46,6069.64,Fiber Optic,No,No,0,2,14,6.6,0
C103413,Male,22,15,Two Year,Bank Transfer,85.42,1379.22,Fiber Optic,Yes,No,3,1,14,5.3,0
C103414,Female,36,30,One Year,Bank Transfer,104.76,3167.41,Fiber Optic,No,Yes,1,4,14,6.3,0
C103415,Female,28,24,One Year,UPI,96.12,2152.79,Fiber Optic,No,No,0,2,13,6.3,0
C103416,Male,49,35,One Year,Electronic Check,118.14,4097.52,Fiber Optic,No,Yes,1,2,10,6.3,0
C103417,Female,43,69,Month-to-Month,,89.46,6325.18,Fiber Optic,No,Yes,0,2,39,7.4,0
C103418,Male,37,12,Month-to-Month,Bank Transfer,82.79,1004.64,DSL,No,Yes,2,1,7,6.3,0
C103419,Male,28,46,Two Year,UPI,119.43,5797.19,Fiber Optic,Yes,Yes,0,0,6,9.5,0
C103420,Female,43,69,Month-to-Month,Credit Card,76.36,5659.02,Fiber Optic,Yes,Yes,0,3,14,7.6,0
C103421,Female,46,36,Two Year,UPI,82.08,2746.26,DSL,No,Yes,1,1,5,7.4,0
C103422,Female,40,48,One Year,Bank Transfer,98.16,4527.19,DSL,No,No,1,0,20,6.6,0
C103423,Male,57,67,One Year,Electronic Check,56.13,4001.21,No Internet,No,No,5,2,4,5.3,0
C103424,Female,44,54,Month-to-Month,Electronic Check,81.17,4644.14,DSL,Yes,Yes,1,3,6,5.8,0
C103425,Female,49,36,Month-to-Month,Credit Card,47.79,1587.24,Fiber Optic,No,Yes,2,5,32,6.3,1
C103426,Female,40,52,Two Year,Bank Transfer,64.5,3395.67,DSL,Yes,No,1,4,3,7.5,0
C103427,Female,46,22,Month-to-Month,Credit Card,62.58,1337.0,No Internet,No,Yes,0,5,10,6.9,0
C103428,Female,28,38,One Year,UPI,62.87,2400.74,No Internet,No,No,1,1,15,7.2,0
C103429,Female,32,62,One Year,Credit Card,109.77,6500.82,DSL,No,No,1,1,16,7.5,0
C103430,Female,42,65,Month-to-Month,Electronic Check,36.59,2456.64,DSL,No,Yes,1,0,6,8.2,0
C103431,Female,42,3,One Year,UPI,94.17,274.89,DSL,No,No,2,3,5,4.7,1
C103432,Female,44,8,Month-to-Month,Credit Card,80.69,660.2,Fiber Optic,No,Yes,0,2,9,8.0,0
C103433,Male,51,39,Month-to-Month,Bank Transfer,88.43,3214.43,DSL,No,Yes,2,4,4,6.1,0
C103434,Female,21,18,Month-to-Month,Electronic Check,62.18,1202.13,DSL,No,Yes,0,2,15,7.6,0
C103435,Male,26,3,One Year,Electronic Check,110.47,318.33,Fiber Optic,No,Yes,0,4,8,8.1,1
C103436,Male,41,18,Two Year,Credit Card,69.7,1236.07,No Internet,No,Yes,3,2,11,6.4,0
C103437,Female,29,1,Month-to-Month,UPI,60.72,59.56,Fiber Optic,No,Yes,0,2,14,8.6,0
C103438,Female,75,26,Month-to-Month,Electronic Check,87.76,2316.8,Fiber Optic,No,Yes,1,2,11,7.2,0
C103439,Female,44,52,Month-to-Month,Bank Transfer,79.72,3884.17,Fiber Optic,Yes,No,0,4,8,7.2,0
C103440,Male,37,12,Month-to-Month,Bank Transfer,68.8,803.65,Fiber Optic,Yes,No,2,1,5,6.7,0
C103441,Female,32,38,Month-to-Month,Credit Card,79.85,3219.13,DSL,Yes,Yes,1,3,9,6.6,0
C103442,Male,32,41,Two Year,UPI,64.67,2608.1,Fiber Optic,No,No,0,3,7,7.0,0
C103443,Female,38,53,Two Year,Electronic Check,70.5,3579.63,DSL,No,Yes,0,1,17,7.6,0
C103444,Female,39,13,Month-to-Month,,106.35,1471.72,Fiber Optic,No,Yes,1,5,8,7.1,0
C103445,Female,33,13,One Year,UPI,90.86,1197.07,DSL,Yes,No,0,1,49,5.6,1
C103446,Female,35,18,One Year,Credit Card,75.78,1345.78,DSL,No,No,2,4,9,6.5,0
C103447,Female,54,19,Two Year,Credit Card,71.3,1449.66,No Internet,No,No,0,4,11,7.5,0
C103448,Female,55,19,Month-to-Month,Electronic Check,106.56,2088.85,No Internet,No,No,0,2,6,7.8,0
C103449,Male,41,70,Two Year,Credit Card,117.78,8468.29,Fiber Optic,Yes,Yes,1,1,26,7.6,0
C103450,Male,22,48,Two Year,Credit Card,75.17,3508.62,DSL,No,No,1,1,7,9.0,0
C103451,Female,44,71,Two Year,UPI,25.0,1791.97,No Internet,No,No,3,2,32,6.0,0
C103452,Female,57,71,One Year,Credit Card,102.24,7223.72,Fiber Optic,No,No,0,5,20,8.8,1
C103453,Male,54,28,Month-to-Month,Bank Transfer,85.61,2358.4,Fiber Optic,No,Yes,1,2,11,7.9,0
C103454,Female,47,19,One Year,Bank Transfer,65.17,1140.47,DSL,No,No,0,2,7,8.5,0
C103455,Male,55,48,Month-to-Month,Bank Transfer,66.65,3093.76,DSL,No,No,1,0,4,8.0,0
C103456,Male,39,29,Month-to-Month,Electronic Check,110.91,3463.11,No Internet,No,Yes,5,4,10,4.3,0
C103457,Female,46,48,Month-to-Month,Electronic Check,85.54,4290.08,DSL,No,No,1,4,4,7.4,0
C103458,Female,30,19,Month-to-Month,Electronic Check,80.93,1565.94,DSL,No,No,0,0,3,8.9,0
C103459,Female,42,47,Month-to-Month,Electronic Check,71.4,3311.15,No Internet,No,Yes,0,1,4,7.2,0
C103460,Male,54,60,Month-to-Month,Credit Card,113.31,6338.38,Fiber Optic,No,No,2,3,10,6.0,0
C103461,Male,31,48,Month-to-Month,Bank Transfer,71.96,3514.57,DSL,No,No,2,2,4,7.5,0
C103462,Female,28,20,Month-to-Month,Electronic Check,118.98,2292.93,DSL,No,Yes,2,1,15,8.9,0
C103463,Female,39,19,Month-to-Month,UPI,77.68,1493.9,DSL,No,No,3,2,15,5.2,0
C103464,Male,35,42,Two Year,Electronic Check,112.37,5057.07,Fiber Optic,No,No,0,1,6,9.2,0
C103465,Female,46,49,Month-to-Month,Bank Transfer,61.03,3127.31,DSL,No,Yes,1,0,13,6.8,1
C103466,Male,33,15,One Year,,84.3,1357.68,Fiber Optic,Yes,Yes,1,1,12,6.7,0
C103467,Female,59,60,Month-to-Month,Electronic Check,125.12,7912.85,No Internet,No,Yes,0,1,5,6.7,0
C103468,Female,23,68,Two Year,Electronic Check,124.98,7937.9,Fiber Optic,No,Yes,0,1,16,8.6,0
C103469,Male,53,27,Two Year,Electronic Check,106.84,2698.62,DSL,Yes,No,1,3,14,6.6,0
C103470,Male,29,55,Month-to-Month,Bank Transfer,89.1,5039.42,Fiber Optic,No,No,2,1,27,4.2,0
C103471,Female,18,15,Month-to-Month,Bank Transfer,104.95,1613.64,DSL,Yes,Yes,4,2,1,6.8,1
C103472,Female,41,52,One Year,UPI,134.01,6834.61,Fiber Optic,Yes,Yes,1,1,8,7.1,0
C103473,Female,35,31,One Year,Electronic Check,112.23,3230.65,No Internet,No,Yes,3,3,23,6.1,0
C103474,Female,25,7,Month-to-Month,UPI,78.89,571.12,DSL,No,Yes,1,3,24,6.6,1
C103475,Female,18,13,Two Year,Credit Card,114.19,1390.63,DSL,Yes,Yes,1,4,12,7.7,1
C103476,Female,38,54,Month-to-Month,Credit Card,66.32,3658.87,DSL,No,No,0,1,7,7.4,0
C103477,Female,50,13,One Year,Electronic Check,54.6,658.48,Fiber Optic,Yes,No,1,4,8,7.9,0
C103478,Male,45,20,Month-to-Month,Electronic Check,77.54,1471.87,Fiber Optic,No,Yes,0,2,4,6.9,0
C103479,Male,39,10,Month-to-Month,Credit Card,86.49,872.72,Fiber Optic,Yes,Yes,0,3,21,8.5,0
C103480,Male,44,52,Month-to-Month,UPI,100.6,5312.63,Fiber Optic,Yes,Yes,1,1,5,8.5,0
C103481,Female,38,37,Month-to-Month,Electronic Check,99.45,3780.93,Fiber Optic,No,Yes,0,2,10,6.5,0
C103482,Male,21,52,Two Year,Credit Card,70.52,3438.64,Fiber Optic,Yes,Yes,0,4,6,8.1,0
C103483,Female,21,27,One Year,Electronic Check,49.25,1317.96,DSL,Yes,No,3,5,23,4.7,0
C103484,Female,36,34,Two Year,Electronic Check,84.27,2697.32,No Internet,No,Yes,3,4,21,3.8,1
C103485,Female,36,62,Two Year,UPI,30.72,2037.61,DSL,Yes,No,2,0,2,6.3,0
C103486,Male,48,16,Month-to-Month,Electronic Check,107.08,1804.93,Fiber Optic,No,No,1,3,13,6.3,0
C103487,Male,47,59,Month-to-Month,Electronic Check,73.23,4365.34,DSL,Yes,No,2,3,11,6.1,0
C103488,Male,45,21,Two Year,UPI,45.83,951.76,DSL,No,No,0,2,17,8.0,0
C103489,Male,35,16,One Year,Credit Card,74.42,1157.34,DSL,No,No,0,2,28,6.8,0
C103490,Male,21,13,One Year,Electronic Check,92.62,1259.11,DSL,No,Yes,2,1,2,6.5,0
C103491,Female,43,33,Month-to-Month,Bank Transfer,98.48,3254.92,Fiber Optic,No,Yes,0,2,13,5.7,0
C103492,Female,44,54,Two Year,Credit Card,105.36,5245.33,No Internet,Yes,No,0,3,20,7.3,0
C103493,Female,18,69,Month-to-Month,Bank Transfer,92.56,6458.52,DSL,Yes,Yes,2,2,20,5.9,0
C103494,Female,28,27,Two Year,Bank Transfer,86.21,2460.64,DSL,No,Yes,0,0,5,9.2,0
C103495,Male,30,52,Two Year,Credit Card,80.72,4268.99,Fiber Optic,No,No,1,2,30,5.7,0
C103496,Female,39,65,One Year,Electronic Check,74.04,4481.9,Fiber Optic,Yes,Yes,0,3,25,8.2,0
C103497,Female,28,44,Month-to-Month,UPI,69.71,3111.63,DSL,No,No,0,2,15,7.5,0
C103498,Male,38,30,Month-to-Month,Electronic Check,108.33,3379.84,No Internet,Yes,Yes,1,3,3,6.8,1
C103499,Female,35,23,Month-to-Month,UPI,66.86,1596.46,DSL,No,Yes,0,4,4,7.0,0
C103500,Male,36,16,One Year,Electronic Check,142.08,2288.4,Fiber Optic,No,No,3,1,6,5.9,0
C103501,Female,29,55,Month-to-Month,UPI,63.03,3606.96,DSL,Yes,Yes,1,3,20,8.4,0
C103502,Female,30,18,Two Year,Bank Transfer,117.42,1984.34,Fiber Optic,No,Yes,2,2,6,7.4,0
C103503,Male,25,17,One Year,Credit Card,121.42,1985.38,Fiber Optic,No,No,1,2,12,8.6,0
C103504,Female,43,52,Two Year,Credit Card,41.6,2068.72,No Internet,No,No,0,1,11,9.7,0
C103505,Female,45,45,Month-to-Month,Bank Transfer,106.89,4693.57,DSL,Yes,Yes,0,1,10,8.5,0
C103506,Female,29,56,Two Year,Credit Card,68.22,3903.89,DSL,Yes,No,0,2,18,6.0,0
C103507,Male,56,54,One Year,Bank Transfer,55.54,3005.87,Fiber Optic,No,Yes,0,4,8,8.1,0
C103508,Female,34,9,Two Year,,50.85,455.24,Fiber Optic,No,No,0,3,5,8.5,0
C103509,Male,56,17,Month-to-Month,Credit Card,111.05,1907.13,Fiber Optic,Yes,Yes,4,1,16,6.0,1
C103510,Male,30,27,Month-to-Month,Electronic Check,104.92,,DSL,No,No,2,5,8,6.4,1
C103511,Male,18,37,One Year,Electronic Check,89.97,3576.44,Fiber Optic,Yes,Yes,2,4,2,4.8,0
C103512,Female,43,22,Month-to-Month,Credit Card,128.9,2614.99,Fiber Optic,Yes,Yes,2,5,14,6.3,1
C103513,Female,41,72,Month-to-Month,Credit Card,42.14,2941.09,DSL,No,Yes,3,3,28,5.8,0
C103514,Female,38,67,Two Year,UPI,84.28,6085.47,DSL,No,Yes,2,2,10,6.2,0
C103515,Female,30,38,Month-to-Month,Credit Card,89.77,3642.55,DSL,No,No,1,4,0,6.8,1
C103516,Male,38,72,Month-to-Month,Credit Card,104.5,7925.22,Fiber Optic,No,Yes,1,2,14,,0
C103517,Male,32,44,Month-to-Month,Bank Transfer,50.67,2106.43,Fiber Optic,No,Yes,0,4,39,6.1,0
C103518,Male,34,36,Two Year,Electronic Check,103.91,3924.37,Fiber Optic,No,Yes,2,4,16,,0
C103519,Male,48,25,One Year,UPI,78.96,1845.21,DSL,Yes,Yes,0,3,14,,0
C103520,Male,40,42,Month-to-Month,Credit Card,97.69,3825.96,Fiber Optic,No,No,2,1,18,7.6,0
C103521,Male,45,13,Month-to-Month,UPI,63.94,775.49,Fiber Optic,No,Yes,0,3,8,7.2,0
C103522,Male,35,56,Two Year,Electronic Check,106.84,6061.94,DSL,No,No,1,2,5,8.3,0
C103523,Male,34,51,Month-to-Month,Credit Card,91.53,4809.88,DSL,No,Yes,1,1,11,9.3,0
C103524,Male,24,50,Month-to-Month,Bank Transfer,87.51,4204.72,DSL,No,Yes,2,3,25,5.8,1
C103525,Male,34,52,Month-to-Month,Credit Card,111.1,5918.62,Fiber Optic,No,Yes,0,1,15,7.8,0
C103526,Female,18,33,Month-to-Month,Bank Transfer,100.53,3295.28,DSL,Yes,Yes,0,1,4,8.2,0
C103527,Female,31,25,One Year,Electronic Check,94.4,2538.81,DSL,Yes,No,0,5,21,7.3,0
C103528,Female,37,58,One Year,Credit Card,98.1,5547.9,Fiber Optic,Yes,Yes,0,3,12,6.7,0
C103529,Male,45,40,One Year,Credit Card,79.29,3264.56,No Internet,No,No,0,2,11,7.2,0
C103530,Male,35,38,Month-to-Month,Electronic Check,71.8,2565.97,DSL,Yes,Yes,2,1,4,7.3,0
C103531,Female,42,3,Month-to-Month,Electronic Check,70.73,197.21,Fiber Optic,No,No,0,2,3,7.2,1
C103532,Male,18,16,Month-to-Month,UPI,72.84,1188.92,DSL,No,No,2,1,8,6.1,0
C103533,Male,37,2,Month-to-Month,Bank Transfer,110.01,211.34,Fiber Optic,No,Yes,0,2,8,6.8,0
C103534,Male,18,23,Month-to-Month,UPI,101.31,2484.82,No Internet,No,Yes,0,2,3,7.8,0
C103535,Male,24,30,One Year,Bank Transfer,38.77,1072.98,Fiber Optic,No,Yes,2,4,18,5.9,0
C103536,Male,36,10,Month-to-Month,Credit Card,98.63,1055.98,No Internet,No,Yes,0,2,10,8.1,0
C103537,Male,53,65,One Year,Electronic Check,38.89,2333.9,DSL,No,No,1,1,12,7.6,0
C103538,Female,42,22,Month-to-Month,UPI,79.29,1785.57,Fiber Optic,No,No,2,2,57,4.9,0
C103539,Male,38,52,Month-to-Month,Credit Card,95.77,5254.17,DSL,No,No,2,3,5,6.2,1
C103540,Male,38,56,Month-to-Month,Credit Card,79.26,4388.81,Fiber Optic,No,Yes,2,4,16,7.0,0
C103541,Female,29,33,One Year,Credit Card,75.87,2567.84,Fiber Optic,No,No,1,1,27,7.7,0
C103542,Male,31,30,Two Year,Credit Card,80.08,2323.11,Fiber Optic,Yes,Yes,2,6,11,6.5,0
C103543,Male,43,24,Two Year,Bank Transfer,84.6,2018.94,DSL,No,Yes,0,4,8,8.2,0
C103544,Female,21,5,Month-to-Month,Bank Transfer,62.12,294.35,Fiber Optic,No,No,0,2,21,7.6,0
C103545,Male,45,53,One Year,UPI,102.3,5186.75,Fiber Optic,Yes,Yes,3,4,12,5.2,1
C103546,Male,33,55,Month-to-Month,Credit Card,109.4,6396.59,Fiber Optic,No,No,1,2,14,5.6,0
C103547,Male,48,23,One Year,Credit Card,121.03,2877.33,No Internet,Yes,Yes,2,1,10,7.3,1
C103548,Male,50,10,Two Year,Electronic Check,66.42,700.55,DSL,No,No,0,2,14,8.3,0
C103549,Female,18,33,One Year,Credit Card,106.38,3458.65,DSL,No,No,1,2,18,7.5,0
C103550,Female,31,62,Month-to-Month,UPI,79.12,4613.16,DSL,Yes,Yes,3,1,6,6.5,1
C103551,Male,28,27,One Year,Credit Card,82.88,2385.53,Fiber Optic,Yes,Yes,1,1,41,6.5,0
C103552,Female,18,7,Two Year,Bank Transfer,78.78,592.56,DSL,No,No,0,1,9,8.1,0
C103553,Male,26,27,Month-to-Month,UPI,81.58,2326.71,DSL,No,Yes,2,1,15,7.7,0
C103554,Male,67,10,Month-to-Month,Electronic Check,86.82,876.96,DSL,No,Yes,1,2,13,7.2,1
C103555,Female,45,57,Month-to-Month,Credit Card,50.1,,Fiber Optic,No,No,1,4,14,6.5,0
C103556,Male,61,30,Month-to-Month,Credit Card,77.85,2483.05,DSL,No,No,0,1,9,7.4,0
C103557,Male,48,3,Month-to-Month,Electronic Check,76.76,227.03,Fiber Optic,No,Yes,1,0,32,7.0,0
C103558,Male,29,29,Month-to-Month,Electronic Check,115.67,3401.12,DSL,Yes,No,3,3,8,5.8,0
C103559,Male,33,14,Month-to-Month,Credit Card,57.9,799.47,No Internet,No,No,1,4,10,7.5,0
C103560,Male,45,25,Month-to-Month,Credit Card,71.25,1661.13,Fiber Optic,No,No,2,0,2,6.4,1
C103561,Female,43,10,One Year,Bank Transfer,77.72,825.21,Fiber Optic,Yes,Yes,0,4,7,8.4,0
C103562,Male,31,49,Month-to-Month,UPI,69.64,3533.67,DSL,No,No,1,1,11,6.6,0
C103563,Male,20,38,Two Year,Electronic Check,99.23,3749.19,Fiber Optic,No,No,1,0,7,6.0,0
C103564,Male,75,71,Month-to-Month,Electronic Check,73.41,4930.53,Fiber Optic,No,Yes,0,3,60,5.0,0
C103565,Female,36,14,One Year,Electronic Check,94.09,1249.18,No Internet,No,Yes,1,4,17,7.0,0
C103566,Female,34,30,Month-to-Month,Credit Card,63.32,1949.46,Fiber Optic,Yes,No,1,4,7,8.6,0
C103567,Female,39,40,Month-to-Month,UPI,99.69,4266.53,DSL,Yes,Yes,2,5,22,8.3,1
C103568,Female,35,12,Month-to-Month,UPI,105.65,1253.3,DSL,No,Yes,1,0,20,6.0,0
C103569,Female,39,14,One Year,Electronic Check,49.44,686.04,No Internet,No,Yes,1,7,18,5.5,0
C103570,Male,53,1,One Year,Electronic Check,80.52,82.91,Fiber Optic,No,Yes,0,3,4,7.5,0
C103571,Female,37,68,One Year,Credit Card,92.97,6681.1,No Internet,No,No,1,1,24,6.0,0
C103572,Female,24,49,Month-to-Month,Credit Card,72.94,3747.76,Fiber Optic,No,Yes,2,3,10,6.8,0
C103573,Female,36,18,Month-to-Month,UPI,91.22,1698.36,No Internet,No,Yes,1,2,17,7.4,1
C103574,Female,32,36,One Year,Bank Transfer,73.83,2555.43,Fiber Optic,Yes,Yes,0,3,10,8.2,0
C103575,Male,55,64,Month-to-Month,UPI,104.87,6359.03,Fiber Optic,No,Yes,1,3,26,6.9,1
C103576,Male,52,28,Month-to-Month,UPI,92.17,2377.27,Fiber Optic,No,No,0,2,4,9.5,1
C103577,Male,39,32,Month-to-Month,Credit Card,96.13,3307.27,No Internet,No,No,3,3,8,6.7,1
C103578,Female,23,72,Month-to-Month,Electronic Check,96.54,6876.99,Fiber Optic,No,Yes,1,4,10,6.5,0
C103579,Male,23,25,Month-to-Month,Electronic Check,94.48,2248.21,DSL,No,No,2,1,12,6.8,0
C103580,Male,38,47,Month-to-Month,Bank Transfer,86.77,3831.82,DSL,Yes,Yes,2,3,9,5.5,1
C103581,Female,42,20,One Year,Credit Card,90.61,1710.58,Fiber Optic,Yes,No,3,3,9,4.8,0
C103582,Male,34,33,Month-to-Month,Electronic Check,134.23,4312.75,Fiber Optic,No,Yes,1,3,17,8.3,0
C103583,Female,32,30,Two Year,Electronic Check,77.07,2444.77,Fiber Optic,No,No,1,5,17,7.4,0
C103584,Male,31,37,Month-to-Month,Electronic Check,84.92,3378.47,Fiber Optic,No,No,0,2,15,8.1,0
C103585,Male,38,53,Month-to-Month,Electronic Check,69.72,3699.4,DSL,Yes,Yes,2,1,27,5.4,0
C103586,Male,18,69,One Year,UPI,83.04,5563.33,Fiber Optic,No,Yes,2,4,6,5.8,0
C103587,Female,25,8,Two Year,Bank Transfer,84.81,643.25,Fiber Optic,No,Yes,1,1,19,7.3,0
C103588,Male,30,1,One Year,Credit Card,90.0,86.94,Fiber Optic,No,No,0,1,4,8.1,0
C103589,Male,52,7,One Year,Electronic Check,76.39,544.91,DSL,No,Yes,1,1,27,5.2,1
C103590,Female,28,62,Two Year,UPI,89.54,5946.97,DSL,No,No,0,4,16,6.7,0
C103591,Male,40,58,One Year,Credit Card,81.38,4713.33,Fiber Optic,No,No,1,2,10,7.5,1
C103592,Female,41,8,One Year,Bank Transfer,95.67,721.25,DSL,No,Yes,2,2,16,7.3,0
C103593,Female,54,64,Two Year,Electronic Check,108.8,7460.3,Fiber Optic,No,Yes,1,1,33,5.7,0
C103594,Male,53,8,Month-to-Month,UPI,78.62,675.54,No Internet,Yes,Yes,0,4,2,7.7,0
C103595,Female,37,3,Two Year,UPI,38.64,123.25,No Internet,Yes,No,1,1,10,7.8,0
C103596,Male,32,58,Month-to-Month,UPI,90.89,5574.56,DSL,Yes,Yes,2,3,7,6.5,0
C103597,Female,30,32,Two Year,Credit Card,84.05,2808.99,DSL,No,No,1,1,29,6.3,0
C103598,Male,35,68,Month-to-Month,Credit Card,66.43,4247.04,DSL,No,Yes,0,2,16,8.8,0
C103599,Female,33,49,Month-to-Month,Electronic Check,53.28,2538.55,DSL,No,No,2,1,16,6.2,0
C103600,Male,45,38,Two Year,Electronic Check,84.53,3342.76,Fiber Optic,Yes,Yes,0,3,14,6.7,0
C103601,Female,43,2,Month-to-Month,Electronic Check,74.71,158.18,DSL,No,Yes,3,2,1,7.2,1
C103602,Male,45,9,One Year,Electronic Check,80.87,696.09,DSL,No,Yes,1,4,6,7.2,0
C103603,Male,53,46,Month-to-Month,Electronic Check,84.39,3957.03,Fiber Optic,Yes,No,4,1,11,6.0,0
C103604,Male,60,65,Month-to-Month,UPI,84.13,5082.63,Fiber Optic,Yes,No,0,3,7,5.2,1
C103605,Male,39,49,Two Year,Credit Card,40.01,2072.13,Fiber Optic,No,Yes,3,1,4,8.2,0
C103606,Female,51,29,Month-to-Month,Bank Transfer,97.28,2752.26,DSL,No,No,1,1,15,6.4,0
C103607,Male,34,29,One Year,Electronic Check,56.93,1570.83,DSL,Yes,Yes,2,1,12,6.7,0
C103608,Female,52,33,Month-to-Month,Electronic Check,74.09,2577.05,Fiber Optic,No,No,1,1,5,6.8,0
C103609,Female,51,28,Two Year,Credit Card,48.29,1280.84,DSL,No,No,0,3,12,6.6,0
C103610,Female,50,26,One Year,Bank Transfer,130.26,3365.46,DSL,Yes,Yes,3,2,33,4.1,1
C103611,Male,39,29,One Year,Electronic Check,86.75,2352.96,DSL,No,Yes,0,2,4,7.9,0
C103612,Male,30,11,Two Year,Electronic Check,69.63,759.19,No Internet,No,No,1,1,12,8.8,0
C103613,Female,21,34,Month-to-Month,Electronic Check,63.41,2302.25,Fiber Optic,No,Yes,3,3,18,5.8,0
C103614,Male,38,48,One Year,Bank Transfer,85.29,4220.74,DSL,No,No,0,3,10,6.7,0
C103615,Male,56,27,One Year,Credit Card,70.95,2064.11,DSL,No,No,0,3,8,7.2,0
C103616,Female,34,72,Month-to-Month,,76.4,5455.05,DSL,No,No,0,1,14,8.9,0
C103617,Female,47,40,Month-to-Month,Credit Card,97.56,4145.42,DSL,No,No,1,3,19,5.0,1
C103618,Female,48,31,One Year,Bank Transfer,40.81,1348.36,No Internet,Yes,No,2,2,15,6.2,0
C103619,Male,35,65,One Year,Electronic Check,101.86,6187.05,Fiber Optic,No,No,4,3,4,5.0,0
C103620,Female,54,39,Month-to-Month,Bank Transfer,49.71,2087.28,DSL,Yes,No,1,3,14,5.5,1
C103621,Male,18,24,Month-to-Month,Electronic Check,96.34,2457.25,No Internet,No,Yes,0,3,14,7.5,0
C103622,Male,23,68,Month-to-Month,UPI,99.89,6929.89,Fiber Optic,No,Yes,1,3,15,6.5,0
C103623,Female,27,23,Month-to-Month,Bank Transfer,38.46,889.74,Fiber Optic,No,Yes,3,2,3,7.8,0
C103624,Male,28,61,Month-to-Month,Bank Transfer,81.41,4874.78,No Internet,No,Yes,2,4,20,5.1,1
C103625,Male,42,27,Month-to-Month,Electronic Check,64.36,1761.71,Fiber Optic,No,No,1,4,9,6.4,1
C103626,Male,41,16,Month-to-Month,Bank Transfer,99.1,1645.63,DSL,Yes,No,1,2,28,4.4,1
C103627,Female,43,45,Two Year,UPI,90.27,4197.71,Fiber Optic,No,No,2,3,3,6.1,0
C103628,Female,45,27,One Year,Bank Transfer,49.63,1297.2,DSL,No,No,3,2,24,7.5,0
C103629,Female,27,5,Month-to-Month,Bank Transfer,78.8,404.82,Fiber Optic,Yes,Yes,2,5,16,5.9,1
C103630,Female,23,59,Month-to-Month,Credit Card,118.56,6440.64,Fiber Optic,No,Yes,1,3,14,7.7,0
C103631,Male,43,72,One Year,Credit Card,67.77,4621.68,DSL,No,No,1,2,28,4.5,0
C103632,Male,30,35,Two Year,Credit Card,71.48,2362.45,Fiber Optic,Yes,Yes,4,0,12,5.5,0
C103633,Male,19,70,One Year,Electronic Check,118.22,8594.53,Fiber Optic,Yes,No,1,1,14,7.0,0
C103634,Male,50,46,One Year,Electronic Check,95.73,4683.28,Fiber Optic,No,Yes,3,2,12,5.6,0
C103635,Male,55,56,Month-to-Month,Credit Card,73.05,3820.05,No Internet,No,No,1,2,25,5.6,0
C103636,Female,57,24,Month-to-Month,Electronic Check,70.49,1803.24,Fiber Optic,Yes,Yes,0,4,3,7.1,0
C103637,Male,40,10,One Year,Bank Transfer,50.94,493.64,No Internet,Yes,No,1,5,20,7.2,0
C103638,Male,46,38,Month-to-Month,,110.73,4290.33,Fiber Optic,No,No,1,0,5,7.7,0
C103639,Male,54,70,Month-to-Month,Credit Card,66.12,4379.53,DSL,Yes,Yes,3,4,27,4.5,0
C103640,Male,30,48,Month-to-Month,Bank Transfer,71.04,3356.89,DSL,No,Yes,2,1,47,5.5,1
C103641,Female,51,9,Month-to-Month,Bank Transfer,96.09,859.55,Fiber Optic,No,No,0,1,14,7.7,1
C103642,Male,41,50,One Year,Bank Transfer,102.67,5030.48,DSL,No,Yes,2,1,6,8.2,0
C103643,Male,49,69,Month-to-Month,Electronic Check,84.25,6112.87,Fiber Optic,Yes,Yes,1,5,20,7.3,0
C103644,Female,40,48,Month-to-Month,UPI,61.2,2976.89,No Internet,Yes,Yes,4,2,14,4.6,0
C103645,Male,54,39,One Year,Bank Transfer,38.56,1502.91,DSL,No,No,1,2,14,6.5,0
C103646,Male,41,5,Two Year,Bank Transfer,134.98,705.56,Fiber Optic,Yes,Yes,2,1,7,7.4,0
C103647,Male,20,11,One Year,Credit Card,92.07,1046.69,DSL,Yes,No,1,4,18,6.2,0
C103648,Female,55,60,One Year,Electronic Check,94.75,5325.58,No Internet,No,Yes,2,1,21,6.1,0
C103649,Female,27,27,Month-to-Month,UPI,41.83,1132.63,DSL,Yes,Yes,3,4,17,5.1,0
C103650,Female,53,7,Month-to-Month,UPI,79.97,586.47,Fiber Optic,No,Yes,1,2,4,7.5,0
C103651,Male,37,60,Month-to-Month,UPI,80.49,4936.04,DSL,No,No,3,1,10,6.0,0
C103652,Female,52,50,Month-to-Month,UPI,70.23,3631.08,DSL,Yes,Yes,3,4,12,7.2,0
C103653,Male,52,67,Month-to-Month,Electronic Check,59.82,4054.97,DSL,Yes,Yes,2,5,13,4.1,0
C103654,Male,43,69,Month-to-Month,Electronic Check,62.86,4634.39,Fiber Optic,No,Yes,2,1,8,8.5,0
C103655,Male,44,55,One Year,UPI,85.16,4694.64,Fiber Optic,No,No,3,3,2,5.4,0
C103656,Male,43,16,Two Year,Electronic Check,67.55,1091.82,No Internet,No,No,2,1,10,8.7,0
C103657,Male,18,12,One Year,Electronic Check,80.64,1026.39,Fiber Optic,No,Yes,1,3,6,8.1,0
C103658,Female,39,27,Month-to-Month,UPI,78.63,2161.99,Fiber Optic,No,Yes,1,2,2,7.6,0
C103659,Female,25,33,One Year,Credit Card,87.96,2873.69,DSL,Yes,Yes,3,1,22,3.8,1
C103660,Male,40,55,Month-to-Month,Credit Card,43.38,2291.83,No Internet,No,No,1,0,35,7.4,0
C103661,Male,24,52,One Year,Credit Card,104.42,5834.25,Fiber Optic,No,No,2,3,9,7.4,0
C103662,Male,24,37,Month-to-Month,UPI,54.72,2112.43,DSL,Yes,Yes,2,3,32,4.8,0
C103663,Male,57,15,Month-to-Month,Bank Transfer,92.6,1296.28,DSL,No,Yes,1,3,10,6.8,1
C103664,Female,51,65,One Year,,36.2,2211.94,Fiber Optic,No,Yes,0,2,7,7.0,0
C103665,Male,38,68,One Year,UPI,87.98,5700.6,Fiber Optic,No,No,2,2,3,7.2,0
C103666,Female,40,3,Two Year,Credit Card,77.21,221.88,Fiber Optic,Yes,No,1,3,5,7.4,1
C103667,Male,35,72,Month-to-Month,Electronic Check,106.41,7839.37,Fiber Optic,No,No,0,1,11,7.7,0
C103668,Male,45,5,One Year,Credit Card,78.81,396.13,Fiber Optic,No,Yes,1,4,35,5.7,1
C103669,Male,30,9,Month-to-Month,Electronic Check,96.2,829.2,Fiber Optic,No,No,0,2,15,6.2,1
C103670,Male,50,1,Month-to-Month,Electronic Check,81.1,76.55,DSL,No,Yes,1,2,9,6.8,0
C103671,Male,35,30,One Year,Electronic Check,57.4,1774.84,No Internet,No,No,2,1,11,7.2,0
C103672,Female,33,71,Two Year,Credit Card,60.21,3968.87,No Internet,No,No,2,2,16,4.7,0
C103673,Male,38,20,One Year,Credit Card,71.3,1361.94,DSL,Yes,No,2,2,2,6.8,0
C103674,Female,31,27,Month-to-Month,Electronic Check,104.79,2736.86,DSL,No,Yes,1,4,13,6.5,0
C103675,Male,42,63,Month-to-Month,Credit Card,85.12,5089.1,No Internet,No,No,0,2,22,8.5,0
C103676,Male,32,31,Month-to-Month,Electronic Check,60.29,1891.14,DSL,Yes,No,3,4,6,6.3,1
C103677,Male,44,19,Month-to-Month,Credit Card,80.9,1590.5,DSL,No,Yes,0,2,8,7.0,0
C103678,Female,53,62,One Year,Electronic Check,44.72,2731.55,DSL,No,No,1,4,5,5.3,0
C103679,Male,29,7,Month-to-Month,Credit Card,70.11,464.59,Fiber Optic,No,No,3,1,10,5.7,1
C103680,Female,36,37,One Year,Credit Card,79.94,2911.12,DSL,No,Yes,2,3,9,6.1,0
C103681,Male,44,71,One Year,Electronic Check,63.88,4510.72,Fiber Optic,Yes,Yes,0,1,12,6.8,0
C103682,Female,33,8,One Year,Credit Card,71.67,608.2,DSL,Yes,Yes,1,1,21,5.6,0
C103683,Male,44,57,Month-to-Month,Bank Transfer,111.81,6405.37,DSL,No,Yes,1,0,12,5.1,0
C103684,Female,45,28,Month-to-Month,Electronic Check,71.81,1868.24,Fiber Optic,No,Yes,1,2,20,7.6,1
C103685,Female,51,17,Month-to-Month,Electronic Check,100.67,1842.33,No Internet,Yes,No,1,3,18,6.8,0
C103686,Female,31,11,Month-to-Month,Credit Card,65.05,679.92,Fiber Optic,No,No,0,3,2,6.5,0
C103687,Male,27,15,Two Year,UPI,48.34,728.39,Fiber Optic,No,Yes,2,2,17,6.1,0
C103688,Male,34,30,Two Year,UPI,102.04,,Fiber Optic,No,Yes,0,0,16,7.1,1
C103689,Male,26,6,One Year,Electronic Check,50.14,310.38,Fiber Optic,No,Yes,2,2,5,7.0,0
C103690,Female,45,12,One Year,Electronic Check,77.26,881.26,No Internet,Yes,No,3,3,7,6.4,0
C103691,Female,24,61,One Year,Electronic Check,73.19,4473.48,Fiber Optic,Yes,Yes,1,2,6,6.8,0
C103692,Female,66,36,Month-to-Month,Credit Card,115.59,4170.7,Fiber Optic,No,No,0,7,19,6.8,1
C103693,Male,54,35,Month-to-Month,Bank Transfer,110.13,3947.71,Fiber Optic,No,Yes,2,3,21,8.3,0
C103694,Male,38,67,Month-to-Month,UPI,102.29,6943.39,Fiber Optic,No,Yes,1,3,9,6.3,0
C103695,Male,48,63,Two Year,UPI,87.59,5187.9,Fiber Optic,No,No,3,1,11,5.5,0
C103696,Female,18,40,Month-to-Month,Credit Card,89.86,3706.11,DSL,No,Yes,1,1,12,8.8,0
C103697,Female,68,31,Month-to-Month,Credit Card,116.54,3591.38,Fiber Optic,Yes,Yes,1,1,24,6.4,0
C103698,Female,31,37,Two Year,Credit Card,47.91,1684.03,DSL,Yes,No,1,3,14,6.6,0
C103699,Male,37,5,Month-to-Month,Bank Transfer,54.18,266.57,DSL,Yes,Yes,1,3,25,6.4,1
C103700,Female,18,4,One Year,Bank Transfer,87.49,342.64,Fiber Optic,No,No,2,4,21,7.7,0
C103701,Female,44,26,Two Year,Credit Card,81.47,2099.05,No Internet,Yes,Yes,1,2,17,7.4,0
C103702,Male,25,24,Month-to-Month,Credit Card,111.09,2834.51,DSL,No,No,2,1,8,6.5,0
C103703,Female,39,39,One Year,Bank Transfer,101.43,,Fiber Optic,Yes,No,1,0,13,6.5,0
C103704,Female,31,56,Month-to-Month,Credit Card,59.75,3091.2,No Internet,No,Yes,1,2,4,7.0,0
C103705,Female,25,54,One Year,Credit Card,70.49,3814.42,DSL,Yes,No,2,1,6,5.0,0
C103706,Female,28,38,Month-to-Month,Bank Transfer,82.92,2935.87,DSL,No,Yes,3,4,6,7.2,1
C103707,Male,41,54,Month-to-Month,Electronic Check,34.64,1731.79,DSL,No,No,3,6,11,6.5,0
C103708,Male,23,19,One Year,Credit Card,72.42,1312.41,DSL,Yes,Yes,0,2,13,6.2,0
C103709,Female,29,26,Month-to-Month,UPI,59.4,1659.45,No Internet,No,No,1,5,34,5.3,0
C103710,Male,46,52,Two Year,Bank Transfer,67.88,3773.1,Fiber Optic,No,No,3,3,5,7.5,0
C103711,Female,69,61,Month-to-Month,Credit Card,56.52,3565.36,Fiber Optic,No,No,1,4,17,6.3,0
C103712,Female,44,67,One Year,Credit Card,79.51,5164.08,Fiber Optic,Yes,No,2,2,12,7.9,0
C103713,Female,27,22,Month-to-Month,Credit Card,133.12,2793.4,Fiber Optic,Yes,Yes,2,1,13,6.7,1
C103714,Female,34,17,Two Year,Electronic Check,58.55,943.01,Fiber Optic,No,Yes,1,3,25,7.0,0
C103715,Male,38,11,Month-to-Month,Credit Card,72.71,738.56,Fiber Optic,Yes,Yes,2,5,14,5.3,0
C103716,Male,34,39,Month-to-Month,UPI,114.37,4417.87,Fiber Optic,No,Yes,2,5,30,4.2,0
C103717,Male,49,61,One Year,Credit Card,116.36,7218.65,Fiber Optic,No,Yes,1,4,10,6.9,0
C103718,Male,41,49,Two Year,Bank Transfer,37.06,1843.33,DSL,Yes,No,3,4,6,5.2,0
C103719,Male,49,61,Two Year,Electronic Check,65.82,4144.5,DSL,No,No,3,0,10,6.2,0
C103720,Male,34,12,Month-to-Month,Credit Card,93.45,1123.31,Fiber Optic,Yes,No,0,2,12,7.4,1
C103721,Female,54,13,One Year,UPI,92.41,1207.81,Fiber Optic,Yes,No,1,3,11,6.6,0
C103722,Female,36,58,Month-to-Month,Credit Card,77.61,4832.24,Fiber Optic,Yes,No,1,2,7,7.6,0
C103723,Male,26,11,One Year,Electronic Check,113.84,1265.17,Fiber Optic,Yes,Yes,1,0,3,8.5,0
C103724,Male,64,64,Month-to-Month,Electronic Check,99.52,6750.29,Fiber Optic,No,No,3,3,15,6.9,0
C103725,Female,18,31,Month-to-Month,Electronic Check,64.69,1884.91,DSL,No,No,0,2,9,6.8,0
C103726,Male,29,11,Two Year,Bank Transfer,43.74,506.26,No Internet,No,No,2,3,10,4.9,0
C103727,Male,30,43,Two Year,Bank Transfer,115.04,5095.89,Fiber Optic,Yes,Yes,1,4,15,6.1,0
C103728,Male,68,36,One Year,Bank Transfer,149.76,4965.04,Fiber Optic,No,Yes,0,0,26,7.8,0
C103729,Female,60,2,One Year,Credit Card,68.28,130.23,DSL,Yes,Yes,2,4,19,5.9,0
C103730,Male,56,61,One Year,Credit Card,114.73,6679.72,DSL,No,Yes,2,2,5,7.3,0
C103731,Female,34,36,Month-to-Month,Electronic Check,90.13,3191.37,Fiber Optic,No,No,0,3,17,7.4,0
C103732,Male,67,49,One Year,UPI,90.53,4359.04,Fiber Optic,Yes,No,2,2,15,7.0,0
C103733,Male,42,27,One Year,Credit Card,118.53,3123.12,DSL,No,No,1,1,7,7.4,0
C103734,Male,50,12,Month-to-Month,Electronic Check,126.27,,Fiber Optic,Yes,Yes,0,3,13,6.6,1
C103735,Male,40,58,Two Year,Electronic Check,66.88,4082.02,Fiber Optic,No,Yes,3,2,9,5.3,0
C103736,Female,37,6,Two Year,Credit Card,95.67,532.74,Fiber Optic,Yes,Yes,0,1,9,9.3,0
C103737,Female,35,44,Two Year,Electronic Check,94.79,4402.57,DSL,No,No,0,1,22,6.8,0
C103738,Female,35,47,Month-to-Month,UPI,72.61,3641.2,Fiber Optic,No,No,1,1,3,8.1,1
C103739,Female,45,23,One Year,Credit Card,99.4,2164.21,DSL,Yes,Yes,1,6,36,4.5,1
C103740,Female,42,26,Two Year,UPI,62.31,1585.37,Fiber Optic,Yes,Yes,1,1,13,6.6,0
C103741,Female,38,7,Month-to-Month,Bank Transfer,79.7,571.39,Fiber Optic,No,No,0,1,4,6.5,0
C103742,Female,56,32,One Year,UPI,125.04,4307.66,Fiber Optic,No,Yes,0,5,26,8.6,1
C103743,Male,18,33,Two Year,Credit Card,90.62,3165.66,DSL,No,Yes,2,6,6,5.2,0
C103744,Male,44,20,One Year,Electronic Check,98.09,2037.42,DSL,No,Yes,2,4,7,6.3,0
C103745,Male,47,69,Two Year,Bank Transfer,78.48,5795.8,No Internet,Yes,No,2,2,19,6.0,0
C103746,Female,52,52,Month-to-Month,Credit Card,79.97,4479.4,Fiber Optic,Yes,No,0,1,16,9.8,0
C103747,Male,37,42,Month-to-Month,UPI,103.92,4642.67,No Internet,Yes,Yes,0,2,26,6.7,1
C103748,Male,40,1,Month-to-Month,Electronic Check,121.71,115.6,DSL,No,Yes,1,5,7,7.1,1
C103749,Female,50,63,One Year,Bank Transfer,110.5,7199.72,Fiber Optic,Yes,Yes,2,1,18,5.2,0
C103750,Female,56,7,Month-to-Month,UPI,83.82,577.28,Fiber Optic,No,Yes,2,2,35,5.9,1
C103751,Female,34,58,One Year,Credit Card,124.13,7565.12,Fiber Optic,No,No,2,2,16,5.9,0
C103752,Male,41,50,Month-to-Month,UPI,107.26,4981.61,Fiber Optic,No,Yes,2,3,27,6.9,0
C103753,Female,58,34,Two Year,Electronic Check,58.09,2079.04,No Internet,No,Yes,0,1,12,7.9,0
C103754,Male,18,51,Month-to-Month,Bank Transfer,92.86,4580.11,Fiber Optic,No,Yes,1,0,7,6.8,0
C103755,Male,30,10,One Year,Bank Transfer,93.23,972.68,Fiber Optic,No,Yes,2,1,33,6.2,1
C103756,Male,56,26,One Year,Electronic Check,89.37,2200.27,DSL,Yes,Yes,2,0,12,8.3,0
C103757,Male,51,32,Two Year,Electronic Check,57.48,1706.57,Fiber Optic,No,No,0,1,12,7.7,0
C103758,Male,44,42,Month-to-Month,Electronic Check,75.92,3265.19,Fiber Optic,No,No,3,3,18,5.9,1
C103759,Female,33,62,Two Year,Credit Card,93.31,5733.5,Fiber Optic,No,Yes,3,0,22,6.0,0
C103760,Male,27,12,Month-to-Month,Electronic Check,74.49,943.48,Fiber Optic,Yes,Yes,2,3,7,6.8,1
C103761,Female,31,40,Month-to-Month,Electronic Check,73.27,3124.41,No Internet,Yes,Yes,2,2,6,7.2,0
C103762,Female,57,34,One Year,Credit Card,120.2,4025.42,Fiber Optic,No,No,0,4,5,7.5,0
C103763,Male,30,70,One Year,Electronic Check,72.12,5142.73,Fiber Optic,No,No,1,2,7,7.3,0
C103764,Male,39,27,Month-to-Month,UPI,103.34,2691.79,Fiber Optic,No,Yes,2,4,22,5.3,0
C103765,Male,29,8,One Year,Bank Transfer,105.47,811.25,Fiber Optic,Yes,Yes,0,3,14,7.0,1
C103766,Female,48,47,Month-to-Month,Electronic Check,74.49,3702.17,Fiber Optic,No,Yes,2,1,14,5.7,0
C103767,Male,32,26,Month-to-Month,Bank Transfer,69.92,1714.8,DSL,No,Yes,2,1,9,6.3,0
C103768,Male,37,57,Month-to-Month,Bank Transfer,98.24,5550.5,Fiber Optic,No,Yes,1,1,13,7.2,0
C103769,Male,18,7,Two Year,Electronic Check,92.65,643.78,DSL,Yes,Yes,1,3,24,5.8,0
C103770,Female,19,26,One Year,UPI,61.96,1632.72,DSL,No,Yes,1,1,7,8.4,0
C103771,Female,38,59,Month-to-Month,Bank Transfer,100.1,6029.87,DSL,Yes,Yes,1,2,7,5.7,0
C103772,Male,22,69,Month-to-Month,UPI,94.94,6480.16,DSL,No,No,0,2,18,7.5,0
C103773,Female,63,47,Month-to-Month,Bank Transfer,83.62,3893.49,DSL,No,Yes,1,1,25,5.2,0
C103774,Female,18,35,Two Year,Bank Transfer,73.61,2626.48,Fiber Optic,No,No,1,5,16,7.9,0
C103775,Female,28,30,Month-to-Month,Electronic Check,101.37,3139.55,Fiber Optic,No,No,1,2,12,6.1,1
C103776,Female,38,50,Month-to-Month,Credit Card,82.01,4293.07,Fiber Optic,No,No,2,2,23,4.8,1
C103777,Female,34,24,Month-to-Month,Credit Card,91.12,2251.23,DSL,Yes,Yes,0,3,13,7.4,0
C103778,Female,25,30,One Year,Electronic Check,120.71,3335.96,Fiber Optic,No,No,2,1,21,6.1,0
C103779,Female,27,54,Month-to-Month,Credit Card,96.22,4972.41,Fiber Optic,No,No,1,4,19,6.6,0
C103780,Male,26,67,Month-to-Month,Credit Card,71.46,4508.2,Fiber Optic,No,No,1,4,1,4.8,0
C103781,Male,35,32,One Year,Electronic Check,53.33,1791.67,Fiber Optic,No,No,0,2,16,6.2,0
C103782,Male,61,8,Month-to-Month,Electronic Check,85.46,681.6,DSL,No,Yes,2,3,26,4.6,1
C103783,Female,39,50,One Year,Electronic Check,96.82,4750.65,Fiber Optic,No,Yes,1,0,15,9.1,0
C103784,Female,52,47,Month-to-Month,Bank Transfer,50.41,2464.02,DSL,Yes,No,1,0,27,6.9,0
C103785,Male,44,46,Month-to-Month,Credit Card,41.83,1793.79,DSL,No,No,1,1,10,6.6,0
C103786,Female,51,35,Month-to-Month,Credit Card,88.86,3211.48,Fiber Optic,Yes,Yes,1,3,14,6.9,0
C103787,Male,18,61,One Year,Electronic Check,69.28,4241.23,Fiber Optic,No,No,1,3,5,9.1,0
C103788,Male,34,51,Month-to-Month,Bank Transfer,118.11,5949.08,Fiber Optic,No,No,0,6,21,7.2,1
C103789,Female,54,63,Month-to-Month,Bank Transfer,66.12,4272.28,No Internet,Yes,Yes,1,2,7,7.1,0
C103790,Male,31,8,Month-to-Month,Credit Card,61.81,456.59,DSL,No,Yes,0,3,16,7.4,1
C103791,Male,59,34,Month-to-Month,Electronic Check,89.72,2856.54,Fiber Optic,No,Yes,2,1,12,8.8,0
C103792,Female,56,25,Month-to-Month,Bank Transfer,78.7,1935.34,Fiber Optic,No,Yes,1,0,3,,0
C103793,Female,32,44,One Year,UPI,60.48,2487.87,DSL,Yes,Yes,2,2,2,6.3,0
C103794,Male,32,43,Month-to-Month,Electronic Check,99.6,,Fiber Optic,Yes,No,2,2,20,6.3,1
C103795,Female,26,50,Month-to-Month,Bank Transfer,90.32,4584.78,No Internet,No,No,2,5,4,5.5,0
C103796,Female,30,13,Month-to-Month,Credit Card,95.83,1274.6,DSL,Yes,Yes,2,3,33,4.0,0
C103797,Male,23,46,Month-to-Month,Electronic Check,95.53,4209.28,DSL,Yes,Yes,1,0,32,7.0,1
C103798,Male,43,53,Month-to-Month,Bank Transfer,124.91,6900.09,Fiber Optic,No,No,3,4,8,7.8,1
C103799,Female,21,63,Month-to-Month,Electronic Check,60.94,3588.07,Fiber Optic,No,Yes,3,3,18,4.4,0
C103800,Male,45,2,Month-to-Month,Bank Transfer,81.21,173.56,Fiber Optic,No,Yes,0,3,6,6.9,0
C103801,Female,46,40,Two Year,Electronic Check,68.67,2586.97,No Internet,No,Yes,2,2,11,7.0,0
C103802,Female,18,23,One Year,Credit Card,88.38,2011.33,Fiber Optic,No,No,0,3,22,7.7,0
C103803,Female,57,59,Month-to-Month,Electronic Check,40.28,2201.04,Fiber Optic,Yes,No,2,2,4,6.9,0
C103804,Male,44,69,One Year,Credit Card,79.76,5489.32,DSL,Yes,No,1,1,12,9.8,0
C103805,Female,47,34,Two Year,Electronic Check,70.98,2578.03,No Internet,Yes,No,2,2,15,7.4,0
C103806,Male,29,27,Month-to-Month,Credit Card,105.04,2706.52,Fiber Optic,No,Yes,1,1,23,6.8,1
C103807,Male,45,55,Month-to-Month,Electronic Check,129.29,7573.23,DSL,Yes,Yes,0,2,11,7.9,0
C103808,Male,52,4,Two Year,Electronic Check,90.88,363.77,Fiber Optic,No,Yes,0,2,6,7.6,0
C103809,Male,37,68,One Year,Electronic Check,73.18,4664.09,DSL,No,Yes,1,2,21,6.7,0
C103810,Female,62,72,One Year,Bank Transfer,83.97,6308.67,Fiber Optic,Yes,No,1,2,5,7.8,0
C103811,Male,39,70,One Year,Bank Transfer,91.55,6344.12,Fiber Optic,Yes,Yes,0,0,8,8.4,0
C103812,Male,52,27,Month-to-Month,Electronic Check,85.4,2298.2,Fiber Optic,No,No,1,2,24,6.7,0
C103813,Female,42,47,One Year,Credit Card,79.73,3815.07,DSL,Yes,Yes,1,1,13,6.3,0
C103814,Male,45,40,One Year,Bank Transfer,96.07,4045.46,Fiber Optic,No,No,1,3,7,8.3,0
C103815,Female,18,27,Month-to-Month,UPI,110.4,2937.87,Fiber Optic,No,Yes,1,2,23,4.8,1
C103816,Male,42,7,One Year,Electronic Check,78.0,568.01,DSL,Yes,Yes,3,2,15,5.5,1
C103817,Female,29,23,Two Year,Credit Card,76.06,1654.46,No Internet,Yes,No,7,1,2,4.7,1
C103818,Female,28,64,One Year,Bank Transfer,97.38,5781.57,DSL,Yes,Yes,5,5,11,4.6,0
C103819,Male,59,29,Month-to-Month,Electronic Check,108.57,2920.44,Fiber Optic,No,Yes,1,3,21,7.6,1
C103820,Male,35,61,One Year,Electronic Check,106.34,6011.32,Fiber Optic,No,No,1,4,13,6.6,0
C103821,Male,26,44,Month-to-Month,Bank Transfer,122.14,5396.69,No Internet,No,Yes,0,4,19,8.0,0
C103822,Female,34,69,Two Year,Credit Card,133.94,9079.54,No Internet,Yes,Yes,0,1,1,7.6,0
C103823,Male,22,27,One Year,Electronic Check,147.81,4173.39,Fiber Optic,No,Yes,1,3,4,8.6,0
C103824,Male,55,12,Month-to-Month,Bank Transfer,78.96,872.19,DSL,No,Yes,1,2,11,8.4,1
C103825,Male,30,17,Month-to-Month,Electronic Check,102.43,1789.05,Fiber Optic,Yes,Yes,0,2,8,7.6,0
C103826,Male,44,37,One Year,Bank Transfer,77.5,2809.76,DSL,No,Yes,0,3,21,6.9,0
C103827,Male,54,34,Month-to-Month,UPI,83.24,2816.89,Fiber Optic,No,Yes,0,1,14,8.6,0
C103828,Female,32,36,Month-to-Month,Credit Card,105.51,3576.52,Fiber Optic,Yes,No,0,1,24,6.9,0
C103829,Male,44,6,Month-to-Month,Bank Transfer,72.98,456.52,DSL,No,Yes,0,3,4,8.0,0
C103830,Male,26,32,Two Year,Credit Card,98.01,3321.95,No Internet,Yes,Yes,1,3,4,7.9,0
C103831,Female,67,22,Month-to-Month,UPI,72.51,1476.61,No Internet,Yes,Yes,1,3,13,7.5,1
C103832,Female,49,10,One Year,Electronic Check,57.87,563.7,Fiber Optic,No,No,1,0,5,8.8,0
C103833,Male,36,29,Month-to-Month,Credit Card,75.32,2154.92,No Internet,No,Yes,2,1,13,6.7,1
C103834,Male,29,11,Month-to-Month,UPI,91.85,1067.92,DSL,No,No,1,0,8,7.0,1
C103835,Male,37,66,Month-to-Month,Bank Transfer,69.63,4812.64,DSL,No,Yes,1,3,3,6.3,0
C103836,Female,34,56,Month-to-Month,Credit Card,88.14,4974.25,No Internet,No,Yes,2,5,12,4.9,1
C103837,Male,61,58,Two Year,UPI,65.98,3630.94,Fiber Optic,Yes,Yes,1,1,6,8.6,0
C103838,Female,23,52,Two Year,Electronic Check,64.45,3380.38,Fiber Optic,No,No,0,1,12,6.5,0
C103839,Female,40,61,Month-to-Month,Bank Transfer,104.68,6325.06,No Internet,No,Yes,0,1,5,8.5,0
C103840,Female,38,17,Month-to-Month,UPI,76.59,1386.01,Fiber Optic,No,Yes,0,0,10,9.4,0
C103841,Male,37,30,Two Year,Bank Transfer,96.78,2795.56,No Internet,No,No,0,3,8,6.9,0
C103842,Male,37,72,Month-to-Month,Bank Transfer,72.61,5474.99,DSL,No,Yes,1,3,18,7.9,0
C103843,Male,37,37,Month-to-Month,Bank Transfer,86.04,3216.72,Fiber Optic,No,Yes,2,3,8,5.9,0
C103844,Male,48,5,Month-to-Month,UPI,95.36,441.2,DSL,No,No,1,1,28,7.1,1
C103845,Female,45,26,One Year,UPI,143.61,3584.61,Fiber Optic,Yes,Yes,0,2,11,9.3,1
C103846,Female,43,70,Month-to-Month,Electronic Check,71.06,4680.21,DSL,Yes,Yes,1,1,28,5.6,0
C103847,Female,18,1,One Year,Electronic Check,130.38,129.72,Fiber Optic,No,No,0,1,16,8.2,0
C103848,Female,42,9,Month-to-Month,Bank Transfer,86.03,810.48,Fiber Optic,No,Yes,3,1,24,4.8,0
C103849,Male,18,71,Month-to-Month,UPI,77.06,5547.34,No Internet,No,Yes,1,3,27,6.8,0
C103850,Male,46,64,Month-to-Month,Credit Card,150.88,9388.62,DSL,Yes,Yes,0,3,3,7.2,0
C103851,Male,56,24,Two Year,UPI,78.56,1953.86,DSL,No,Yes,1,5,3,5.2,1
C103852,Female,27,5,Two Year,Bank Transfer,79.79,406.62,No Internet,No,Yes,1,1,27,8.1,0
C103853,Female,35,51,One Year,Credit Card,101.78,4833.26,Fiber Optic,Yes,No,0,3,6,8.4,0
C103854,Female,31,38,Month-to-Month,Credit Card,79.11,2817.66,DSL,Yes,No,2,1,21,6.9,0
C103855,Male,53,29,Month-to-Month,Credit Card,88.14,2393.0,No Internet,Yes,No,0,2,7,9.4,0
C103856,Male,39,46,Month-to-Month,Electronic Check,83.74,3740.42,Fiber Optic,No,Yes,2,2,11,7.5,0
C103857,Female,59,52,Month-to-Month,UPI,72.95,3841.33,DSL,No,No,2,3,5,5.7,0
C103858,Male,43,46,Two Year,Electronic Check,84.17,4138.93,DSL,No,Yes,4,1,5,5.7,0
C103859,Female,41,68,Month-to-Month,UPI,77.99,5446.23,Fiber Optic,No,Yes,1,1,6,7.7,1
C103860,Female,39,59,One Year,Credit Card,123.69,7541.27,Fiber Optic,No,No,1,1,21,6.0,0
C103861,Female,48,10,Month-to-Month,Electronic Check,74.22,694.33,DSL,No,No,2,2,21,7.2,0
C103862,Male,18,4,One Year,Electronic Check,100.31,375.9,Fiber Optic,No,No,2,2,7,7.5,0
C103863,Male,39,52,One Year,UPI,103.91,5090.61,DSL,No,Yes,0,3,31,7.8,0
C103864,Male,37,18,Month-to-Month,Electronic Check,101.4,1849.35,Fiber Optic,Yes,Yes,1,2,4,7.4,1
C103865,Male,47,51,Month-to-Month,Bank Transfer,49.26,2610.03,DSL,No,No,1,2,15,6.5,0
C103866,Male,36,23,Month-to-Month,Electronic Check,107.91,2597.62,Fiber Optic,Yes,No,0,2,22,7.7,0
C103867,Female,26,25,Two Year,Credit Card,87.71,2091.19,DSL,Yes,Yes,1,3,34,4.2,0
C103868,Female,38,60,Month-to-Month,Electronic Check,80.4,4995.75,DSL,Yes,No,2,4,3,6.7,0
C103869,Male,25,37,Month-to-Month,Credit Card,59.86,2152.08,No Internet,Yes,Yes,2,1,18,7.6,0
C103870,Male,18,68,Two Year,Electronic Check,88.45,6070.15,DSL,No,No,1,2,19,8.0,0
C103871,Male,47,18,Month-to-Month,Credit Card,65.81,1186.52,Fiber Optic,No,Yes,2,3,12,6.2,0
C103872,Male,45,29,Month-to-Month,Credit Card,44.69,1207.47,DSL,Yes,No,0,1,12,6.1,0
C103873,Female,44,30,Month-to-Month,Credit Card,91.79,2903.91,Fiber Optic,No,Yes,4,3,10,4.6,1
C103874,Male,54,7,Month-to-Month,Electronic Check,83.21,604.33,No Internet,No,No,0,3,22,7.1,0
C103875,Male,30,41,Month-to-Month,Electronic Check,59.41,2504.75,No Internet,Yes,No,0,3,29,5.3,1
C103876,Male,21,37,One Year,Bank Transfer,74.8,2696.79,Fiber Optic,Yes,No,0,2,7,7.3,0
C103877,Female,37,27,Month-to-Month,Electronic Check,109.96,3202.56,Fiber Optic,No,No,6,5,11,4.3,1
C103878,Female,34,21,Month-to-Month,Credit Card,101.41,1980.65,No Internet,No,No,1,6,8,4.5,0
C103879,Male,28,43,Month-to-Month,Bank Transfer,90.54,3770.13,No Internet,No,Yes,1,2,16,6.9,1
C103880,Male,37,51,Month-to-Month,Credit Card,101.02,4848.38,DSL,Yes,Yes,0,1,14,,0
C103881,Female,31,71,Month-to-Month,Electronic Check,100.49,6832.87,No Internet,Yes,Yes,3,3,12,4.7,0
C103882,Female,18,13,Month-to-Month,Credit Card,55.92,720.71,No Internet,Yes,Yes,1,0,10,7.3,0
C103883,Male,33,53,Month-to-Month,UPI,83.83,4523.22,DSL,No,Yes,0,2,8,7.4,1
C103884,Female,24,63,Month-to-Month,Bank Transfer,77.13,4546.65,DSL,No,Yes,2,1,2,8.3,0
C103885,Female,41,57,Month-to-Month,Credit Card,86.64,5002.48,DSL,Yes,Yes,1,3,5,6.9,0
C103886,Female,30,25,Month-to-Month,Electronic Check,42.06,1098.35,Fiber Optic,Yes,No,0,0,14,7.0,0
C103887,Female,51,13,Month-to-Month,Electronic Check,93.71,1300.05,Fiber Optic,Yes,Yes,1,2,18,6.1,1
C103888,Female,57,37,Month-to-Month,UPI,90.88,3205.81,DSL,No,No,0,3,27,7.9,0
C103889,Male,46,30,Month-to-Month,Bank Transfer,65.79,2097.55,DSL,No,Yes,0,1,6,8.1,0
C103890,Female,19,12,One Year,Electronic Check,95.81,1217.98,Fiber Optic,No,Yes,1,1,12,8.0,0
C103891,Female,56,65,One Year,Electronic Check,109.19,6849.57,No Internet,No,Yes,0,1,31,8.1,0
C103892,Female,57,18,One Year,Electronic Check,47.56,881.76,DSL,Yes,Yes,3,1,5,6.4,0
C103893,Male,38,62,Two Year,UPI,82.65,5282.98,Fiber Optic,No,Yes,0,2,5,6.5,0
C103894,Female,54,24,Two Year,Bank Transfer,89.67,2306.14,Fiber Optic,No,Yes,2,4,22,6.3,1
C103895,Female,31,60,Month-to-Month,UPI,44.42,2550.56,No Internet,No,Yes,3,1,4,5.4,0
C103896,Male,18,17,Month-to-Month,Credit Card,94.28,1498.3,Fiber Optic,No,No,1,2,8,5.4,0
C103897,Female,29,60,Two Year,UPI,56.23,3405.95,DSL,Yes,No,0,1,5,7.1,0
C103898,Female,59,9,Month-to-Month,Electronic Check,46.73,404.23,Fiber Optic,No,No,1,2,8,10.0,0
C103899,Female,20,52,One Year,Credit Card,91.66,4564.86,Fiber Optic,No,Yes,0,0,11,6.8,0
C103900,Male,38,15,Two Year,Credit Card,139.22,2229.68,No Internet,Yes,Yes,2,0,16,7.0,1
C103901,Male,38,28,One Year,UPI,51.87,1504.21,DSL,No,No,1,2,7,6.8,0
C103902,Female,32,9,Month-to-Month,Credit Card,96.06,888.03,DSL,Yes,Yes,2,0,6,7.7,0
C103903,Male,33,56,One Year,Credit Card,82.01,4924.85,Fiber Optic,No,Yes,0,0,19,8.5,0
C103904,Female,39,36,Month-to-Month,Bank Transfer,104.16,3491.2,DSL,Yes,No,1,3,5,7.9,0
C103905,Male,31,56,Two Year,UPI,84.65,4806.49,Fiber Optic,No,No,1,0,8,6.0,0
C103906,Male,21,71,Month-to-Month,UPI,39.18,2776.2,No Internet,No,No,2,1,11,6.5,0
C103907,Male,41,20,Month-to-Month,Credit Card,116.67,2259.53,No Internet,No,Yes,2,1,5,7.2,0
C103908,Female,51,55,One Year,UPI,84.04,4686.27,DSL,Yes,Yes,1,1,22,5.5,0
C103909,Male,48,60,Month-to-Month,Bank Transfer,76.6,4816.81,Fiber Optic,No,Yes,1,1,23,6.8,0
C103910,Male,28,35,Month-to-Month,UPI,111.82,3952.14,Fiber Optic,No,Yes,0,2,20,7.6,1
C103911,Male,23,1,Month-to-Month,UPI,91.19,86.43,Fiber Optic,No,No,2,3,8,6.9,0
C103912,Male,35,45,Month-to-Month,Electronic Check,78.66,3575.79,DSL,Yes,No,1,3,3,8.4,0
C103913,Female,57,69,Two Year,Credit Card,46.51,3053.33,Fiber Optic,No,Yes,1,1,4,7.4,0
C103914,Female,46,40,Month-to-Month,,54.34,2052.27,Fiber Optic,Yes,No,1,2,16,7.5,0
C103915,Male,46,38,Month-to-Month,UPI,87.09,3334.2,DSL,Yes,Yes,1,4,12,6.6,1
C103916,Female,49,24,One Year,Credit Card,68.45,1539.26,DSL,No,Yes,1,3,3,6.6,0
C103917,Male,43,4,Month-to-Month,Electronic Check,102.15,400.51,DSL,Yes,No,2,4,35,5.6,1
C103918,Female,39,69,Month-to-Month,Bank Transfer,46.7,3299.58,No Internet,No,Yes,1,1,5,7.2,0
C103919,Female,46,13,Month-to-Month,Bank Transfer,63.75,839.78,No Internet,No,No,3,2,17,6.0,0
C103920,Female,31,21,Month-to-Month,UPI,80.87,1693.86,DSL,No,Yes,2,2,17,6.6,1
C103921,Male,21,32,Month-to-Month,Bank Transfer,76.64,2351.63,DSL,No,No,2,2,9,5.9,0
C103922,Female,47,38,Month-to-Month,Electronic Check,99.15,3647.37,DSL,No,Yes,1,4,3,6.6,0
C103923,Male,53,32,One Year,UPI,115.11,3518.43,Fiber Optic,No,Yes,0,1,8,7.6,0
C103924,Female,25,57,Month-to-Month,Bank Transfer,72.66,4158.45,DSL,No,No,3,1,20,6.5,0
C103925,Male,48,48,Two Year,Bank Transfer,65.58,3343.12,DSL,No,No,1,0,7,9.6,0
C103926,Female,58,30,One Year,UPI,71.61,2266.14,Fiber Optic,No,No,0,0,13,8.7,0
C103927,Female,38,71,Month-to-Month,Bank Transfer,104.42,7769.51,DSL,Yes,Yes,1,0,8,7.6,0
C103928,Female,28,38,Two Year,Credit Card,97.56,3579.06,DSL,No,Yes,0,0,15,7.1,0
C103929,Male,39,44,Month-to-Month,Electronic Check,68.29,2990.95,Fiber Optic,No,Yes,0,4,30,7.2,0
C103930,Female,31,26,One Year,UPI,87.94,2246.8,Fiber Optic,No,Yes,0,3,20,6.2,0
C103931,Male,31,2,Month-to-Month,Electronic Check,75.66,151.97,DSL,No,No,3,1,27,4.1,1
C103932,Female,43,43,Month-to-Month,Electronic Check,74.33,3168.08,DSL,No,No,1,2,16,5.7,0
C103933,Male,19,43,Two Year,UPI,95.06,4059.37,DSL,No,No,0,3,2,8.9,0
C103934,Male,21,63,Two Year,Credit Card,78.06,4578.08,Fiber Optic,No,No,1,2,5,6.6,0
C103935,Female,38,58,Month-to-Month,Electronic Check,112.7,6224.14,Fiber Optic,No,Yes,2,0,9,7.7,1
C103936,Male,38,48,Month-to-Month,Electronic Check,60.03,2824.18,DSL,No,Yes,2,4,3,7.1,1
C103937,Male,42,5,Two Year,UPI,73.41,351.41,No Internet,Yes,Yes,3,5,13,4.7,0
C103938,Male,61,35,One Year,Bank Transfer,66.31,2460.24,No Internet,Yes,No,0,6,16,7.1,1
C103939,Male,39,16,Month-to-Month,Credit Card,75.72,1289.42,DSL,Yes,Yes,0,2,10,6.4,1
C103940,Female,45,49,Month-to-Month,UPI,97.24,4910.37,DSL,Yes,No,1,4,29,5.1,0
C103941,Female,26,60,Two Year,Credit Card,101.77,6549.25,No Internet,Yes,Yes,2,1,25,5.8,0
C103942,Male,47,51,Two Year,Credit Card,105.01,5020.93,DSL,Yes,Yes,1,3,28,7.3,1
C103943,Male,32,59,Two Year,Electronic Check,61.94,3564.77,Fiber Optic,No,No,1,2,9,6.3,0
C103944,Male,39,64,Month-to-Month,Bank Transfer,62.09,4281.8,DSL,Yes,Yes,2,1,21,6.3,0
C103945,Male,37,13,One Year,Bank Transfer,60.78,809.32,Fiber Optic,No,No,1,1,13,7.7,0
C103946,Female,50,26,Month-to-Month,Electronic Check,93.53,2608.87,DSL,No,Yes,1,1,13,7.0,0
C103947,Female,22,70,One Year,Bank Transfer,97.37,6501.18,DSL,No,Yes,1,3,12,7.9,0
C103948,Male,18,3,One Year,Electronic Check,66.75,198.72,No Internet,No,No,1,0,28,8.2,1
C103949,Male,35,12,Month-to-Month,UPI,95.83,1105.42,Fiber Optic,No,Yes,2,1,21,4.9,0
C103950,Male,44,41,One Year,Electronic Check,66.13,2887.37,DSL,No,No,1,2,1,7.3,0
C103951,Female,40,65,Month-to-Month,Bank Transfer,58.44,3883.76,DSL,No,No,0,3,24,7.3,0
C103952,Female,53,63,Month-to-Month,Bank Transfer,86.13,5582.06,Fiber Optic,No,No,1,4,7,8.1,0
C103953,Male,43,50,Month-to-Month,Bank Transfer,58.91,2994.56,DSL,Yes,Yes,2,3,19,4.3,0
C103954,Male,31,47,One Year,Credit Card,28.4,1397.35,DSL,No,No,2,2,11,6.0,0
C103955,Female,18,8,Month-to-Month,Electronic Check,94.47,756.9,Fiber Optic,No,No,3,2,22,5.1,1
C103956,Female,35,31,Month-to-Month,UPI,65.78,2159.17,Fiber Optic,Yes,No,0,1,24,6.4,0
C103957,Male,50,11,Month-to-Month,Electronic Check,85.91,875.69,Fiber Optic,No,Yes,1,2,9,6.9,0
C103958,Male,33,17,One Year,Bank Transfer,54.6,972.58,DSL,No,Yes,2,0,16,7.1,0
C103959,Male,38,27,Month-to-Month,Electronic Check,94.32,2350.11,DSL,No,No,0,3,19,6.4,0
C103960,Female,43,27,One Year,Electronic Check,95.52,2508.89,DSL,Yes,Yes,2,1,4,6.3,0
C103961,Male,26,56,Two Year,Credit Card,100.87,5605.78,Fiber Optic,No,No,1,1,31,6.7,0
C103962,Male,45,69,Month-to-Month,Credit Card,44.87,3122.49,DSL,Yes,No,3,2,6,5.4,0
C103963,Female,58,47,One Year,UPI,135.03,6756.34,Fiber Optic,Yes,Yes,2,3,16,5.1,1
C103964,Male,36,19,Month-to-Month,UPI,90.92,1837.99,Fiber Optic,No,No,0,3,31,6.2,1
C103965,Female,24,57,Month-to-Month,UPI,99.29,5950.49,Fiber Optic,Yes,Yes,2,3,13,6.0,0
C103966,Male,37,31,Month-to-Month,Bank Transfer,57.73,1928.13,Fiber Optic,No,Yes,3,1,14,6.5,0
C103967,Male,18,16,Month-to-Month,Electronic Check,92.47,1431.75,Fiber Optic,Yes,Yes,2,1,8,6.5,1
C103968,Female,42,45,Two Year,Credit Card,74.7,3490.11,DSL,No,No,1,2,20,6.4,0
C103969,Male,43,27,Two Year,Bank Transfer,48.16,1209.52,No Internet,No,Yes,3,2,18,5.7,0
C103970,Female,58,61,Two Year,Electronic Check,70.46,4173.93,Fiber Optic,No,No,2,2,19,7.7,0
C103971,Female,36,26,Two Year,UPI,119.27,3013.64,Fiber Optic,No,No,2,1,4,6.4,0
C103972,Male,43,29,Month-to-Month,Bank Transfer,59.36,1655.69,No Internet,No,No,2,3,21,8.6,0
C103973,Female,28,44,Month-to-Month,Bank Transfer,71.48,3384.84,No Internet,Yes,No,1,0,8,8.1,0
C103974,Male,34,29,Month-to-Month,Bank Transfer,62.05,1927.46,DSL,No,No,0,2,11,5.9,0
C103975,Female,20,2,One Year,UPI,101.0,198.55,Fiber Optic,No,Yes,1,2,26,6.6,0
C103976,Male,36,6,Month-to-Month,Electronic Check,104.08,611.63,Fiber Optic,No,No,1,3,26,4.3,1
C103977,Female,34,9,Two Year,Credit Card,98.82,887.58,No Internet,No,Yes,0,4,13,9.5,0
C103978,Male,42,15,One Year,Credit Card,81.47,1207.88,No Internet,No,Yes,0,3,24,9.0,1
C103979,Male,31,58,One Year,Credit Card,99.93,5612.33,DSL,No,No,1,1,10,6.3,0
C103980,Female,39,2,Month-to-Month,UPI,56.48,108.68,No Internet,No,No,1,2,10,7.2,0
C103981,Female,34,3,Month-to-Month,Electronic Check,85.53,274.27,Fiber Optic,Yes,Yes,0,0,17,7.8,1
C103982,Male,34,52,Month-to-Month,UPI,83.55,4136.48,Fiber Optic,No,Yes,1,1,9,8.7,1
C103983,Male,39,55,Two Year,Credit Card,111.03,6006.69,Fiber Optic,No,No,1,2,9,7.5,0
C103984,Female,38,53,Month-to-Month,Credit Card,40.71,2223.74,Fiber Optic,Yes,No,0,4,12,6.8,0
C103985,Female,47,72,One Year,Credit Card,47.16,3652.59,DSL,Yes,Yes,0,2,18,8.1,0
C103986,Male,37,40,Two Year,Bank Transfer,41.43,1712.79,No Internet,Yes,No,4,4,3,5.7,0
C103987,Male,34,39,Month-to-Month,Bank Transfer,87.3,3428.5,Fiber Optic,Yes,Yes,1,3,8,6.7,0
C103988,Male,36,43,Month-to-Month,Electronic Check,78.33,3348.56,Fiber Optic,No,No,0,3,8,7.8,0
C103989,Female,29,13,Month-to-Month,Bank Transfer,51.77,688.61,Fiber Optic,Yes,Yes,1,0,5,6.1,0
C103990,Male,34,37,One Year,Electronic Check,106.54,4059.56,Fiber Optic,No,Yes,3,1,7,7.2,0
C103991,Male,62,55,Two Year,Bank Transfer,98.33,5834.64,No Internet,No,Yes,1,2,30,7.3,0
C103992,Female,27,32,Month-to-Month,Bank Transfer,77.94,2433.96,DSL,No,No,2,1,11,6.9,0
C103993,Male,35,14,Month-to-Month,Bank Transfer,45.45,607.02,DSL,No,No,1,3,7,8.7,0
C103994,Male,33,65,Month-to-Month,Electronic Check,147.96,9502.28,Fiber Optic,No,Yes,2,3,17,7.0,0
C103995,Male,35,27,One Year,Electronic Check,98.26,2545.3,DSL,No,Yes,1,2,21,7.4,0
C103996,Male,34,24,Month-to-Month,UPI,100.04,2226.61,DSL,No,No,0,3,40,5.4,1
C103997,Male,41,22,One Year,Credit Card,68.73,1625.11,Fiber Optic,No,Yes,1,2,1,5.8,0
C103998,Female,18,45,Month-to-Month,UPI,64.31,2690.72,Fiber Optic,No,No,0,2,9,8.5,0
C103999,Male,50,8,One Year,Electronic Check,53.44,426.25,DSL,No,Yes,0,0,7,9.4,0
C104000,Female,46,67,Month-to-Month,Bank Transfer,65.42,4367.67,DSL,No,No,1,4,16,5.8,0
C104001,Female,23,64,Month-to-Month,Electronic Check,76.3,4637.39,Fiber Optic,No,No,3,2,11,7.5,0
C104002,Female,18,47,Two Year,Credit Card,79.3,3773.32,Fiber Optic,No,No,2,2,6,6.1,0
C104003,Male,26,21,Month-to-Month,UPI,110.5,2440.95,Fiber Optic,No,Yes,3,0,18,5.2,0
C104004,Male,35,32,Month-to-Month,Electronic Check,97.67,3313.65,No Internet,Yes,Yes,1,1,1,6.5,1
C104005,Male,69,45,One Year,Credit Card,107.46,4731.91,Fiber Optic,No,Yes,0,0,19,8.6,0
C104006,Male,45,44,One Year,Credit Card,112.36,4701.94,Fiber Optic,No,No,2,1,21,,0
C104007,Male,18,41,Month-to-Month,UPI,85.95,3527.88,DSL,No,Yes,0,1,12,9.0,0
C104008,Female,30,52,Month-to-Month,Credit Card,117.79,5754.4,DSL,No,No,2,4,22,5.8,0
C104009,Male,37,11,Month-to-Month,UPI,87.43,1015.63,Fiber Optic,No,No,2,3,11,6.7,1
C104010,Male,41,18,Month-to-Month,Bank Transfer,90.08,1611.14,DSL,Yes,Yes,3,1,8,6.3,0
C104011,Male,22,11,Month-to-Month,Credit Card,69.79,815.56,Fiber Optic,No,Yes,1,5,25,6.1,1
C104012,Female,36,27,Two Year,Credit Card,72.6,1815.2,Fiber Optic,No,Yes,0,2,12,8.8,0
C104013,Male,29,43,Two Year,Electronic Check,91.66,4159.52,Fiber Optic,No,No,0,2,5,7.5,0
C104014,Female,25,65,Month-to-Month,Bank Transfer,73.51,4594.37,DSL,Yes,No,0,2,28,7.2,0
C104015,Male,41,54,Month-to-Month,Credit Card,122.73,7110.43,Fiber Optic,Yes,Yes,2,2,7,5.6,0
C104016,Female,47,29,Month-to-Month,Electronic Check,67.7,1830.47,Fiber Optic,No,Yes,1,1,8,5.1,0
C104017,Female,48,21,Month-to-Month,Bank Transfer,52.03,1151.81,No Internet,No,Yes,1,2,0,8.5,0
C104018,Male,45,29,Two Year,Credit Card,91.57,2669.92,Fiber Optic,Yes,No,0,3,25,5.7,1
C104019,Male,32,9,Month-to-Month,Electronic Check,73.43,628.52,Fiber Optic,Yes,No,2,2,27,3.6,1
C104020,Male,47,61,Month-to-Month,UPI,74.13,4472.15,No Internet,Yes,No,1,1,3,7.9,0
C104021,Male,42,62,Month-to-Month,UPI,98.83,5934.83,Fiber Optic,Yes,Yes,4,0,4,6.5,1
C104022,Female,40,71,Month-to-Month,Electronic Check,98.51,6701.32,Fiber Optic,No,Yes,4,2,16,4.7,0
C104023,Female,31,5,Month-to-Month,UPI,68.75,350.44,DSL,No,Yes,2,1,18,6.0,0
C104024,Female,32,15,One Year,UPI,74.24,1144.85,Fiber Optic,No,No,1,3,12,6.9,0
C104025,Female,39,57,Month-to-Month,Electronic Check,101.88,5441.51,DSL,No,Yes,0,0,27,7.1,0
C104026,Male,67,5,Month-to-Month,Electronic Check,80.87,418.92,DSL,No,Yes,2,0,6,7.6,0
C104027,Male,42,20,Month-to-Month,Bank Transfer,101.22,2018.9,Fiber Optic,No,Yes,3,3,5,6.8,0
C104028,Female,31,4,One Year,UPI,88.35,355.1,Fiber Optic,No,Yes,1,1,5,7.4,0
C104029,Male,28,56,Month-to-Month,UPI,75.03,4365.53,DSL,No,Yes,2,4,13,5.1,0
C104030,Female,32,34,Month-to-Month,Electronic Check,64.58,2171.77,DSL,Yes,Yes,1,0,5,8.8,1
C104031,Male,64,40,Month-to-Month,Electronic Check,88.62,3597.86,DSL,Yes,No,2,2,6,5.9,0
C104032,Male,33,69,Month-to-Month,Credit Card,96.62,6680.69,Fiber Optic,No,Yes,1,2,7,6.7,0
C104033,Female,49,68,Month-to-Month,Electronic Check,68.56,4377.69,Fiber Optic,No,Yes,0,1,2,7.3,0
C104034,Male,33,22,Month-to-Month,Electronic Check,104.02,2261.97,Fiber Optic,No,No,1,2,10,7.8,1
C104035,Female,41,14,Month-to-Month,Bank Transfer,41.33,609.74,DSL,No,No,1,4,2,5.5,0
C104036,Female,48,68,Month-to-Month,Credit Card,108.61,6830.08,Fiber Optic,Yes,No,1,1,14,7.3,0
C104037,Female,31,8,Month-to-Month,Credit Card,63.93,473.27,No Internet,No,Yes,3,3,2,6.7,1
C104038,Female,30,67,One Year,UPI,95.35,6827.17,Fiber Optic,No,Yes,1,0,4,7.7,0
C104039,Female,58,46,One Year,Electronic Check,89.14,4310.48,Fiber Optic,No,Yes,0,2,11,6.1,0
C104040,Female,50,29,Month-to-Month,Credit Card,57.76,1541.98,DSL,Yes,Yes,0,2,5,6.5,1
C104041,Male,47,12,Month-to-Month,Bank Transfer,77.12,989.78,Fiber Optic,Yes,No,3,3,19,6.6,1
C104042,Male,47,52,One Year,Credit Card,110.13,5541.44,DSL,No,Yes,4,0,32,4.5,0
C104043,Female,44,58,Two Year,Bank Transfer,92.81,5340.33,No Internet,Yes,No,1,2,29,6.4,0
C104044,Male,62,2,One Year,UPI,107.37,205.65,No Internet,No,Yes,1,4,22,8.0,0
C104045,Male,39,1,Month-to-Month,Credit Card,72.7,68.94,Fiber Optic,No,Yes,2,7,3,5.1,1
C104046,Male,45,55,One Year,Bank Transfer,69.46,3589.74,Fiber Optic,Yes,No,1,2,5,7.0,0
C104047,Female,21,34,Month-to-Month,Electronic Check,73.88,2591.04,No Internet,Yes,Yes,1,2,15,6.5,0
C104048,Female,28,64,Month-to-Month,Electronic Check,73.95,4364.82,DSL,No,No,2,3,30,5.4,1
C104049,Male,24,68,Month-to-Month,Credit Card,71.34,4764.88,Fiber Optic,Yes,Yes,0,1,11,8.6,0
C104050,Female,53,12,Month-to-Month,UPI,80.51,959.08,DSL,Yes,Yes,1,4,20,5.8,0
C104051,Female,18,50,Month-to-Month,Credit Card,87.75,4242.13,DSL,Yes,Yes,0,2,12,7.4,1
C104052,Female,33,21,Month-to-Month,Credit Card,109.66,2210.85,Fiber Optic,Yes,No,0,2,5,7.3,0
C104053,Female,18,10,Month-to-Month,Bank Transfer,77.19,786.05,No Internet,No,No,2,2,7,4.7,0
C104054,Female,28,70,Two Year,Electronic Check,93.67,6901.3,Fiber Optic,Yes,No,2,3,10,6.0,1
C104055,Male,32,14,Month-to-Month,Bank Transfer,57.52,806.0,DSL,No,No,1,0,30,6.9,0
C104056,Female,55,40,Month-to-Month,Electronic Check,45.0,1860.99,DSL,No,Yes,2,2,26,6.6,1
C104057,Male,43,30,Two Year,Bank Transfer,110.36,3433.25,Fiber Optic,No,No,1,2,20,6.0,0
C104058,Female,28,14,One Year,Bank Transfer,77.25,1151.99,DSL,Yes,No,2,5,10,7.5,0
C104059,Female,51,52,Month-to-Month,Credit Card,95.92,5174.24,DSL,Yes,No,1,3,7,7.2,0
C104060,Male,38,17,One Year,UPI,81.41,1333.24,Fiber Optic,No,Yes,1,3,11,6.6,0
C104061,Male,38,62,Month-to-Month,Electronic Check,64.61,3807.02,Fiber Optic,Yes,Yes,1,1,24,7.1,0
C104062,Female,24,22,Month-to-Month,Electronic Check,49.18,1152.61,DSL,No,Yes,2,3,10,6.5,1
C104063,Male,26,53,Two Year,Credit Card,55.86,3086.87,No Internet,No,No,2,5,6,4.8,0
C104064,Female,28,32,Month-to-Month,UPI,54.05,1764.29,No Internet,Yes,No,1,6,14,5.6,0
C104065,Male,39,55,Two Year,Credit Card,96.24,5672.81,Fiber Optic,No,No,0,3,14,7.1,0
C104066,Male,39,22,Month-to-Month,UPI,72.65,1642.57,DSL,Yes,No,3,1,3,6.7,1
C104067,Female,57,38,One Year,Bank Transfer,105.97,4114.02,Fiber Optic,Yes,No,1,4,3,6.8,0
C104068,Female,43,50,Month-to-Month,Bank Transfer,78.95,4180.49,Fiber Optic,No,No,3,3,17,3.1,0
C104069,Female,18,66,Two Year,UPI,110.18,7607.25,DSL,No,Yes,4,1,25,5.0,0
C104070,Male,41,45,Month-to-Month,Bank Transfer,98.91,4305.83,Fiber Optic,No,No,0,4,20,6.3,0
C104071,Female,21,8,Two Year,Bank Transfer,78.84,630.66,No Internet,Yes,Yes,1,6,16,7.0,0
C104072,Female,26,65,Month-to-Month,Bank Transfer,65.28,4350.28,DSL,Yes,Yes,2,1,7,6.4,0
C104073,Female,28,40,One Year,Bank Transfer,123.73,4740.02,Fiber Optic,Yes,Yes,3,1,30,5.2,0
C104074,Female,30,5,One Year,Electronic Check,70.78,361.78,DSL,Yes,Yes,2,1,14,6.7,0
C104075,Female,21,45,Month-to-Month,Bank Transfer,94.65,4421.07,No Internet,No,Yes,0,0,6,6.7,0
C104076,Male,40,46,One Year,Bank Transfer,108.14,4787.19,Fiber Optic,No,Yes,0,0,13,8.6,1
C104077,Male,21,36,Month-to-Month,Bank Transfer,118.7,4115.79,Fiber Optic,No,Yes,0,1,15,,0
C104078,Female,42,17,Month-to-Month,Electronic Check,65.15,1194.98,Fiber Optic,Yes,No,0,2,6,7.0,1
C104079,Male,65,41,One Year,Bank Transfer,138.7,5564.57,Fiber Optic,No,No,1,1,12,8.5,0
C104080,Female,22,30,Two Year,Electronic Check,120.25,3335.34,No Internet,Yes,Yes,1,4,3,8.1,0
C104081,Male,35,52,One Year,UPI,102.04,5025.94,Fiber Optic,No,Yes,0,4,15,5.6,1
C104082,Female,18,20,Month-to-Month,Electronic Check,59.47,1237.73,Fiber Optic,No,Yes,0,2,15,9.0,0
C104083,Female,34,36,Month-to-Month,Bank Transfer,93.23,3449.6,DSL,No,No,2,3,9,5.0,1
C104084,Male,46,66,Two Year,Credit Card,93.73,6517.59,DSL,Yes,No,1,3,18,6.9,0
C104085,Male,47,45,Two Year,Bank Transfer,51.32,2367.87,DSL,No,Yes,1,1,19,7.1,0
C104086,Male,39,4,One Year,Credit Card,81.47,331.49,Fiber Optic,No,No,3,1,15,6.3,1
C104087,Female,49,50,Month-to-Month,Bank Transfer,116.05,6003.11,Fiber Optic,No,Yes,1,2,9,8.0,0
C104088,Female,69,55,Month-to-Month,Electronic Check,32.13,1880.56,No Internet,No,Yes,2,2,34,6.0,0
C104089,Male,59,59,Month-to-Month,UPI,93.21,5693.73,Fiber Optic,No,No,2,0,14,6.9,0
C104090,Female,32,42,Two Year,Electronic Check,81.43,3205.11,DSL,No,No,0,5,9,7.9,0
C104091,Male,21,2,Two Year,UPI,50.55,105.88,No Internet,Yes,No,1,3,6,8.1,0
C104092,Male,33,46,One Year,Credit Card,102.4,5074.45,Fiber Optic,No,Yes,0,2,10,7.6,0
C104093,Female,27,2,Two Year,Electronic Check,75.97,139.85,No Internet,No,No,0,3,23,6.4,0
C104094,Male,43,50,Month-to-Month,Bank Transfer,89.76,4482.07,Fiber Optic,Yes,Yes,4,4,20,5.2,1
C104095,Male,24,1,One Year,Bank Transfer,88.3,81.75,No Internet,Yes,Yes,0,2,18,7.8,0
C104096,Male,37,13,Month-to-Month,Bank Transfer,77.71,1083.8,DSL,No,Yes,1,0,27,6.3,1
C104097,Male,48,70,Month-to-Month,Electronic Check,86.08,6467.64,Fiber Optic,Yes,Yes,1,2,23,5.6,0
C104098,Male,37,22,One Year,UPI,66.2,1486.69,DSL,No,No,0,0,20,6.6,0
C104099,Male,27,17,Month-to-Month,Bank Transfer,84.16,1432.18,No Internet,No,Yes,2,5,7,5.2,1
C104100,Female,52,59,One Year,Credit Card,58.49,3193.39,DSL,Yes,No,2,3,13,5.5,0
C104101,Male,18,70,One Year,Bank Transfer,120.87,9092.32,DSL,Yes,No,2,3,8,6.1,0
C104102,Female,34,3,Two Year,Electronic Check,59.17,190.89,DSL,Yes,Yes,2,1,14,7.8,0
C104103,Male,38,70,One Year,Electronic Check,91.77,,DSL,No,Yes,0,1,3,8.0,0
C104104,Male,38,49,Month-to-Month,,62.47,2830.31,Fiber Optic,No,No,1,0,14,7.2,0
C104105,Female,40,50,Month-to-Month,UPI,153.41,8033.88,DSL,No,Yes,1,0,3,6.9,0
C104106,Female,45,35,Month-to-Month,Electronic Check,63.94,2260.08,DSL,Yes,Yes,1,5,32,5.0,1
C104107,Male,38,23,Month-to-Month,Bank Transfer,130.61,3230.69,Fiber Optic,Yes,Yes,1,2,6,6.9,0
C104108,Female,34,72,Month-to-Month,Electronic Check,72.26,5354.3,Fiber Optic,No,No,0,2,13,7.3,0
C104109,Female,33,7,Month-to-Month,Electronic Check,98.16,737.24,No Internet,Yes,Yes,0,2,11,8.3,1
C104110,Female,31,50,One Year,Electronic Check,90.37,4232.36,Fiber Optic,Yes,Yes,0,2,20,6.9,0
C104111,Male,47,10,Month-to-Month,UPI,92.53,963.18,Fiber Optic,Yes,No,0,2,11,8.3,0
C104112,Male,30,55,Month-to-Month,Electronic Check,99.09,5783.68,Fiber Optic,Yes,Yes,0,2,11,7.7,0
C104113,Male,48,19,Month-to-Month,Electronic Check,106.12,2060.14,Fiber Optic,Yes,Yes,0,0,11,7.6,1
C104114,Female,38,23,Month-to-Month,Electronic Check,98.23,2274.21,Fiber Optic,No,No,1,2,15,8.1,0
C104115,Male,32,64,Month-to-Month,Credit Card,82.02,5480.31,Fiber Optic,No,No,1,1,16,7.1,0
C104116,Female,45,33,Month-to-Month,UPI,77.38,2698.56,No Internet,No,No,1,0,22,6.1,0
C104117,Male,29,66,Month-to-Month,UPI,92.78,6244.3,Fiber Optic,Yes,Yes,1,1,14,7.0,0
C104118,Male,46,9,Month-to-Month,Electronic Check,80.45,751.28,No Internet,No,Yes,2,1,6,6.2,1
C104119,Female,41,29,Month-to-Month,Electronic Check,82.11,2343.05,Fiber Optic,Yes,No,0,6,19,7.2,0
C104120,Male,31,18,Month-to-Month,Bank Transfer,90.73,1593.42,DSL,No,Yes,1,4,21,6.9,1
C104121,Female,44,71,Month-to-Month,Credit Card,72.78,4922.68,DSL,No,Yes,3,2,9,4.9,0
C104122,Female,45,29,Month-to-Month,UPI,101.72,3008.93,DSL,No,Yes,0,3,17,7.0,0
C104123,Female,52,61,One Year,Electronic Check,114.44,7335.86,Fiber Optic,No,No,0,3,6,6.8,0
C104124,Female,50,5,Month-to-Month,Credit Card,68.78,352.9,DSL,No,No,1,0,3,7.0,0
C104125,Female,44,69,One Year,Electronic Check,102.31,6937.88,Fiber Optic,No,Yes,3,0,8,7.1,0
C104126,Female,24,56,Month-to-Month,UPI,82.87,5002.49,Fiber Optic,No,Yes,0,3,21,6.8,0
C104127,Female,67,52,Two Year,Electronic Check,75.63,3622.02,Fiber Optic,No,Yes,4,2,26,3.6,0
C104128,Male,21,15,Month-to-Month,Electronic Check,77.32,1124.52,Fiber Optic,No,Yes,1,1,12,6.3,0
C104129,Male,49,20,One Year,Credit Card,68.78,1478.65,Fiber Optic,Yes,No,3,3,4,4.7,0
C104130,Male,43,16,Month-to-Month,Electronic Check,46.72,733.81,DSL,No,Yes,0,4,27,8.9,0
C104131,Male,24,25,Month-to-Month,Electronic Check,124.42,3170.3,No Internet,No,No,2,2,17,6.2,1
C104132,Female,37,57,One Year,Electronic Check,88.85,4853.52,Fiber Optic,Yes,Yes,4,3,9,4.6,0
C104133,Female,37,21,Month-to-Month,UPI,91.81,1986.62,Fiber Optic,No,No,2,2,15,6.6,0
C104134,Female,54,5,Month-to-Month,Credit Card,77.78,398.15,Fiber Optic,No,Yes,4,4,11,5.3,1
C104135,Male,29,9,Two Year,Credit Card,73.03,669.59,DSL,Yes,Yes,2,0,33,7.6,0
C104136,Female,35,11,Two Year,UPI,47.87,516.13,No Internet,No,No,2,1,15,5.7,0
C104137,Male,18,65,One Year,UPI,107.69,7510.93,Fiber Optic,Yes,Yes,1,4,9,7.1,0
C104138,Female,59,63,Two Year,Bank Transfer,69.17,4457.84,No Internet,Yes,Yes,1,2,23,6.9,0
C104139,Female,25,26,Month-to-Month,Bank Transfer,132.13,3211.59,Fiber Optic,No,Yes,1,4,10,5.1,1
C104140,Male,42,19,One Year,UPI,79.78,1573.15,Fiber Optic,Yes,Yes,1,0,18,8.1,0
C104141,Male,37,16,Month-to-Month,Electronic Check,94.27,1464.77,Fiber Optic,No,No,2,1,17,5.9,1
C104142,Male,37,56,Month-to-Month,Bank Transfer,62.42,3400.52,Fiber Optic,No,No,2,4,2,6.4,0
C104143,Female,48,68,One Year,Electronic Check,90.63,5892.48,Fiber Optic,No,Yes,0,0,7,7.4,0
C104144,Female,58,30,Month-to-Month,,46.27,1420.96,Fiber Optic,Yes,No,2,1,15,6.2,0
C104145,Female,41,7,One Year,Electronic Check,55.65,417.96,DSL,No,Yes,2,4,26,6.7,0
C104146,Male,46,12,Month-to-Month,Bank Transfer,119.2,1503.32,Fiber Optic,No,Yes,1,2,4,7.3,1
C104147,Male,42,24,Month-to-Month,UPI,117.7,3016.48,Fiber Optic,Yes,No,0,1,6,7.6,0
C104148,Female,50,22,Two Year,Bank Transfer,93.01,2187.24,Fiber Optic,Yes,Yes,3,4,15,5.9,0
C104149,Female,32,47,Two Year,Credit Card,81.54,3526.74,DSL,Yes,Yes,1,2,6,6.8,0
C104150,Male,51,30,Month-to-Month,Credit Card,110.17,3370.85,Fiber Optic,Yes,Yes,0,5,14,7.3,1
C104151,Male,51,60,One Year,Bank Transfer,96.26,6173.04,Fiber Optic,Yes,Yes,0,2,24,7.0,0
C104152,Female,51,39,Month-to-Month,Bank Transfer,73.77,2900.7,Fiber Optic,No,Yes,0,3,10,7.3,0
C104153,Male,30,20,Month-to-Month,Credit Card,107.34,2208.69,Fiber Optic,No,Yes,2,0,14,7.4,0
C104154,Male,36,26,Two Year,Electronic Check,93.74,2412.57,DSL,Yes,Yes,1,3,9,7.1,1
C104155,Male,41,49,Month-to-Month,Bank Transfer,121.38,6282.45,Fiber Optic,Yes,Yes,0,1,23,9.8,0
C104156,Female,22,69,Month-to-Month,Electronic Check,115.5,7540.2,Fiber Optic,No,Yes,2,1,4,6.8,1
C104157,Female,57,42,Month-to-Month,Credit Card,40.33,1583.32,DSL,No,Yes,1,2,9,4.6,0
C104158,Female,38,6,Month-to-Month,UPI,59.8,351.49,No Internet,Yes,Yes,1,3,9,7.2,0
C104159,Female,41,53,Month-to-Month,Electronic Check,135.87,6715.91,No Internet,No,No,0,2,11,9.1,0
C104160,Male,31,34,One Year,Electronic Check,67.07,2149.61,No Internet,Yes,No,0,4,19,5.6,0
C104161,Male,22,69,Month-to-Month,UPI,79.65,5194.67,DSL,No,Yes,0,1,18,9.8,0
C104162,Female,31,10,Month-to-Month,UPI,78.66,724.3,No Internet,Yes,Yes,0,0,12,6.7,1
C104163,Male,41,28,Month-to-Month,Credit Card,68.05,2001.16,DSL,Yes,No,1,1,4,7.5,0
C104164,Female,46,3,Month-to-Month,Electronic Check,124.77,397.82,DSL,No,Yes,3,3,9,6.7,1
C104165,Male,40,48,Month-to-Month,Credit Card,83.87,3729.52,No Internet,No,Yes,0,3,26,5.7,0
C104166,Male,42,66,Month-to-Month,Credit Card,58.79,3714.4,DSL,No,Yes,2,4,10,6.4,0
C104167,Male,34,35,Month-to-Month,UPI,68.85,2348.48,No Internet,No,No,2,2,3,6.4,1
C104168,Male,44,52,Month-to-Month,Electronic Check,107.51,5857.29,Fiber Optic,No,No,0,1,16,8.7,0
C104169,Male,56,62,Month-to-Month,Bank Transfer,73.2,4344.71,Fiber Optic,No,Yes,1,7,9,5.9,0
C104170,Male,46,52,One Year,UPI,100.45,5139.19,Fiber Optic,No,No,4,3,5,4.2,0
C104171,Female,48,47,Month-to-Month,Credit Card,77.54,3920.63,Fiber Optic,Yes,Yes,4,1,10,4.8,0
C104172,Male,42,54,Month-to-Month,Electronic Check,76.93,4372.07,No Internet,No,Yes,1,1,5,7.9,0
C104173,Female,20,28,Month-to-Month,UPI,110.51,2896.08,No Internet,No,Yes,1,2,25,6.2,1
C104174,Female,25,23,Two Year,Bank Transfer,93.4,2086.17,DSL,No,No,1,4,1,5.7,0
C104175,Female,43,35,Two Year,Electronic Check,104.06,3686.95,Fiber Optic,No,Yes,0,4,14,6.4,0
C104176,Female,38,32,Two Year,Bank Transfer,64.54,2125.71,Fiber Optic,No,No,2,0,13,6.0,0
C104177,Female,43,2,Two Year,UPI,99.72,204.06,DSL,Yes,No,3,3,14,5.3,0
C104178,Male,58,16,One Year,Electronic Check,54.76,817.9,DSL,No,No,0,0,4,9.3,0
C104179,Male,47,16,Two Year,Electronic Check,87.0,1501.85,Fiber Optic,No,Yes,3,3,14,6.3,1
C104180,Male,53,51,One Year,Electronic Check,90.59,4385.73,Fiber Optic,Yes,No,2,3,37,6.1,0
C104181,Female,39,67,Month-to-Month,UPI,105.99,6732.95,DSL,No,No,2,5,3,5.6,0
C104182,Female,28,54,Month-to-Month,,83.69,4332.63,DSL,No,No,3,3,5,5.5,1
C104183,Male,37,20,One Year,Electronic Check,92.91,1831.65,Fiber Optic,No,No,1,2,28,5.9,0
C104184,Male,28,33,Two Year,Electronic Check,75.38,2416.24,Fiber Optic,Yes,Yes,1,4,9,9.4,0
C104185,Female,57,8,Month-to-Month,UPI,101.69,815.09,DSL,Yes,No,0,4,7,7.5,0
C104186,Male,47,24,Month-to-Month,Electronic Check,93.79,2398.89,Fiber Optic,No,Yes,0,6,25,3.1,1
C104187,Female,44,53,One Year,Bank Transfer,43.0,2111.44,No Internet,No,Yes,1,2,15,5.9,0
C104188,Female,53,64,One Year,Electronic Check,140.51,8829.95,Fiber Optic,No,No,2,4,19,7.0,0
C104189,Female,18,58,Two Year,Bank Transfer,57.91,3619.87,No Internet,No,No,4,3,11,5.8,0
C104190,Female,45,37,Two Year,Bank Transfer,54.81,1946.19,Fiber Optic,Yes,No,0,3,15,9.4,0
C104191,Female,22,12,Month-to-Month,Electronic Check,71.44,900.97,DSL,Yes,Yes,2,2,10,4.7,0
C104192,Male,38,4,Month-to-Month,Electronic Check,118.14,464.39,Fiber Optic,Yes,Yes,2,1,2,7.8,0
C104193,Female,34,31,Month-to-Month,Electronic Check,127.58,4214.59,No Internet,No,No,0,4,14,5.4,0
C104194,Female,46,38,Two Year,Credit Card,95.36,3703.09,Fiber Optic,No,Yes,1,2,2,7.1,0
C104195,Male,41,37,Month-to-Month,Bank Transfer,96.2,3783.37,DSL,No,Yes,0,3,9,7.0,0
C104196,Male,54,14,Month-to-Month,Electronic Check,66.24,947.35,No Internet,No,No,1,2,35,6.3,1
C104197,Male,31,24,Month-to-Month,Bank Transfer,122.43,3121.8,Fiber Optic,Yes,Yes,2,0,22,5.0,0
C104198,Male,47,10,Month-to-Month,Electronic Check,62.97,670.41,DSL,No,No,1,2,11,5.4,0
C104199,Female,40,38,Month-to-Month,Credit Card,100.38,3692.12,No Internet,No,Yes,2,1,5,5.1,0
C104200,Female,18,43,Two Year,Electronic Check,142.27,6449.24,Fiber Optic,Yes,Yes,0,1,10,6.4,0
C104201,Male,27,37,One Year,Electronic Check,104.84,4090.13,DSL,No,Yes,3,3,25,7.1,1
C104202,Male,36,42,Two Year,Electronic Check,88.21,3826.38,DSL,No,Yes,2,1,38,5.0,0
C104203,Female,51,32,Month-to-Month,Credit Card,68.05,2087.41,DSL,No,Yes,3,2,13,5.7,0
C104204,Male,44,14,One Year,Electronic Check,78.96,1036.08,Fiber Optic,No,No,4,1,3,5.9,0
C104205,Male,24,4,Month-to-Month,UPI,42.72,174.11,DSL,No,Yes,1,3,32,7.6,0
C104206,Female,36,24,Month-to-Month,UPI,99.33,2442.63,Fiber Optic,Yes,Yes,4,1,15,5.9,1
C104207,Female,62,10,Month-to-Month,UPI,82.46,886.64,DSL,Yes,No,1,3,2,6.0,1
C104208,Male,39,16,One Year,UPI,64.36,1012.98,Fiber Optic,No,Yes,1,0,11,8.3,0
C104209,Male,34,39,Month-to-Month,UPI,92.95,3754.23,Fiber Optic,No,No,2,2,11,6.1,0
C104210,Male,44,18,Month-to-Month,Electronic Check,76.94,1468.94,DSL,No,Yes,2,1,13,7.7,1
C104211,Female,47,25,Month-to-Month,Credit Card,48.38,1267.33,DSL,No,No,0,2,1,9.1,0
C104212,Female,33,7,Month-to-Month,Credit Card,72.88,502.35,Fiber Optic,No,No,3,4,14,5.7,0
C104213,Male,44,56,Month-to-Month,Credit Card,50.78,2725.14,DSL,Yes,No,2,2,7,7.6,0
C104214,Female,34,47,Month-to-Month,UPI,75.52,3283.65,DSL,Yes,Yes,1,3,9,6.2,0
C104215,Female,47,3,Month-to-Month,Credit Card,83.35,260.38,DSL,Yes,Yes,2,2,13,7.8,0
C104216,Male,40,1,Month-to-Month,Bank Transfer,56.52,55.48,DSL,Yes,No,1,5,18,,0
C104217,Male,44,33,Month-to-Month,Bank Transfer,54.91,1812.57,Fiber Optic,No,Yes,2,3,10,4.5,1
C104218,Female,29,71,Two Year,UPI,96.4,7372.56,DSL,No,Yes,1,2,24,6.1,0
C104219,Male,28,59,Month-to-Month,Bank Transfer,68.55,3723.99,Fiber Optic,No,Yes,0,4,8,6.4,0
C104220,Male,49,72,Month-to-Month,Credit Card,89.59,6218.79,No Internet,No,No,0,2,8,6.1,0
C104221,Female,37,32,Month-to-Month,Electronic Check,78.98,2721.91,DSL,No,Yes,2,6,8,6.8,1
C104222,Female,41,17,One Year,UPI,102.7,1742.54,Fiber Optic,No,Yes,3,2,7,6.2,1
C104223,Female,34,17,One Year,UPI,80.22,1459.24,Fiber Optic,No,No,0,3,15,7.2,0
C104224,Female,49,21,Month-to-Month,UPI,119.55,2651.7,Fiber Optic,No,Yes,1,2,3,7.7,0
C104225,Female,31,55,One Year,,142.07,8078.46,Fiber Optic,Yes,Yes,1,3,16,7.3,0
C104226,Male,36,6,Two Year,Credit Card,90.83,563.62,DSL,Yes,Yes,0,4,9,6.1,0
C104227,Female,47,49,Two Year,Credit Card,37.8,1705.4,No Internet,No,Yes,1,5,20,7.1,0
C104228,Male,52,26,Month-to-Month,UPI,96.36,2424.07,DSL,No,No,5,0,19,4.7,1
C104229,Male,32,32,Two Year,Electronic Check,66.61,2111.35,DSL,No,Yes,1,2,3,8.6,0
C104230,Female,62,72,One Year,Credit Card,25.0,1805.7,DSL,No,No,0,4,11,7.8,0
C104231,Female,42,44,One Year,Credit Card,74.5,3248.55,DSL,No,Yes,2,1,15,7.6,0
C104232,Male,25,59,One Year,Bank Transfer,118.2,6902.93,Fiber Optic,No,Yes,3,1,11,5.7,0
C104233,Female,42,29,Two Year,Bank Transfer,97.1,2979.27,No Internet,No,No,1,2,7,6.7,0
C104234,Male,33,17,Two Year,Credit Card,82.09,1500.39,Fiber Optic,Yes,Yes,2,3,13,7.8,0
C104235,Male,43,18,Month-to-Month,Electronic Check,115.39,2192.35,No Internet,No,No,1,1,6,6.3,1
C104236,Male,37,40,Month-to-Month,Electronic Check,72.26,2978.8,Fiber Optic,No,Yes,2,5,2,5.9,1
C104237,Female,39,63,Two Year,Bank Transfer,118.37,7739.25,DSL,No,No,0,3,11,8.9,0
C104238,Female,27,45,Month-to-Month,UPI,78.64,3673.18,Fiber Optic,No,Yes,2,1,11,5.7,0
C104239,Male,50,3,Month-to-Month,Electronic Check,81.64,256.66,Fiber Optic,No,Yes,0,2,22,6.7,0
C104240,Female,24,3,Month-to-Month,Electronic Check,38.45,107.15,No Internet,Yes,Yes,0,3,18,5.1,0
C104241,Male,25,38,One Year,Bank Transfer,71.99,2549.5,DSL,Yes,Yes,1,0,2,8.5,0
C104242,Female,42,40,One Year,Credit Card,94.91,3551.84,Fiber Optic,No,No,1,3,27,,0
C104243,Male,57,68,Month-to-Month,Electronic Check,85.7,6210.99,Fiber Optic,Yes,Yes,1,1,16,7.2,0
C104244,Male,34,54,One Year,Credit Card,39.95,2199.34,No Internet,No,No,1,1,19,5.6,0
C104245,Female,46,20,Two Year,Bank Transfer,85.21,1692.02,No Internet,Yes,Yes,2,2,26,6.2,0
C104246,Male,51,15,Month-to-Month,Electronic Check,85.54,1338.58,Fiber Optic,Yes,No,0,1,15,7.3,0
C104247,Male,48,5,Month-to-Month,UPI,86.69,414.04,Fiber Optic,Yes,No,2,1,23,5.5,1
C104248,Female,34,39,Two Year,Credit Card,106.61,4360.7,Fiber Optic,No,Yes,0,1,8,8.2,0
C104249,Female,25,40,Two Year,Credit Card,90.27,3521.75,Fiber Optic,No,Yes,3,5,17,7.6,0
C104250,Male,18,7,Month-to-Month,Credit Card,78.8,563.47,DSL,No,No,3,3,17,5.0,1
C104251,Male,35,72,One Year,Bank Transfer,112.99,8769.77,DSL,No,Yes,2,4,17,6.3,0
C104252,Male,52,33,One Year,UPI,70.85,2177.89,Fiber Optic,No,No,3,2,12,7.6,0
C104253,Male,25,37,Month-to-Month,Credit Card,109.71,4356.4,Fiber Optic,No,Yes,2,3,7,7.0,1
C104254,Male,46,32,Two Year,Electronic Check,88.05,2938.33,Fiber Optic,No,No,3,2,4,6.0,0
C104255,Female,27,43,Month-to-Month,Electronic Check,72.42,3086.87,Fiber Optic,Yes,No,0,3,12,7.5,0
C104256,Female,39,63,One Year,Electronic Check,121.05,7141.16,Fiber Optic,Yes,Yes,2,3,3,8.9,0
C104257,Male,46,36,Month-to-Month,Bank Transfer,65.29,2204.41,DSL,No,Yes,0,1,4,9.1,0
C104258,Male,30,49,Two Year,Bank Transfer,98.64,4897.11,Fiber Optic,No,No,1,3,4,6.7,0
C104259,Male,40,25,Month-to-Month,Credit Card,51.62,1295.75,DSL,No,No,2,3,37,6.8,0
C104260,Male,33,66,Month-to-Month,UPI,63.45,4211.42,Fiber Optic,No,Yes,0,3,6,6.6,0
C104261,Female,46,9,Month-to-Month,Bank Transfer,100.91,875.92,DSL,No,Yes,1,1,15,6.4,1
C104262,Male,41,18,Month-to-Month,Credit Card,28.13,473.27,DSL,Yes,No,0,2,9,10.0,0
C104263,Male,39,22,Two Year,Electronic Check,50.1,1155.01,DSL,Yes,Yes,1,2,8,5.2,0
C104264,Female,57,15,Month-to-Month,Credit Card,111.54,1598.62,DSL,Yes,Yes,1,2,21,6.0,0
C104265,Male,46,7,One Year,Credit Card,139.83,1001.58,Fiber Optic,Yes,Yes,1,0,5,7.9,1
C104266,Female,30,13,Two Year,Credit Card,102.83,1307.88,DSL,Yes,No,1,1,2,,0
C104267,Male,37,36,One Year,Bank Transfer,49.65,1825.73,DSL,No,No,0,4,8,8.8,0
C104268,Female,37,16,Month-to-Month,Electronic Check,91.52,1527.44,DSL,Yes,Yes,1,4,41,5.6,1
C104269,Female,39,41,One Year,Electronic Check,52.98,2065.82,Fiber Optic,Yes,No,1,1,22,6.7,0
C104270,Female,68,21,Month-to-Month,UPI,79.74,1544.25,Fiber Optic,No,No,4,5,20,5.5,0
C104271,Female,42,28,Month-to-Month,UPI,75.63,2042.8,Fiber Optic,No,Yes,2,2,29,6.4,0
C104272,Male,18,17,Month-to-Month,UPI,120.71,2203.52,Fiber Optic,No,Yes,2,1,11,7.1,0
C104273,Male,31,65,One Year,UPI,82.94,5117.76,Fiber Optic,Yes,No,1,1,26,7.7,0
C104274,Female,18,13,One Year,Electronic Check,39.11,506.26,Fiber Optic,No,Yes,2,2,18,6.6,0
C104275,Female,34,36,Month-to-Month,Credit Card,86.29,3043.51,DSL,No,No,0,2,16,7.5,0
C104276,Male,18,58,Month-to-Month,UPI,66.96,3765.33,DSL,No,No,0,8,21,6.3,0
C104277,Male,28,20,One Year,UPI,80.47,1668.86,Fiber Optic,Yes,Yes,2,3,6,4.9,0
C104278,Male,20,52,Month-to-Month,Electronic Check,115.86,6238.41,Fiber Optic,No,No,0,2,9,6.3,0
C104279,Male,43,6,Month-to-Month,Credit Card,76.84,481.7,DSL,No,No,1,2,1,9.8,1
C104280,Male,38,23,Two Year,Electronic Check,44.58,998.96,DSL,No,No,2,1,8,6.2,0
C104281,Female,42,42,Month-to-Month,Bank Transfer,63.72,2615.95,DSL,No,No,2,1,13,5.0,0
C104282,Male,37,24,Month-to-Month,Bank Transfer,67.88,1641.44,No Internet,No,Yes,2,0,3,8.0,0
C104283,Male,21,5,Two Year,Bank Transfer,76.7,353.05,DSL,No,Yes,1,3,23,6.3,0
C104284,Female,44,32,Month-to-Month,Credit Card,57.55,1975.32,DSL,Yes,No,2,5,19,3.9,0
C104285,Female,61,46,One Year,Credit Card,91.26,4019.6,Fiber Optic,No,Yes,1,1,28,7.2,0
C104286,Female,43,17,One Year,Electronic Check,89.63,1443.83,DSL,Yes,Yes,0,4,12,7.1,0
C104287,Female,33,27,Month-to-Month,Credit Card,87.81,2422.98,No Internet,No,No,1,2,6,6.8,0
C104288,Male,21,68,Two Year,UPI,95.88,6882.97,Fiber Optic,Yes,Yes,1,2,5,5.6,0
C104289,Female,27,23,One Year,Electronic Check,77.69,1827.45,DSL,Yes,No,3,1,13,5.8,0
C104290,Female,43,34,Month-to-Month,Credit Card,94.43,3276.99,Fiber Optic,No,No,3,2,16,7.3,0
C104291,Male,51,21,Month-to-Month,Bank Transfer,105.87,2219.14,No Internet,No,No,3,2,5,6.8,0
C104292,Female,41,22,Two Year,Credit Card,42.1,984.1,DSL,No,Yes,5,3,16,4.7,1
C104293,Female,48,65,One Year,UPI,78.52,5485.33,Fiber Optic,Yes,Yes,1,2,20,5.2,1
C104294,Male,46,32,Month-to-Month,Credit Card,85.28,2770.56,No Internet,Yes,Yes,1,4,9,5.7,0
C104295,Male,44,62,Two Year,UPI,75.8,4382.94,No Internet,Yes,Yes,0,2,9,7.8,0
C104296,Male,30,28,Month-to-Month,UPI,67.74,1775.6,Fiber Optic,No,No,0,4,12,6.9,0
C104297,Male,40,7,One Year,Electronic Check,44.39,306.71,Fiber Optic,No,Yes,1,2,13,6.7,0
C104298,Male,28,54,Two Year,Credit Card,100.52,5421.33,DSL,No,Yes,2,3,9,6.3,1
C104299,Female,38,70,Month-to-Month,Electronic Check,90.29,6462.45,DSL,Yes,No,2,4,9,,0
C104300,Male,42,14,One Year,Credit Card,48.85,737.88,No Internet,No,No,0,2,14,6.6,0
C104301,Female,58,55,Month-to-Month,Credit Card,130.75,7430.37,Fiber Optic,No,Yes,3,1,9,6.4,0
C104302,Female,22,58,One Year,UPI,78.55,4828.03,DSL,Yes,No,0,3,11,6.2,0
C104303,Female,44,44,Month-to-Month,Electronic Check,66.16,3117.27,DSL,No,Yes,2,2,17,6.4,0
C104304,Female,56,46,Month-to-Month,Electronic Check,62.1,2717.51,Fiber Optic,No,Yes,0,3,4,8.3,0
C104305,Male,47,14,Month-to-Month,Electronic Check,63.77,869.02,No Internet,No,Yes,2,3,10,6.1,0
C104306,Male,48,44,Month-to-Month,Bank Transfer,69.03,3128.67,DSL,Yes,No,1,7,8,5.6,0
C104307,Female,45,41,One Year,UPI,75.49,3170.83,DSL,No,No,2,1,12,5.3,0
C104308,Female,54,2,One Year,Credit Card,90.24,178.26,Fiber Optic,No,No,3,1,38,6.8,0
C104309,Female,25,5,Two Year,Electronic Check,86.87,458.96,DSL,No,Yes,0,4,3,8.2,0
C104310,Male,21,12,Month-to-Month,Electronic Check,89.19,1152.64,DSL,No,No,0,0,8,9.0,0
C104311,Female,38,47,Two Year,Electronic Check,70.36,3253.16,DSL,No,Yes,1,3,5,7.9,0
C104312,Male,18,35,Month-to-Month,Bank Transfer,89.78,3065.59,No Internet,No,Yes,0,3,14,7.8,0
C104313,Female,53,19,Month-to-Month,Electronic Check,67.34,1236.1,Fiber Optic,No,No,0,4,3,7.6,0
C104314,Female,53,63,Month-to-Month,UPI,89.1,5668.32,Fiber Optic,No,No,2,3,20,7.0,0
C104315,Male,33,8,Two Year,Electronic Check,71.8,584.71,DSL,No,Yes,1,0,30,6.8,0
C104316,Female,34,23,Month-to-Month,UPI,90.27,1970.58,DSL,No,Yes,0,1,26,7.5,1
C104317,Male,37,13,Month-to-Month,Credit Card,64.78,812.77,DSL,No,Yes,1,1,3,7.5,1
C104318,Male,39,23,Month-to-Month,UPI,66.21,1430.41,Fiber Optic,Yes,Yes,0,1,11,6.7,0
C104319,Male,40,31,Month-to-Month,UPI,71.08,2346.05,DSL,No,No,0,4,27,,0
C104320,Female,45,30,Two Year,UPI,71.35,2191.35,DSL,Yes,Yes,0,1,10,7.3,0
C104321,Female,36,42,Month-to-Month,UPI,86.3,3657.09,Fiber Optic,Yes,No,1,1,14,6.5,0
C104322,Female,49,2,Month-to-Month,Electronic Check,72.73,155.32,Fiber Optic,No,Yes,2,1,12,7.7,0
C104323,Male,43,11,Two Year,Electronic Check,63.16,748.42,Fiber Optic,Yes,No,0,5,7,6.2,0
C104324,Female,31,25,Two Year,Bank Transfer,67.47,1558.52,Fiber Optic,Yes,Yes,0,3,11,6.1,0
C104325,Female,54,29,Month-to-Month,UPI,53.64,1627.78,Fiber Optic,No,No,2,2,19,7.4,0
C104326,Male,22,22,One Year,Electronic Check,121.22,2683.41,Fiber Optic,No,Yes,1,5,5,5.5,0
C104327,Female,37,19,Month-to-Month,UPI,73.33,1282.36,DSL,No,Yes,2,4,19,5.5,0
C104328,Male,50,41,One Year,Bank Transfer,94.84,3844.66,Fiber Optic,No,No,1,0,11,6.1,0
C104329,Female,29,38,One Year,Electronic Check,117.68,4667.78,DSL,Yes,No,5,2,20,3.2,0
C104330,Male,42,29,Month-to-Month,Electronic Check,54.33,1636.78,Fiber Optic,Yes,Yes,1,0,33,6.5,0
C104331,Male,45,22,Two Year,Electronic Check,77.31,1817.13,Fiber Optic,Yes,No,0,0,7,7.5,0
C104332,Male,28,8,Month-to-Month,Electronic Check,113.01,921.65,No Internet,No,Yes,0,3,8,8.6,1
C104333,Female,37,47,One Year,Bank Transfer,69.45,3121.18,DSL,No,No,2,1,55,5.2,0
C104334,Male,36,6,Two Year,Electronic Check,111.89,695.64,Fiber Optic,Yes,No,0,1,11,8.8,1
C104335,Male,31,7,Month-to-Month,Credit Card,26.15,197.14,Fiber Optic,No,No,2,0,9,8.0,0
C104336,Female,66,36,Month-to-Month,Bank Transfer,85.82,3279.98,Fiber Optic,Yes,Yes,1,4,11,,0
C104337,Female,29,8,Month-to-Month,UPI,33.49,246.58,DSL,No,Yes,0,2,6,8.8,0
C104338,Male,50,46,One Year,Bank Transfer,88.48,4025.61,Fiber Optic,No,No,2,0,4,8.7,0
C104339,Male,33,64,Two Year,Credit Card,87.14,5316.43,Fiber Optic,Yes,No,3,2,6,5.0,0
C104340,Male,25,31,Month-to-Month,UPI,53.93,1670.09,DSL,No,Yes,1,4,12,7.4,0
C104341,Male,39,23,Month-to-Month,Electronic Check,89.69,2027.16,Fiber Optic,Yes,Yes,3,0,16,5.1,0
C104342,Female,46,61,Month-to-Month,Electronic Check,91.04,5608.63,DSL,No,No,4,2,15,4.0,1
C104343,Female,49,50,One Year,UPI,102.0,5365.95,Fiber Optic,No,No,0,0,7,8.6,0
C104344,Female,57,46,One Year,Electronic Check,108.29,5095.1,Fiber Optic,Yes,Yes,1,1,11,9.1,0
C104345,Male,73,43,Month-to-Month,Electronic Check,113.63,4775.01,DSL,No,No,1,5,7,6.9,0
C104346,Female,41,10,Month-to-Month,Credit Card,104.96,1022.41,DSL,No,Yes,2,0,9,7.1,1
C104347,Female,30,20,Month-to-Month,Credit Card,71.94,1372.04,Fiber Optic,Yes,Yes,0,1,15,7.9,0
C104348,Female,43,16,Month-to-Month,Bank Transfer,84.51,1355.51,Fiber Optic,No,No,2,2,10,6.3,1
C104349,Female,35,3,Month-to-Month,Electronic Check,92.65,291.78,Fiber Optic,No,No,1,2,26,5.3,1
C104350,Female,49,30,Month-to-Month,Credit Card,69.63,1922.13,DSL,No,Yes,4,2,21,4.7,1
C104351,Female,22,18,One Year,UPI,62.29,1158.63,DSL,No,No,0,3,3,7.9,1
C104352,Male,66,59,Month-to-Month,Bank Transfer,91.46,5402.23,DSL,Yes,No,1,2,14,5.1,0
C104353,Female,48,70,Month-to-Month,Bank Transfer,60.62,4487.85,Fiber Optic,No,Yes,0,2,2,6.9,0
C104354,Female,18,35,One Year,Electronic Check,64.87,2274.41,DSL,No,Yes,2,1,14,8.1,0
C104355,Female,29,19,Two Year,Credit Card,111.81,2253.15,Fiber Optic,No,No,2,9,2,6.4,0
C104356,Male,48,26,Month-to-Month,Electronic Check,70.91,1914.26,DSL,No,Yes,2,3,33,6.0,1
C104357,Female,52,35,Month-to-Month,Credit Card,85.11,2971.97,DSL,No,Yes,1,4,22,6.3,1
C104358,Female,23,72,Two Year,Bank Transfer,93.89,6542.11,DSL,No,Yes,2,3,13,5.3,0
C104359,Male,47,57,Month-to-Month,Bank Transfer,94.98,5824.8,DSL,No,No,1,5,24,7.9,0
C104360,Male,18,49,Month-to-Month,UPI,78.36,3660.9,Fiber Optic,No,Yes,1,1,36,4.3,0
C104361,Female,37,10,Two Year,Electronic Check,78.85,823.64,No Internet,No,No,1,3,26,7.4,0
C104362,Female,51,29,One Year,Credit Card,66.74,1992.51,Fiber Optic,No,Yes,0,2,21,6.9,0
C104363,Female,31,71,One Year,Bank Transfer,91.19,6381.86,Fiber Optic,Yes,Yes,1,2,4,6.7,0
C104364,Male,20,68,Month-to-Month,Bank Transfer,57.7,4060.68,Fiber Optic,No,No,5,3,8,3.4,1
C104365,Female,40,24,Month-to-Month,Electronic Check,69.99,1580.23,DSL,Yes,No,2,3,8,6.4,0
C104366,Male,31,43,Month-to-Month,Electronic Check,80.32,3310.66,DSL,No,No,1,2,23,7.0,0
C104367,Male,46,39,Month-to-Month,UPI,64.57,2606.54,Fiber Optic,Yes,Yes,3,2,17,4.8,0
C104368,Male,27,25,Month-to-Month,,105.82,2488.0,Fiber Optic,No,No,3,6,5,4.6,1
C104369,Male,29,68,Month-to-Month,Credit Card,73.37,5313.35,Fiber Optic,No,Yes,1,2,33,7.6,0
C104370,Male,18,34,Month-to-Month,UPI,57.42,1982.76,No Internet,Yes,No,1,1,4,8.3,0
C104371,Male,40,53,One Year,Electronic Check,53.53,2642.4,DSL,No,Yes,2,2,8,7.4,0
C104372,Male,36,55,Two Year,UPI,96.81,5553.48,Fiber Optic,Yes,No,0,4,16,6.5,0
C104373,Male,24,53,One Year,Electronic Check,105.84,5553.46,No Internet,No,Yes,2,1,5,5.6,0
C104374,Male,40,18,One Year,Credit Card,78.94,1374.61,Fiber Optic,Yes,No,1,1,10,6.0,0
C104375,Male,50,7,Month-to-Month,Credit Card,42.06,295.9,DSL,Yes,No,1,2,6,7.1,0
C104376,Male,35,63,Month-to-Month,Bank Transfer,64.24,4209.73,Fiber Optic,No,Yes,2,2,14,6.1,1
C104377,Female,41,42,Month-to-Month,Electronic Check,82.61,3697.74,Fiber Optic,Yes,Yes,3,3,10,4.6,0
C104378,Male,41,11,Month-to-Month,Credit Card,71.82,767.32,Fiber Optic,No,No,2,2,22,6.2,1
C104379,Male,24,9,One Year,Electronic Check,46.01,426.97,DSL,No,Yes,2,2,8,7.5,0
C104380,Male,63,35,Two Year,Electronic Check,85.51,2916.82,No Internet,No,Yes,2,3,21,5.7,1
C104381,Male,32,65,Two Year,Electronic Check,71.45,4282.65,DSL,Yes,Yes,4,3,24,5.3,0
C104382,Female,46,5,Month-to-Month,Bank Transfer,95.69,513.87,DSL,Yes,Yes,0,1,6,6.9,1
C104383,Female,47,26,Two Year,Credit Card,84.04,2114.44,No Internet,Yes,Yes,0,2,23,7.4,0
C104384,Female,36,51,Month-to-Month,Electronic Check,81.67,4141.49,DSL,No,Yes,0,0,13,7.7,0
C104385,Female,45,38,Month-to-Month,Electronic Check,84.8,3299.29,Fiber Optic,Yes,Yes,2,0,4,6.0,1
C104386,Female,41,3,Month-to-Month,Electronic Check,81.2,250.61,No Internet,No,Yes,1,5,40,4.9,0
C104387,Male,21,59,One Year,Bank Transfer,107.92,6695.98,DSL,No,No,2,0,20,6.0,1
C104388,Male,34,13,One Year,Credit Card,46.92,598.43,Fiber Optic,Yes,Yes,0,4,24,6.5,0
C104389,Male,31,35,Month-to-Month,Credit Card,80.6,2914.69,DSL,Yes,No,1,1,5,5.3,1
C104390,Male,32,3,Month-to-Month,UPI,85.2,260.31,Fiber Optic,No,Yes,2,3,1,7.0,1
C104391,Female,22,53,Month-to-Month,Credit Card,66.88,3819.84,Fiber Optic,No,No,0,1,13,8.7,0
C104392,Female,52,55,Month-to-Month,UPI,102.81,5871.35,Fiber Optic,No,Yes,1,3,13,5.9,0
C104393,Male,57,45,Two Year,Bank Transfer,79.16,3815.68,Fiber Optic,Yes,Yes,2,4,3,6.2,0
C104394,Female,50,66,Two Year,Credit Card,59.81,3810.71,Fiber Optic,No,Yes,2,2,3,5.7,0
C104395,Female,53,67,Two Year,Credit Card,58.17,3869.99,DSL,No,Yes,1,2,12,6.6,0
C104396,Male,34,44,Month-to-Month,Electronic Check,95.86,4237.6,Fiber Optic,Yes,No,0,4,18,8.6,0
C104397,Male,30,68,Month-to-Month,Bank Transfer,84.44,6061.81,DSL,No,Yes,3,1,17,6.3,1
C104398,Male,29,62,Two Year,UPI,46.68,2859.29,No Internet,No,Yes,2,4,20,5.1,0
C104399,Male,46,25,Two Year,Electronic Check,40.58,1023.77,DSL,No,Yes,0,3,8,9.4,0
C104400,Male,41,52,Month-to-Month,Credit Card,66.12,3238.68,DSL,No,No,1,2,8,6.9,0
C104401,Male,37,50,One Year,Credit Card,25.0,1188.49,Fiber Optic,Yes,No,1,5,19,4.6,0
C104402,Male,54,1,Month-to-Month,Credit Card,107.74,105.86,DSL,No,No,2,2,11,5.8,0
C104403,Male,43,39,Two Year,Bank Transfer,70.85,2564.42,DSL,No,No,1,0,25,7.9,0
C104404,Female,28,52,Month-to-Month,Electronic Check,102.0,4944.48,Fiber Optic,Yes,No,2,3,12,5.5,1
C104405,Female,30,40,Two Year,Credit Card,102.95,4252.57,Fiber Optic,No,No,1,3,3,7.4,0
C104406,Female,46,60,Month-to-Month,Credit Card,58.11,3247.26,DSL,Yes,Yes,1,6,9,6.3,0
C104407,Male,51,69,Month-to-Month,Bank Transfer,84.28,5351.83,DSL,No,Yes,0,2,11,8.3,0
C104408,Male,45,20,Month-to-Month,Credit Card,83.42,1551.64,DSL,Yes,Yes,3,1,5,6.1,1
C104409,Female,61,2,Month-to-Month,Credit Card,76.73,156.87,DSL,No,Yes,2,5,1,6.7,0
C104410,Male,58,9,Month-to-Month,Bank Transfer,53.68,487.92,DSL,No,Yes,1,0,9,6.9,0
C104411,Male,43,39,One Year,Electronic Check,106.89,4378.67,Fiber Optic,No,Yes,2,2,44,4.3,1
C104412,Female,28,30,Month-to-Month,Electronic Check,77.03,2202.05,Fiber Optic,Yes,Yes,1,4,14,6.1,0
C104413,Female,22,54,One Year,Credit Card,60.44,3310.39,DSL,No,Yes,2,3,5,7.3,0
C104414,Male,33,58,Month-to-Month,Bank Transfer,110.57,,Fiber Optic,No,Yes,2,0,8,5.8,0
C104415,Male,47,44,Month-to-Month,Electronic Check,72.56,3304.34,Fiber Optic,Yes,No,2,1,19,5.9,1
C104416,Male,60,43,One Year,Electronic Check,84.04,3508.53,Fiber Optic,No,Yes,1,2,11,6.9,0
C104417,Male,43,10,Month-to-Month,Bank Transfer,84.53,861.24,DSL,Yes,No,2,0,27,6.9,0
C104418,Male,52,48,Two Year,Electronic Check,80.11,3987.87,DSL,Yes,No,2,2,19,5.7,0
C104419,Male,35,17,One Year,UPI,55.28,987.73,Fiber Optic,Yes,No,2,4,2,8.7,0
C104420,Male,45,5,One Year,UPI,47.61,256.66,No Internet,No,Yes,2,0,4,8.0,0
C104421,Female,48,70,Month-to-Month,Bank Transfer,98.01,6750.44,Fiber Optic,No,Yes,0,2,3,8.5,0
C104422,Female,18,64,Month-to-Month,Bank Transfer,82.85,4903.92,No Internet,No,Yes,3,3,14,4.1,0
C104423,Female,33,66,Two Year,Bank Transfer,75.4,4995.07,No Internet,No,Yes,0,1,39,4.8,0
C104424,Male,49,71,Month-to-Month,Electronic Check,49.0,3379.71,DSL,Yes,Yes,1,1,10,,0
C104425,Male,41,4,Two Year,Credit Card,85.15,329.81,Fiber Optic,No,No,0,3,23,7.8,0
C104426,Male,24,28,Month-to-Month,Bank Transfer,90.33,2603.44,Fiber Optic,Yes,No,1,2,8,6.1,1
C104427,Male,18,38,Month-to-Month,Bank Transfer,25.0,880.6,DSL,No,No,3,2,8,3.8,1
C104428,Male,34,66,One Year,UPI,75.02,4984.22,Fiber Optic,No,No,1,3,21,8.3,0
C104429,Female,37,67,Two Year,UPI,81.84,5601.57,DSL,Yes,Yes,1,2,6,5.6,0
C104430,Female,27,60,Month-to-Month,Electronic Check,81.87,,No Internet,No,Yes,2,1,4,8.1,0
C104431,Female,40,47,Month-to-Month,Bank Transfer,122.45,6181.11,No Internet,No,Yes,1,3,4,7.8,0
C104432,Male,44,25,One Year,Bank Transfer,106.73,2458.55,Fiber Optic,No,No,1,3,2,7.6,0
C104433,Female,46,66,Month-to-Month,UPI,98.69,6538.07,Fiber Optic,Yes,Yes,1,0,21,6.9,0
C104434,Male,18,67,Month-to-Month,Electronic Check,110.4,7839.38,Fiber Optic,Yes,Yes,1,0,8,8.0,0
C104435,Male,22,69,Month-to-Month,Bank Transfer,88.38,5809.32,Fiber Optic,No,No,0,4,19,4.2,0
C104436,Male,34,40,Month-to-Month,Credit Card,96.87,4169.97,Fiber Optic,No,No,0,0,11,7.4,0
C104437,Female,45,50,One Year,Credit Card,111.84,5314.84,Fiber Optic,No,No,0,0,16,7.5,0
C104438,Female,44,40,Two Year,Electronic Check,54.93,2245.39,Fiber Optic,No,Yes,2,2,23,5.4,0
C104439,Male,44,37,Month-to-Month,UPI,127.11,4383.03,Fiber Optic,No,No,0,1,6,7.2,1
C104440,Female,33,69,Month-to-Month,Bank Transfer,75.11,5198.48,DSL,Yes,Yes,0,4,60,6.9,0
C104441,Female,34,17,Month-to-Month,Bank Transfer,96.45,1574.2,DSL,Yes,No,0,2,11,6.5,1
C104442,Male,29,62,Month-to-Month,Electronic Check,85.75,5155.84,DSL,No,No,0,2,20,6.6,0
C104443,Male,47,41,Month-to-Month,Bank Transfer,88.81,3565.51,DSL,Yes,Yes,0,3,22,6.2,0
C104444,Male,27,42,One Year,UPI,116.63,4689.54,Fiber Optic,Yes,Yes,1,0,5,9.2,0
C104445,Female,48,31,Month-to-Month,Electronic Check,84.02,2757.53,No Internet,No,Yes,0,1,16,6.8,0
C104446,Male,40,33,One Year,UPI,108.68,3386.82,Fiber Optic,Yes,No,3,1,14,7.4,0
C104447,Female,37,43,Two Year,Credit Card,81.52,3466.16,DSL,No,No,2,1,7,7.8,0
C104448,Male,30,67,Two Year,UPI,69.56,5019.41,Fiber Optic,No,Yes,2,1,9,6.1,0
C104449,Female,22,38,Month-to-Month,Bank Transfer,50.44,1943.66,No Internet,No,No,0,4,30,5.4,0
C104450,Male,30,41,Month-to-Month,Credit Card,90.48,3787.61,No Internet,No,Yes,2,0,8,7.8,0
C104451,Female,34,63,Month-to-Month,Credit Card,73.24,4783.33,Fiber Optic,No,Yes,2,2,4,7.1,0
C104452,Female,18,40,Two Year,Electronic Check,86.7,3671.74,No Internet,Yes,No,1,1,25,8.1,0
C104453,Female,36,30,Two Year,Credit Card,59.98,1891.62,DSL,No,Yes,1,0,13,6.4,0
C104454,Female,49,47,Two Year,Bank Transfer,101.3,4657.57,DSL,No,No,1,2,12,5.5,0
C104455,Male,45,22,One Year,Electronic Check,123.42,2861.87,Fiber Optic,Yes,Yes,0,3,46,5.7,0
C104456,Female,32,55,Month-to-Month,UPI,99.97,5238.62,Fiber Optic,No,No,2,2,33,5.6,1
C104457,Male,39,43,Two Year,Bank Transfer,76.98,3259.65,No Internet,Yes,Yes,0,3,5,5.8,0
C104458,Male,31,61,Two Year,UPI,87.65,5490.43,Fiber Optic,No,Yes,4,4,12,5.0,0
C104459,Female,40,32,Two Year,Bank Transfer,83.35,2558.22,No Internet,No,No,1,2,7,6.5,1
C104460,Male,56,4,Month-to-Month,Credit Card,127.18,496.89,Fiber Optic,Yes,No,0,2,12,10.0,0
C104461,Male,50,45,Month-to-Month,Electronic Check,90.7,4089.6,Fiber Optic,Yes,No,3,1,5,6.5,0
C104462,Female,44,72,Month-to-Month,Credit Card,99.65,6877.78,DSL,No,Yes,0,5,50,5.2,0
C104463,Male,32,20,Two Year,Bank Transfer,67.66,1409.65,Fiber Optic,No,No,0,3,22,9.2,1
C104464,Female,47,71,Two Year,UPI,75.11,5527.75,No Internet,No,No,1,1,13,6.9,0
C104465,Male,18,65,Month-to-Month,Credit Card,124.59,8645.28,Fiber Optic,No,Yes,1,1,8,7.7,0
C104466,Male,35,60,One Year,Credit Card,129.84,7249.0,Fiber Optic,No,Yes,2,1,13,6.4,0
C104467,Male,45,26,Month-to-Month,Bank Transfer,51.16,,DSL,Yes,No,2,4,16,7.7,1
C104468,Female,47,23,Month-to-Month,Bank Transfer,80.35,1704.89,DSL,No,Yes,2,2,8,7.8,1
C104469,Female,46,40,Month-to-Month,Electronic Check,99.72,4195.56,No Internet,No,No,1,3,7,6.7,0
C104470,Female,42,2,Month-to-Month,Credit Card,116.73,224.38,Fiber Optic,Yes,Yes,0,2,23,7.5,1
C104471,Female,36,26,Month-to-Month,UPI,86.48,2303.42,Fiber Optic,No,Yes,5,2,7,3.9,1
C104472,Male,44,62,Month-to-Month,UPI,80.2,5107.06,DSL,No,Yes,1,4,5,6.6,0
C104473,Male,27,44,One Year,Credit Card,73.29,3165.93,Fiber Optic,No,No,1,5,7,8.5,0
C104474,Female,28,31,Month-to-Month,UPI,41.97,1240.04,DSL,Yes,No,2,3,44,6.3,1
C104475,Male,39,26,Two Year,UPI,70.2,1689.82,DSL,No,No,0,4,9,7.6,0
C104476,Male,40,5,One Year,Bank Transfer,100.42,508.48,Fiber Optic,No,Yes,1,3,15,6.2,0
C104477,Male,18,70,One Year,Credit Card,56.96,4117.16,Fiber Optic,No,Yes,1,1,5,8.0,0
C104478,Female,43,35,Two Year,Bank Transfer,145.8,5000.67,Fiber Optic,No,No,3,3,6,5.5,0
C104479,Female,47,16,Month-to-Month,Electronic Check,80.11,1218.32,DSL,Yes,Yes,1,1,7,6.6,1
C104480,Male,37,31,Month-to-Month,Credit Card,127.97,3752.68,Fiber Optic,No,Yes,1,4,16,7.5,1
C104481,Male,66,14,Month-to-Month,Credit Card,103.97,1400.98,Fiber Optic,No,Yes,3,6,17,4.3,1
C104482,Female,30,25,Month-to-Month,Electronic Check,112.71,2952.97,Fiber Optic,No,No,1,3,10,6.8,0
C104483,Female,34,71,Month-to-Month,UPI,49.4,3311.72,No Internet,No,No,0,5,33,5.9,0
C104484,Male,33,18,One Year,Electronic Check,102.03,1817.3,Fiber Optic,No,No,2,6,6,5.3,0
C104485,Female,37,50,One Year,Electronic Check,76.19,3901.97,Fiber Optic,No,Yes,3,3,13,5.2,0
C104486,Male,34,20,Month-to-Month,Credit Card,92.07,1943.73,Fiber Optic,No,Yes,0,1,23,5.8,0
C104487,Male,21,56,Month-to-Month,Bank Transfer,104.94,5887.91,Fiber Optic,No,Yes,0,0,5,7.6,0
C104488,Female,31,2,Month-to-Month,Electronic Check,94.13,193.69,Fiber Optic,Yes,Yes,0,2,7,7.6,0
C104489,Female,37,26,Month-to-Month,Electronic Check,71.64,1865.79,DSL,No,Yes,2,0,9,7.1,0
C104490,Male,53,23,One Year,Electronic Check,82.88,1984.75,DSL,No,Yes,1,3,20,5.8,0
C104491,Female,64,32,Month-to-Month,Credit Card,98.69,3302.36,DSL,No,Yes,1,5,21,6.3,0
C104492,Female,54,13,Two Year,Electronic Check,85.49,1161.41,Fiber Optic,No,Yes,0,4,1,6.6,0
C104493,Female,29,13,One Year,Credit Card,98.14,1323.96,Fiber Optic,Yes,Yes,1,0,8,7.9,0
C104494,Female,30,17,Month-to-Month,Electronic Check,83.32,1486.45,Fiber Optic,No,No,3,1,12,5.5,1
C104495,Female,36,58,Month-to-Month,Electronic Check,64.51,3921.65,Fiber Optic,No,Yes,3,2,16,7.7,0
C104496,Male,59,27,Month-to-Month,Bank Transfer,124.94,3569.66,Fiber Optic,No,Yes,1,2,22,6.7,1
C104497,Male,36,17,Two Year,Credit Card,92.36,1561.84,DSL,No,No,0,1,7,7.1,0
C104498,Male,22,38,Two Year,Credit Card,81.39,3284.72,Fiber Optic,Yes,Yes,1,1,6,7.9,0
C104499,Male,32,14,Month-to-Month,Electronic Check,70.4,918.53,Fiber Optic,No,Yes,3,1,13,7.3,0
C104500,Female,47,14,One Year,Electronic Check,63.02,862.13,DSL,Yes,No,3,0,10,7.5,0
C104501,Male,46,12,Month-to-Month,UPI,97.34,1247.3,Fiber Optic,No,No,2,2,16,5.9,1
C104502,Male,36,69,Month-to-Month,Credit Card,83.32,5670.39,No Internet,No,Yes,2,3,31,3.6,0
C104503,Male,46,68,Month-to-Month,UPI,101.06,7272.23,No Internet,No,Yes,0,0,19,6.8,0
C104504,Male,18,55,Two Year,Credit Card,65.86,3653.45,Fiber Optic,Yes,Yes,1,3,11,7.4,0
C104505,Male,39,63,Month-to-Month,Credit Card,86.44,5234.6,No Internet,Yes,Yes,3,1,5,3.7,0
C104506,Female,48,29,Month-to-Month,UPI,81.17,2202.41,Fiber Optic,Yes,No,1,0,7,8.2,0
C104507,Male,28,45,One Year,UPI,67.77,3145.81,No Internet,No,Yes,0,1,1,,0
C104508,Female,28,4,Two Year,Credit Card,114.31,437.04,No Internet,Yes,Yes,1,4,20,6.0,0
C104509,Female,18,16,One Year,Electronic Check,66.88,1083.23,DSL,No,No,0,3,17,7.9,0
C104510,Male,57,66,Month-to-Month,Credit Card,84.59,5487.16,Fiber Optic,No,No,0,4,8,7.5,0
C104511,Male,29,23,Two Year,Bank Transfer,39.63,936.3,DSL,No,Yes,0,4,11,8.1,0
C104512,Male,41,68,Two Year,UPI,110.17,7637.66,DSL,Yes,Yes,0,3,5,7.5,0
C104513,Female,45,20,One Year,Credit Card,65.21,1326.72,Fiber Optic,No,No,3,0,8,8.7,0
C104514,Female,56,17,Two Year,Electronic Check,40.47,689.72,No Internet,Yes,No,1,1,51,5.6,0
C104515,Male,36,52,One Year,Bank Transfer,94.84,5080.77,No Internet,No,No,2,4,11,6.0,0
C104516,Female,32,6,Month-to-Month,Electronic Check,104.28,647.1,No Internet,Yes,Yes,1,0,11,6.3,1
C104517,Female,40,39,Month-to-Month,Credit Card,94.74,3523.8,DSL,No,Yes,2,4,24,5.7,0
C104518,Male,53,34,One Year,Credit Card,51.44,1775.84,Fiber Optic,No,Yes,0,1,8,7.4,0
C104519,Male,36,54,Two Year,Electronic Check,88.84,4423.71,DSL,Yes,Yes,2,0,7,6.8,0
C104520,Female,27,65,Two Year,UPI,25.0,1629.31,DSL,No,No,1,2,30,6.9,0
C104521,Female,20,29,Month-to-Month,Credit Card,62.75,1905.37,Fiber Optic,Yes,Yes,4,1,10,5.8,0
C104522,Female,23,41,Month-to-Month,UPI,82.12,3130.11,Fiber Optic,No,Yes,2,5,7,5.7,1
C104523,Female,48,63,Two Year,Credit Card,113.29,6934.85,Fiber Optic,No,Yes,1,2,6,6.9,0
C104524,Female,34,32,One Year,UPI,91.49,2710.5,Fiber Optic,No,No,0,1,9,9.2,0
C104525,Male,31,66,Month-to-Month,Credit Card,119.4,7963.15,Fiber Optic,Yes,Yes,5,1,9,4.6,0
C104526,Female,29,45,One Year,UPI,66.78,3210.02,DSL,Yes,Yes,1,2,13,5.8,0
C104527,Female,39,17,Month-to-Month,Bank Transfer,59.38,981.07,Fiber Optic,No,No,3,2,4,6.1,0
C104528,Female,35,43,Two Year,Electronic Check,88.91,3740.84,Fiber Optic,No,Yes,1,2,3,7.2,0
C104529,Male,35,66,Two Year,Electronic Check,66.35,4178.12,DSL,No,No,1,5,12,6.9,0
C104530,Male,54,68,Two Year,UPI,78.86,5565.32,DSL,No,No,1,1,15,5.4,0
C104531,Male,56,34,Month-to-Month,Bank Transfer,87.76,2986.77,No Internet,No,No,2,6,7,4.6,1
C104532,Male,19,1,Two Year,Electronic Check,107.79,103.94,Fiber Optic,Yes,No,1,1,1,6.3,1
C104533,Male,42,23,One Year,Bank Transfer,89.8,1914.27,Fiber Optic,No,No,1,1,1,8.5,0
C104534,Female,29,6,Month-to-Month,Electronic Check,80.46,510.0,DSL,No,No,0,2,4,8.3,0
C104535,Female,35,16,Month-to-Month,UPI,83.04,1369.37,Fiber Optic,Yes,Yes,1,1,7,8.3,0
C104536,Male,42,2,Two Year,Bank Transfer,96.22,207.12,Fiber Optic,No,Yes,2,1,14,8.5,0
C104537,Female,35,27,One Year,Electronic Check,116.68,3181.42,DSL,No,No,2,3,7,4.6,1
C104538,Male,41,19,Month-to-Month,Electronic Check,76.05,1551.06,Fiber Optic,Yes,No,5,2,11,3.8,1
C104539,Male,46,28,Two Year,Credit Card,72.79,2102.17,DSL,No,No,2,4,16,6.2,0
C104540,Male,42,35,Month-to-Month,UPI,105.36,3646.61,No Internet,No,Yes,2,1,14,6.8,0
C104541,Male,30,68,Two Year,Credit Card,128.19,8345.74,Fiber Optic,No,No,3,0,21,6.5,1
C104542,Male,30,49,One Year,Bank Transfer,68.13,3103.11,Fiber Optic,Yes,Yes,3,0,18,7.9,0
C104543,Male,21,7,One Year,Credit Card,64.11,413.24,Fiber Optic,Yes,No,0,2,16,9.2,0
C104544,Male,28,37,One Year,Credit Card,69.94,2724.81,Fiber Optic,Yes,Yes,2,2,3,7.6,0
C104545,Female,62,25,Month-to-Month,UPI,47.13,1201.49,Fiber Optic,No,Yes,1,0,13,6.5,0
C104546,Male,28,41,Two Year,Credit Card,86.96,3386.67,Fiber Optic,Yes,No,1,2,18,6.9,0
C104547,Female,24,62,Month-to-Month,Electronic Check,117.81,7521.4,No Internet,No,Yes,2,2,12,6.3,1
C104548,Female,42,41,One Year,Electronic Check,96.01,4199.11,DSL,Yes,No,1,1,13,7.6,0
C104549,Female,37,14,Month-to-Month,Credit Card,83.9,1091.24,Fiber Optic,Yes,No,1,1,10,5.8,1
C104550,Female,36,54,Month-to-Month,Credit Card,116.47,6595.49,Fiber Optic,Yes,Yes,2,1,5,8.4,0
C104551,Male,55,2,One Year,Credit Card,133.25,280.8,Fiber Optic,No,Yes,2,3,25,8.2,0
C104552,Male,45,48,Two Year,Bank Transfer,91.22,4485.02,Fiber Optic,No,Yes,4,1,10,5.3,0
C104553,Female,32,51,Month-to-Month,Bank Transfer,89.57,4886.93,Fiber Optic,Yes,Yes,2,1,27,4.8,0
C104554,Male,33,55,Month-to-Month,Credit Card,59.97,3544.46,DSL,No,No,2,1,14,7.2,0
C104555,Female,32,12,One Year,Credit Card,98.92,1238.87,DSL,No,Yes,2,1,11,7.4,0
C104556,Female,48,69,One Year,Bank Transfer,109.55,7157.72,No Internet,No,No,1,4,11,8.2,0
C104557,Female,34,1,Month-to-Month,UPI,103.01,96.14,DSL,No,Yes,0,1,1,9.4,0
C104558,Female,18,59,One Year,Credit Card,62.74,3656.17,Fiber Optic,No,No,1,0,8,6.9,0
C104559,Female,37,34,Month-to-Month,Electronic Check,93.01,3112.41,DSL,Yes,No,1,1,8,7.2,0
C104560,Female,20,46,Month-to-Month,Electronic Check,67.92,2946.0,Fiber Optic,No,No,1,1,21,7.5,0
C104561,Male,64,59,Month-to-Month,Electronic Check,43.17,2359.57,Fiber Optic,No,Yes,0,4,42,6.5,0
C104562,Female,26,66,One Year,Credit Card,81.09,5136.66,DSL,Yes,Yes,1,5,8,6.6,0
C104563,Male,36,19,Month-to-Month,Credit Card,101.33,1860.19,DSL,No,No,1,0,14,5.6,1
C104564,Male,41,28,Month-to-Month,Credit Card,61.31,1832.99,DSL,Yes,No,0,3,19,7.4,0
C104565,Female,35,40,One Year,Bank Transfer,67.15,2892.28,DSL,No,Yes,2,1,26,5.7,0
C104566,Male,35,57,One Year,Electronic Check,91.33,5609.99,DSL,Yes,No,1,0,3,7.7,0
C104567,Male,43,51,Month-to-Month,Credit Card,86.86,4651.12,Fiber Optic,Yes,No,3,2,5,7.8,1
C104568,Male,56,22,Month-to-Month,Electronic Check,72.12,1655.5,DSL,No,No,2,2,8,6.2,0
C104569,Female,47,68,One Year,Electronic Check,64.16,4668.76,No Internet,No,Yes,2,1,9,7.0,0
C104570,Male,56,8,Two Year,Bank Transfer,99.19,773.25,DSL,Yes,Yes,3,2,21,4.9,0
C104571,Female,25,60,Month-to-Month,Electronic Check,69.3,4183.48,DSL,No,No,1,4,17,6.6,0
C104572,Male,42,65,Month-to-Month,Credit Card,65.22,4298.67,No Internet,Yes,No,2,1,12,6.4,0
C104573,Female,40,36,One Year,Bank Transfer,97.45,3550.28,Fiber Optic,No,Yes,2,2,21,6.7,0
C104574,Female,42,71,One Year,Bank Transfer,57.42,4032.37,Fiber Optic,No,No,4,3,27,5.5,0
C104575,Male,55,29,One Year,Electronic Check,70.81,2209.74,DSL,Yes,No,1,2,6,6.9,0
C104576,Male,35,65,One Year,Electronic Check,81.5,5144.49,DSL,Yes,No,1,1,7,5.4,0
C104577,Male,33,56,Month-to-Month,Bank Transfer,96.76,5177.09,Fiber Optic,No,No,2,3,16,5.1,0
C104578,Female,44,4,One Year,UPI,97.84,406.28,Fiber Optic,No,Yes,1,2,8,6.8,0
C104579,Female,18,72,Month-to-Month,UPI,65.19,5007.81,Fiber Optic,No,Yes,1,2,11,5.1,0
C104580,Female,35,50,Month-to-Month,UPI,38.2,2053.09,DSL,No,No,1,2,4,8.4,0
C104581,Male,36,39,Two Year,Credit Card,85.36,3490.75,Fiber Optic,No,Yes,2,4,8,4.6,0
C104582,Female,27,35,Two Year,Electronic Check,60.19,2067.28,Fiber Optic,No,Yes,1,0,11,7.1,0
C104583,Female,51,25,One Year,Electronic Check,130.4,3423.99,Fiber Optic,No,No,0,0,8,6.2,1
C104584,Female,25,44,Month-to-Month,Credit Card,51.36,2354.83,Fiber Optic,No,Yes,2,1,7,6.0,1
C104585,Female,36,47,One Year,Electronic Check,101.51,4696.66,Fiber Optic,No,Yes,0,2,4,8.9,0
C104586,Male,42,40,One Year,Bank Transfer,78.22,2930.86,Fiber Optic,No,Yes,2,2,8,4.4,0
C104587,Male,54,31,Month-to-Month,Credit Card,116.16,3805.01,DSL,No,Yes,2,4,22,6.4,1
C104588,Female,38,69,One Year,Electronic Check,89.21,5963.93,DSL,Yes,Yes,1,0,18,9.1,0
C104589,Female,49,43,Month-to-Month,Bank Transfer,116.69,4707.04,Fiber Optic,No,Yes,4,1,17,5.9,1
C104590,Female,46,55,Month-to-Month,Credit Card,58.52,3469.27,DSL,Yes,No,0,4,15,8.1,0
C104591,Male,39,16,One Year,Credit Card,53.45,913.49,No Internet,No,Yes,0,4,21,8.2,0
C104592,Male,25,68,Two Year,Bank Transfer,70.16,4966.88,Fiber Optic,No,Yes,1,2,41,7.0,0
C104593,Male,21,69,Two Year,Electronic Check,44.91,2884.35,No Internet,No,No,1,2,4,7.6,0
C104594,Male,39,42,One Year,Bank Transfer,87.89,3823.06,Fiber Optic,No,Yes,3,1,12,6.9,0
C104595,Female,31,41,Month-to-Month,UPI,61.65,2592.64,Fiber Optic,No,Yes,1,3,6,6.5,0
C104596,Female,49,50,Month-to-Month,Credit Card,81.87,3927.43,Fiber Optic,Yes,No,2,1,22,7.2,0
C104597,Male,47,6,Month-to-Month,Credit Card,80.72,481.13,Fiber Optic,Yes,Yes,1,2,0,7.8,0
C104598,Male,36,53,One Year,Credit Card,122.89,6997.23,Fiber Optic,Yes,Yes,3,2,10,7.5,0
C104599,Male,24,17,Month-to-Month,UPI,75.89,1190.56,Fiber Optic,No,No,1,2,52,7.0,1
C104600,Male,44,57,One Year,Electronic Check,83.25,4722.02,No Internet,No,No,1,3,5,7.4,0
C104601,Female,26,67,Two Year,UPI,100.96,6855.09,Fiber Optic,Yes,Yes,1,2,9,7.3,0
C104602,Female,29,16,Month-to-Month,Bank Transfer,80.25,1359.65,DSL,No,No,1,1,10,6.5,1
C104603,Male,26,52,Month-to-Month,Bank Transfer,71.45,3837.39,Fiber Optic,No,No,2,2,1,6.0,0
C104604,Female,36,34,Month-to-Month,UPI,77.12,2454.33,DSL,No,No,0,2,4,7.2,0
C104605,Female,52,20,Month-to-Month,Credit Card,105.82,2074.89,No Internet,No,Yes,0,3,19,7.4,1
C104606,Female,38,56,Month-to-Month,Electronic Check,106.63,5612.65,Fiber Optic,No,Yes,1,1,14,7.4,0
C104607,Male,33,51,One Year,Bank Transfer,103.74,5655.52,DSL,Yes,Yes,1,3,3,7.8,0
C104608,Female,20,53,One Year,UPI,74.09,4046.97,Fiber Optic,No,Yes,2,3,11,4.5,0
C104609,Male,45,49,Two Year,Bank Transfer,118.32,5565.82,Fiber Optic,No,Yes,2,7,9,5.9,0
C104610,Male,29,4,Month-to-Month,UPI,68.87,259.67,DSL,No,No,2,0,14,8.1,0
C104611,Male,39,18,One Year,Bank Transfer,99.02,1675.06,DSL,Yes,No,1,3,17,7.4,0
C104612,Male,34,36,One Year,UPI,103.35,3727.5,DSL,No,No,0,5,13,6.1,0
C104613,Male,48,35,Month-to-Month,Bank Transfer,55.4,1865.13,Fiber Optic,Yes,Yes,1,0,16,8.0,0
C104614,Male,36,30,Month-to-Month,Credit Card,88.02,2838.11,Fiber Optic,No,No,3,1,12,7.1,1
C104615,Male,37,63,One Year,Bank Transfer,60.25,3730.54,Fiber Optic,Yes,No,2,1,9,8.9,0
C104616,Female,44,21,Month-to-Month,Electronic Check,84.16,1906.73,Fiber Optic,Yes,Yes,1,5,19,7.2,1
C104617,Female,63,52,Two Year,Credit Card,111.28,6120.94,Fiber Optic,No,No,2,3,9,6.6,0
C104618,Male,49,69,Month-to-Month,Bank Transfer,57.3,4210.38,Fiber Optic,No,No,0,2,10,6.0,0
C104619,Female,37,41,Month-to-Month,Electronic Check,81.49,3281.68,DSL,No,Yes,4,4,6,7.5,1
C104620,Female,38,54,Month-to-Month,Credit Card,99.4,5042.48,Fiber Optic,No,Yes,3,2,10,4.1,0
C104621,Female,32,30,Month-to-Month,Credit Card,125.97,3984.39,Fiber Optic,Yes,Yes,1,3,21,7.3,0
C104622,Male,27,56,Month-to-Month,Credit Card,57.0,2939.21,Fiber Optic,No,Yes,0,2,3,8.6,0
C104623,Female,31,41,Month-to-Month,Bank Transfer,81.24,3303.28,DSL,Yes,No,5,1,32,3.9,1
C104624,Female,29,14,Month-to-Month,Credit Card,79.77,1053.65,Fiber Optic,No,No,2,5,3,6.9,1
C104625,Female,46,21,Month-to-Month,Bank Transfer,104.02,2325.06,Fiber Optic,Yes,Yes,2,3,11,6.0,1
C104626,Male,25,25,Month-to-Month,Electronic Check,87.74,2322.84,Fiber Optic,Yes,Yes,0,0,9,7.7,0
C104627,Male,54,50,Month-to-Month,Credit Card,96.59,4549.49,Fiber Optic,No,Yes,3,3,22,5.3,0
C104628,Female,47,53,One Year,Electronic Check,82.93,4431.52,DSL,Yes,Yes,1,0,20,8.8,0
C104629,Male,38,48,One Year,Electronic Check,110.04,5057.23,Fiber Optic,No,Yes,3,1,2,5.8,0
C104630,Male,38,70,Month-to-Month,Bank Transfer,112.64,7903.12,Fiber Optic,No,Yes,0,2,5,7.5,0
C104631,Male,31,48,Month-to-Month,Electronic Check,62.93,3250.95,DSL,Yes,No,0,1,4,9.2,0
C104632,Female,41,4,Two Year,Electronic Check,45.95,175.87,DSL,No,Yes,0,1,27,5.8,0
C104633,Female,51,24,One Year,Credit Card,98.75,2205.15,Fiber Optic,Yes,Yes,3,1,14,7.3,0
C104634,Male,30,31,Two Year,Bank Transfer,81.26,2420.09,Fiber Optic,No,Yes,3,3,6,6.1,0
C104635,Female,20,29,Month-to-Month,Bank Transfer,78.16,2442.25,Fiber Optic,No,Yes,4,4,7,2.4,1
C104636,Male,46,5,Month-to-Month,Bank Transfer,102.06,476.14,Fiber Optic,No,Yes,0,1,19,8.9,0
C104637,Female,42,67,One Year,Electronic Check,156.98,9739.55,Fiber Optic,No,Yes,0,3,10,6.3,0
C104638,Female,25,53,Month-to-Month,Credit Card,59.01,2953.11,No Internet,No,No,3,1,20,6.2,0
C104639,Female,29,64,Month-to-Month,Credit Card,74.27,4986.34,Fiber Optic,No,No,2,3,9,6.8,0
C104640,Female,28,35,Month-to-Month,UPI,53.11,1850.34,DSL,No,No,2,1,7,3.7,0
C104641,Male,29,12,Month-to-Month,Bank Transfer,70.42,823.19,DSL,Yes,Yes,0,2,7,7.0,1
C104642,Female,34,47,Month-to-Month,Credit Card,27.84,1341.47,Fiber Optic,No,Yes,1,2,18,6.1,0
C104643,Male,35,55,One Year,Credit Card,80.78,4155.99,DSL,Yes,No,0,1,21,6.2,0
C104644,Female,30,69,One Year,Credit Card,43.58,3101.59,No Internet,No,Yes,2,4,15,8.6,0
C104645,Female,29,38,Month-to-Month,Credit Card,67.2,2473.49,DSL,No,No,1,2,5,7.1,0
C104646,Female,35,29,Month-to-Month,Bank Transfer,93.92,2879.14,Fiber Optic,Yes,Yes,2,2,8,7.7,0
C104647,Male,40,12,One Year,Electronic Check,61.5,764.48,DSL,Yes,Yes,0,3,35,6.8,0
C104648,Female,34,19,Month-to-Month,Credit Card,103.09,2077.05,DSL,No,No,1,2,12,7.2,1
C104649,Male,52,9,One Year,Electronic Check,76.11,650.44,DSL,Yes,Yes,5,1,13,6.2,0
C104650,Male,44,29,One Year,UPI,62.38,1707.24,No Internet,Yes,Yes,5,1,13,5.3,0
C104651,Female,19,3,Month-to-Month,UPI,74.2,230.13,DSL,No,No,2,1,6,5.8,1
C104652,Male,44,30,Month-to-Month,Credit Card,118.74,3802.21,DSL,Yes,No,1,1,10,8.6,1
C104653,Female,45,58,One Year,Electronic Check,77.82,4733.73,Fiber Optic,No,Yes,6,5,8,3.6,1
C104654,Male,33,53,Month-to-Month,Electronic Check,46.9,2660.92,DSL,Yes,Yes,1,1,10,9.6,0
C104655,Male,20,4,Month-to-Month,Credit Card,76.94,283.69,No Internet,No,No,3,1,17,7.7,0
C104656,Female,38,57,Month-to-Month,Credit Card,79.9,4320.16,DSL,Yes,No,2,1,23,7.8,0
C104657,Female,38,54,Two Year,Electronic Check,87.55,4817.35,No Internet,No,No,0,0,8,7.5,0
C104658,Male,25,28,Two Year,UPI,41.05,1135.2,Fiber Optic,No,Yes,2,3,12,6.6,0
C104659,Female,21,16,One Year,Credit Card,136.69,2279.88,Fiber Optic,Yes,No,0,3,13,7.2,0
C104660,Male,37,13,Month-to-Month,Electronic Check,69.13,836.48,Fiber Optic,Yes,No,2,5,10,5.3,1
C104661,Female,35,72,Month-to-Month,Electronic Check,135.44,9955.71,Fiber Optic,Yes,No,0,2,27,8.5,0
C104662,Male,33,56,Month-to-Month,Credit Card,70.05,4192.28,Fiber Optic,Yes,Yes,1,5,5,6.5,0
C104663,Female,37,53,Month-to-Month,Electronic Check,55.69,2823.91,Fiber Optic,Yes,Yes,0,3,14,7.6,0
C104664,Female,25,48,Month-to-Month,Credit Card,93.18,4602.11,DSL,No,Yes,0,6,20,5.2,1
C104665,Female,33,25,One Year,Credit Card,64.49,1571.96,No Internet,No,Yes,1,4,21,4.9,0
C104666,Male,44,66,Month-to-Month,UPI,98.63,6375.3,Fiber Optic,Yes,No,2,1,5,6.7,0
C104667,Female,34,30,Two Year,Credit Card,107.8,3241.75,Fiber Optic,Yes,Yes,2,2,16,6.1,0
C104668,Female,18,3,Month-to-Month,Bank Transfer,47.54,138.13,No Internet,No,Yes,3,4,5,6.5,1
C104669,Female,32,23,One Year,UPI,70.81,1750.23,No Internet,No,No,1,3,29,6.1,1
C104670,Male,25,29,One Year,Credit Card,92.82,2495.23,DSL,Yes,Yes,2,3,19,7.5,0
C104671,Female,41,41,Month-to-Month,Credit Card,118.41,5036.12,Fiber Optic,Yes,Yes,0,0,5,6.5,0
C104672,Female,42,11,Month-to-Month,Electronic Check,56.43,579.14,DSL,Yes,No,1,4,2,7.7,1
C104673,Male,18,21,Month-to-Month,Credit Card,72.24,1602.94,Fiber Optic,No,No,2,5,4,5.1,0
C104674,Male,47,24,Two Year,Credit Card,81.04,1937.77,DSL,Yes,No,5,2,7,3.4,1
C104675,Female,25,65,Month-to-Month,Credit Card,66.0,4100.3,Fiber Optic,Yes,No,1,2,30,7.4,0
C104676,Male,57,1,Month-to-Month,Electronic Check,70.25,70.15,DSL,No,Yes,2,2,6,5.5,1
C104677,Female,37,54,Two Year,Credit Card,64.96,3763.45,Fiber Optic,No,Yes,0,1,11,6.3,0
C104678,Female,23,72,One Year,UPI,62.49,4257.1,No Internet,No,No,1,2,17,6.6,0
C104679,Female,24,34,Month-to-Month,UPI,104.03,3596.51,Fiber Optic,Yes,No,1,2,11,8.3,0
C104680,Male,42,68,Month-to-Month,Electronic Check,110.02,7450.75,Fiber Optic,Yes,Yes,2,3,14,6.5,0
C104681,Male,33,29,Month-to-Month,Credit Card,58.42,1747.76,DSL,No,Yes,1,4,16,8.3,0
C104682,Female,37,3,Month-to-Month,Electronic Check,134.49,382.39,DSL,No,No,4,3,22,6.7,1
C104683,Male,57,11,Month-to-Month,Electronic Check,104.75,1169.88,Fiber Optic,No,No,1,5,6,6.7,1
C104684,Female,30,8,Month-to-Month,Credit Card,76.36,645.18,Fiber Optic,No,No,1,1,10,7.1,1
C104685,Male,39,62,One Year,Bank Transfer,70.03,4012.25,Fiber Optic,No,No,1,1,20,8.6,0
C104686,Male,55,33,Month-to-Month,Electronic Check,86.67,2998.58,DSL,Yes,Yes,3,2,28,4.2,0
C104687,Male,41,8,Month-to-Month,Electronic Check,88.15,702.33,Fiber Optic,No,Yes,2,3,14,7.6,0
C104688,Female,19,25,Two Year,Bank Transfer,61.48,1461.18,DSL,No,No,1,2,9,7.0,0
C104689,Female,44,26,Month-to-Month,Credit Card,60.32,1595.49,DSL,No,Yes,0,2,15,7.8,0
C104690,Male,24,26,Month-to-Month,Credit Card,69.97,1761.02,No Internet,Yes,Yes,0,1,8,7.0,0
C104691,Male,55,17,One Year,Credit Card,113.28,2075.25,Fiber Optic,No,Yes,1,2,24,6.3,1
C104692,Male,28,29,Two Year,Bank Transfer,112.52,3143.43,Fiber Optic,No,Yes,1,2,6,6.0,0
C104693,Female,74,43,Month-to-Month,UPI,114.7,5101.43,No Internet,No,No,0,2,14,4.8,1
C104694,Male,56,5,One Year,Credit Card,110.62,553.27,Fiber Optic,No,Yes,0,0,10,10.0,0
C104695,Female,28,50,One Year,Bank Transfer,101.88,5008.31,Fiber Optic,Yes,Yes,1,2,7,8.4,0
C104696,Male,38,56,One Year,Credit Card,100.71,5663.01,Fiber Optic,No,No,2,2,4,6.4,1
C104697,Male,47,63,One Year,Electronic Check,66.57,4063.22,DSL,No,No,1,2,7,9.1,0
C104698,Male,47,57,One Year,Credit Card,96.81,5484.31,Fiber Optic,Yes,Yes,2,2,16,5.9,0
C104699,Female,43,45,Two Year,UPI,80.93,3569.08,DSL,No,Yes,1,0,14,8.0,0
C104700,Male,53,37,Two Year,Bank Transfer,85.15,3224.72,Fiber Optic,No,Yes,1,1,19,6.9,0
C104701,Male,37,72,Month-to-Month,Credit Card,67.85,5058.81,Fiber Optic,Yes,No,1,1,14,6.9,0
C104702,Female,34,36,Two Year,Bank Transfer,76.12,2858.09,No Internet,Yes,Yes,0,2,14,8.0,0
C104703,Female,34,33,Month-to-Month,Credit Card,87.55,3021.43,Fiber Optic,No,Yes,0,3,6,6.9,0
C104704,Male,48,6,One Year,UPI,71.65,419.83,DSL,No,Yes,1,2,8,6.3,1
C104705,Male,42,71,Two Year,Electronic Check,99.41,7188.42,DSL,No,Yes,3,2,14,5.2,0
C104706,Female,41,45,Month-to-Month,UPI,77.92,3509.93,Fiber Optic,No,No,2,1,6,6.3,0
C104707,Male,48,7,Month-to-Month,Bank Transfer,53.11,380.1,DSL,No,No,1,1,33,5.8,0
C104708,Female,18,65,Two Year,Electronic Check,59.41,3771.42,DSL,Yes,Yes,1,2,14,7.4,0
C104709,Female,42,24,Month-to-Month,Credit Card,68.38,1560.08,DSL,Yes,No,2,3,3,7.9,0
C104710,Male,41,45,Month-to-Month,Credit Card,69.19,3226.12,Fiber Optic,Yes,Yes,4,2,31,,1
C104711,Male,58,61,One Year,Electronic Check,91.69,5484.08,Fiber Optic,No,Yes,4,3,17,3.7,1
C104712,Male,20,19,Month-to-Month,Credit Card,94.36,1859.34,DSL,Yes,Yes,0,2,19,7.5,1
C104713,Female,57,32,Two Year,Electronic Check,60.85,2011.83,DSL,Yes,Yes,1,3,13,5.7,0
C104714,Male,39,30,Month-to-Month,Credit Card,102.15,3306.36,DSL,No,Yes,3,3,5,6.9,0
C104715,Male,44,65,Two Year,Credit Card,55.04,3500.68,Fiber Optic,Yes,No,1,4,9,8.9,0
C104716,Female,58,32,Two Year,Credit Card,88.25,2906.62,Fiber Optic,No,No,1,4,11,7.1,0
C104717,Female,45,57,One Year,UPI,47.77,2807.06,No Internet,No,Yes,1,5,4,5.5,0
C104718,Male,43,20,One Year,Bank Transfer,122.69,2626.0,Fiber Optic,Yes,Yes,2,2,1,5.8,1
C104719,Female,41,30,Month-to-Month,UPI,90.89,2726.2,Fiber Optic,Yes,No,1,1,43,5.7,0
C104720,Male,32,59,Month-to-Month,Bank Transfer,101.86,6168.23,DSL,No,Yes,0,3,9,7.9,0
C104721,Male,38,62,Month-to-Month,Bank Transfer,101.31,6537.23,Fiber Optic,No,No,1,1,3,6.9,1
C104722,Male,29,67,Two Year,Credit Card,132.32,9559.7,Fiber Optic,No,Yes,6,2,20,3.6,0
C104723,Male,37,31,One Year,Bank Transfer,86.7,2670.12,Fiber Optic,No,Yes,3,3,19,5.7,1
C104724,Male,18,66,Two Year,Electronic Check,108.32,6870.69,Fiber Optic,No,Yes,2,0,22,8.1,0
C104725,Male,43,54,Month-to-Month,Credit Card,77.11,4234.21,Fiber Optic,No,No,2,0,22,7.0,0
C104726,Female,37,10,Month-to-Month,Bank Transfer,60.47,598.32,DSL,No,Yes,0,3,25,7.1,1
C104727,Female,34,38,Month-to-Month,Bank Transfer,93.81,3335.56,Fiber Optic,No,Yes,2,4,21,6.4,1
C104728,Female,41,31,Month-to-Month,Electronic Check,113.88,3499.93,Fiber Optic,Yes,No,3,4,15,6.5,1
C104729,Male,21,29,Two Year,Electronic Check,72.3,2161.94,No Internet,No,Yes,3,0,4,7.2,0
C104730,Male,61,25,One Year,Electronic Check,64.67,1606.17,No Internet,No,Yes,2,2,9,5.8,0
C104731,Male,37,32,One Year,UPI,62.58,2025.46,DSL,No,No,0,4,33,5.9,0
C104732,Female,36,17,One Year,Electronic Check,55.26,970.94,DSL,No,Yes,1,4,4,5.6,1
C104733,Female,26,45,Month-to-Month,UPI,65.52,2952.08,DSL,Yes,No,0,0,30,8.0,0
C104734,Male,38,49,Month-to-Month,UPI,61.8,2832.79,Fiber Optic,Yes,No,1,3,11,6.5,1
C104735,Male,55,18,Month-to-Month,Bank Transfer,91.57,1698.93,Fiber Optic,No,No,2,3,6,6.7,1
C104736,Male,50,52,Month-to-Month,Bank Transfer,103.11,5099.37,Fiber Optic,No,Yes,1,3,3,8.6,0
C104737,Male,48,20,Month-to-Month,UPI,115.39,2387.53,No Internet,No,Yes,1,3,5,6.0,0
C104738,Male,45,62,Month-to-Month,Electronic Check,91.62,5504.84,DSL,Yes,Yes,1,0,18,6.9,0
C104739,Female,34,13,Two Year,Electronic Check,72.16,943.62,No Internet,No,Yes,2,1,2,5.7,0
C104740,Female,21,43,One Year,UPI,66.77,2671.0,Fiber Optic,No,Yes,0,0,8,8.5,0
C104741,Male,36,21,Month-to-Month,Electronic Check,83.7,1697.48,DSL,No,Yes,1,2,6,8.5,0
C104742,Male,35,6,Month-to-Month,Electronic Check,58.79,376.71,DSL,No,Yes,2,0,15,10.0,1
C104743,Female,51,71,Month-to-Month,Electronic Check,110.02,7842.75,Fiber Optic,No,No,2,1,17,7.1,0
C104744,Male,42,53,One Year,Credit Card,69.11,3901.78,DSL,No,Yes,0,6,8,6.7,0
C104745,Male,57,52,Month-to-Month,Credit Card,120.38,6700.27,Fiber Optic,No,Yes,0,9,3,6.5,0
C104746,Male,52,69,Two Year,Electronic Check,94.45,6284.51,Fiber Optic,No,Yes,1,1,21,7.6,0
C104747,Male,33,9,Month-to-Month,Credit Card,65.5,627.79,DSL,No,Yes,0,5,5,8.3,0
C104748,Male,18,46,Two Year,Bank Transfer,92.98,4384.88,Fiber Optic,No,No,0,1,11,9.0,0
C104749,Female,55,71,One Year,UPI,71.57,5117.35,No Internet,No,No,0,2,8,7.5,0
C104750,Male,54,30,Month-to-Month,Electronic Check,79.82,2358.29,Fiber Optic,Yes,Yes,1,2,25,7.2,1
C104751,Male,22,43,Two Year,Electronic Check,112.98,4665.56,Fiber Optic,No,Yes,0,2,17,6.5,0
C104752,Female,56,59,Month-to-Month,Credit Card,90.78,5269.64,Fiber Optic,No,Yes,2,1,7,7.6,1
C104753,Male,43,38,Month-to-Month,UPI,70.18,2732.44,No Internet,Yes,Yes,0,2,6,6.0,0
C104754,Female,40,34,Month-to-Month,Credit Card,104.99,3491.37,DSL,No,No,2,5,18,4.9,0
C104755,Female,57,46,Two Year,Electronic Check,113.92,5116.61,Fiber Optic,No,Yes,1,2,23,8.4,1
C104756,Male,54,32,Month-to-Month,Electronic Check,54.66,1761.49,DSL,Yes,No,1,2,6,8.9,0
C104757,Female,46,16,Month-to-Month,Credit Card,76.45,1134.21,Fiber Optic,No,No,3,0,9,5.8,0
C104758,Male,44,39,Month-to-Month,Credit Card,76.81,3049.2,Fiber Optic,No,Yes,0,0,26,7.7,0
C104759,Female,45,1,One Year,Bank Transfer,142.51,137.78,No Internet,No,Yes,1,1,4,7.5,1
C104760,Male,33,57,Month-to-Month,Bank Transfer,80.15,4562.75,No Internet,No,Yes,0,1,17,8.2,1
C104761,Female,37,20,Month-to-Month,Credit Card,91.02,1916.29,Fiber Optic,Yes,Yes,1,3,16,7.7,0
C104762,Female,27,42,Month-to-Month,Credit Card,74.4,3270.98,Fiber Optic,No,No,3,4,11,6.9,0
C104763,Male,34,72,Month-to-Month,Credit Card,55.63,3871.87,No Internet,Yes,Yes,1,3,13,5.8,0
C104764,Female,34,34,One Year,Bank Transfer,117.31,3701.56,Fiber Optic,No,Yes,1,2,16,7.8,0
C104765,Female,30,50,Month-to-Month,Electronic Check,77.53,3801.08,No Internet,No,No,1,4,14,5.3,0
C104766,Female,40,11,Two Year,Bank Transfer,111.28,1149.13,DSL,Yes,Yes,2,1,23,6.7,1
C104767,Male,34,43,One Year,Credit Card,78.02,3318.44,DSL,No,Yes,3,0,12,4.9,1
C104768,Female,44,10,Month-to-Month,Bank Transfer,66.96,704.73,DSL,Yes,No,1,5,13,5.4,0
C104769,Male,19,8,Month-to-Month,Electronic Check,51.54,,DSL,Yes,No,1,1,2,6.4,1
C104770,Male,37,72,Two Year,Bank Transfer,80.4,6078.31,Fiber Optic,Yes,Yes,1,2,20,6.3,0
C104771,Male,40,19,Month-to-Month,Electronic Check,85.38,1743.95,Fiber Optic,Yes,No,2,2,5,6.5,0
C104772,Male,34,65,Month-to-Month,Electronic Check,94.34,6306.72,DSL,No,Yes,2,2,19,6.6,0
C104773,Female,36,55,One Year,UPI,101.19,5876.93,Fiber Optic,No,Yes,1,0,4,7.9,0
C104774,Male,19,52,Month-to-Month,Credit Card,80.62,4422.12,DSL,Yes,No,3,0,14,6.7,0
C104775,Female,42,3,One Year,Credit Card,87.84,243.27,Fiber Optic,No,Yes,1,2,9,6.7,0
C104776,Male,46,53,One Year,UPI,101.81,5535.95,Fiber Optic,Yes,No,0,1,18,7.8,0
C104777,Male,44,44,Month-to-Month,Credit Card,101.77,4671.97,Fiber Optic,Yes,Yes,0,1,7,7.5,1
C104778,Male,50,48,Month-to-Month,Bank Transfer,108.18,5146.27,Fiber Optic,No,No,0,0,28,7.1,0
C104779,Male,40,54,Two Year,Electronic Check,91.24,5199.6,No Internet,No,Yes,1,2,13,3.9,0
C104780,Male,44,16,Month-to-Month,Electronic Check,128.91,2116.71,DSL,Yes,Yes,0,2,9,8.7,1
C104781,Male,40,30,Month-to-Month,Credit Card,70.54,2178.79,DSL,No,Yes,0,2,17,7.2,0
C104782,Female,46,28,One Year,Bank Transfer,86.25,2379.4,DSL,No,Yes,0,1,26,6.8,0
C104783,Male,19,16,Month-to-Month,Credit Card,134.21,2279.22,DSL,No,No,2,2,10,6.1,1
C104784,Male,27,51,Two Year,Electronic Check,72.5,3625.87,No Internet,Yes,Yes,0,1,17,9.6,0
C104785,Male,57,33,Month-to-Month,Credit Card,113.01,3518.47,DSL,Yes,Yes,1,3,5,6.1,0
C104786,Female,18,25,Month-to-Month,Electronic Check,81.25,,Fiber Optic,Yes,No,2,2,6,6.4,1
C104787,Female,36,18,Month-to-Month,UPI,88.44,1566.79,Fiber Optic,Yes,Yes,2,0,6,7.5,0
C104788,Male,52,26,Two Year,Bank Transfer,88.18,2385.32,Fiber Optic,No,Yes,2,7,3,6.0,0
C104789,Male,37,6,Two Year,UPI,87.31,489.25,Fiber Optic,Yes,Yes,5,2,9,4.3,1
C104790,Male,33,38,Month-to-Month,Electronic Check,102.99,4012.84,DSL,No,Yes,1,4,3,6.8,1
C104791,Female,40,44,Month-to-Month,Electronic Check,107.31,4730.86,Fiber Optic,No,Yes,1,1,6,7.0,0
C104792,Male,34,67,Month-to-Month,Credit Card,70.8,4604.28,Fiber Optic,No,Yes,1,3,10,5.4,0
C104793,Male,38,43,Month-to-Month,UPI,94.22,3983.36,Fiber Optic,Yes,Yes,3,1,12,6.4,1
C104794,Male,30,6,Month-to-Month,Credit Card,99.59,616.5,No Internet,No,No,3,0,23,6.0,1
C104795,Male,51,64,One Year,UPI,44.73,2909.12,Fiber Optic,No,No,2,3,35,6.8,0
C104796,Male,55,13,Two Year,Electronic Check,87.23,1056.22,Fiber Optic,No,No,4,2,13,4.4,0
C104797,Female,36,65,One Year,Bank Transfer,95.55,5812.55,Fiber Optic,No,Yes,1,1,1,7.5,0
C104798,Male,21,38,Month-to-Month,Bank Transfer,104.78,4111.01,Fiber Optic,No,No,2,3,1,6.4,1
C104799,Female,32,64,Two Year,Credit Card,88.48,6006.79,No Internet,No,Yes,1,3,11,5.4,0
C104800,Male,36,14,Two Year,Credit Card,95.75,1267.79,Fiber Optic,No,Yes,2,2,17,5.4,0
C104801,Male,44,17,Month-to-Month,Bank Transfer,68.11,1175.52,DSL,Yes,No,0,1,11,8.1,0
C104802,Female,26,13,Two Year,Credit Card,85.28,1056.5,DSL,No,Yes,6,1,3,4.5,0
C104803,Male,29,6,Month-to-Month,Electronic Check,81.56,527.29,DSL,Yes,No,1,2,7,6.3,1
C104804,Female,44,6,Month-to-Month,Electronic Check,127.0,777.63,Fiber Optic,No,Yes,2,3,4,5.7,1
C104805,Female,49,37,Month-to-Month,Credit Card,62.65,2435.52,DSL,No,Yes,0,1,16,7.9,0
C104806,Male,31,57,Month-to-Month,Credit Card,50.91,2804.25,DSL,No,No,1,3,10,7.3,0
C104807,Female,22,53,Month-to-Month,Credit Card,61.34,3166.95,No Internet,No,No,1,2,24,7.1,0
C104808,Male,75,46,Two Year,Credit Card,72.03,3125.56,DSL,Yes,Yes,1,4,6,6.6,0
C104809,Female,47,4,One Year,Credit Card,90.08,370.67,Fiber Optic,Yes,No,0,0,19,7.6,1
C104810,Male,35,34,One Year,Credit Card,114.23,4183.04,Fiber Optic,Yes,Yes,1,0,1,6.3,0
C104811,Female,48,66,Month-to-Month,Electronic Check,79.22,5220.54,DSL,No,No,0,0,25,6.6,0
C104812,Male,37,63,Month-to-Month,Bank Transfer,68.18,4017.99,DSL,No,Yes,0,3,16,7.3,0
C104813,Male,48,61,Month-to-Month,UPI,55.74,3135.35,Fiber Optic,Yes,No,2,2,8,6.6,0
C104814,Female,40,42,Month-to-Month,UPI,90.2,3914.76,Fiber Optic,No,Yes,0,2,15,6.5,0
C104815,Female,39,64,One Year,UPI,103.96,6311.94,No Internet,No,No,3,1,6,6.8,0
C104816,Female,37,17,One Year,Electronic Check,71.56,1301.06,DSL,Yes,Yes,1,1,31,6.7,0
C104817,Female,21,61,Month-to-Month,Electronic Check,91.01,5759.57,Fiber Optic,No,Yes,2,0,4,7.9,0
C104818,Female,61,30,Two Year,Bank Transfer,114.46,3261.81,Fiber Optic,No,Yes,0,3,27,4.6,0
C104819,Male,27,43,Month-to-Month,Bank Transfer,40.06,1833.49,No Internet,No,No,2,2,12,5.4,0
C104820,Male,22,7,Month-to-Month,Electronic Check,72.75,486.55,DSL,No,No,3,4,15,5.5,1
C104821,Male,35,46,Two Year,Bank Transfer,96.53,4763.9,Fiber Optic,No,No,0,4,8,7.7,0
C104822,Male,26,23,Two Year,Credit Card,82.88,1841.34,Fiber Optic,No,Yes,0,2,5,8.6,0
C104823,Male,37,36,Month-to-Month,UPI,92.54,3131.65,Fiber Optic,No,Yes,1,2,9,8.6,0
C104824,Female,46,14,Month-to-Month,UPI,92.56,1310.57,Fiber Optic,No,No,1,0,7,8.5,0
C104825,Male,50,20,Month-to-Month,Electronic Check,88.83,1803.7,DSL,No,Yes,1,2,4,6.0,0
C104826,Female,48,56,Month-to-Month,Electronic Check,113.91,6509.99,DSL,Yes,Yes,2,2,8,4.9,0
C104827,Male,34,32,One Year,Credit Card,75.32,2322.1,DSL,No,Yes,0,0,23,7.6,0
C104828,Male,39,25,Month-to-Month,Electronic Check,87.64,2145.88,DSL,No,Yes,1,4,12,5.1,1
C104829,Male,43,49,One Year,Electronic Check,74.97,3962.49,DSL,No,No,0,1,21,7.4,0
C104830,Female,18,57,Month-to-Month,UPI,125.52,7039.44,Fiber Optic,Yes,No,0,1,9,9.0,0
C104831,Female,45,27,Two Year,Bank Transfer,95.12,2404.69,Fiber Optic,Yes,Yes,1,4,8,8.2,0
C104832,Female,21,27,One Year,Bank Transfer,97.99,2614.51,Fiber Optic,Yes,No,3,1,6,7.7,0
C104833,Male,62,46,One Year,UPI,93.37,4082.37,No Internet,Yes,Yes,2,4,7,6.1,0
C104834,Female,33,45,One Year,Electronic Check,76.09,3231.55,Fiber Optic,No,Yes,1,2,10,7.4,0
C104835,Male,36,26,Two Year,Bank Transfer,94.07,2399.82,Fiber Optic,Yes,No,3,4,13,5.7,0
C104836,Male,29,14,Two Year,Bank Transfer,108.23,1477.37,Fiber Optic,Yes,No,0,3,6,8.2,0
C104837,Male,30,48,One Year,UPI,25.0,1126.41,No Internet,No,No,0,4,27,6.7,0
C104838,Male,65,15,One Year,Electronic Check,57.81,800.12,DSL,No,No,0,1,38,6.8,0
C104839,Male,49,51,One Year,Bank Transfer,114.4,5958.58,DSL,No,Yes,2,1,8,6.7,0
C104840,Female,19,54,Month-to-Month,UPI,44.67,2311.65,Fiber Optic,Yes,Yes,0,1,23,6.6,0
C104841,Female,56,11,Month-to-Month,Credit Card,118.99,1383.56,Fiber Optic,No,No,0,3,10,9.1,1
C104842,Male,52,28,Month-to-Month,Credit Card,75.55,2050.88,Fiber Optic,No,No,1,4,13,5.5,0
C104843,Male,35,55,One Year,UPI,84.79,4697.05,No Internet,No,Yes,4,3,26,5.7,0
C104844,Male,42,69,Month-to-Month,Electronic Check,107.49,7086.17,Fiber Optic,No,Yes,1,1,25,7.0,0
C104845,Male,38,72,Month-to-Month,Electronic Check,91.06,6225.7,No Internet,No,Yes,0,1,13,8.6,0
C104846,Female,62,26,Month-to-Month,Electronic Check,75.47,2101.86,DSL,Yes,No,1,5,19,5.3,0
C104847,Male,28,70,Month-to-Month,Bank Transfer,68.32,4918.28,DSL,No,No,1,3,3,6.3,0
C104848,Female,40,32,Two Year,Bank Transfer,80.66,2766.8,Fiber Optic,No,Yes,2,3,10,4.6,0
C104849,Male,33,48,Month-to-Month,Bank Transfer,45.49,2078.74,No Internet,No,Yes,2,2,5,6.8,0
C104850,Female,21,12,One Year,Credit Card,108.1,1348.84,Fiber Optic,No,Yes,3,1,16,5.4,0
C104851,Male,64,70,One Year,UPI,96.14,6432.12,DSL,No,Yes,2,0,9,7.6,0
C104852,Female,24,61,Month-to-Month,Credit Card,72.16,4577.25,Fiber Optic,No,Yes,1,2,32,7.7,1
C104853,Male,41,34,One Year,UPI,75.7,2709.94,DSL,No,Yes,2,6,15,4.6,0
C104854,Female,18,45,Month-to-Month,UPI,41.85,1796.92,No Internet,No,No,2,2,11,6.3,0
C104855,Male,33,60,Month-to-Month,Credit Card,101.43,5956.07,Fiber Optic,No,No,3,1,3,5.4,0
C104856,Male,43,65,Month-to-Month,Electronic Check,67.36,4452.3,DSL,No,No,0,3,26,6.2,0
C104857,Female,28,71,Two Year,Electronic Check,59.15,4475.51,DSL,Yes,No,1,0,8,8.7,0
C104858,Female,45,13,Two Year,Credit Card,93.48,1123.34,No Internet,No,No,0,3,4,9.0,0
C104859,Female,35,48,Two Year,Bank Transfer,93.64,4536.57,Fiber Optic,Yes,Yes,2,3,6,5.3,0
C104860,Female,52,49,Two Year,Electronic Check,95.06,4387.59,DSL,No,Yes,1,2,16,7.2,0
C104861,Female,54,58,Month-to-Month,Credit Card,63.76,3653.44,No Internet,Yes,Yes,3,1,10,6.0,0
C104862,Male,31,70,Month-to-Month,Bank Transfer,44.12,3105.22,DSL,No,Yes,0,1,31,7.3,0
C104863,Male,39,61,Two Year,Credit Card,63.86,4075.82,DSL,Yes,Yes,2,2,8,5.0,0
C104864,Male,40,26,One Year,Bank Transfer,76.45,2146.12,DSL,No,Yes,1,1,17,6.5,0
C104865,Female,45,39,Month-to-Month,Bank Transfer,76.12,2997.14,DSL,No,No,2,2,14,7.0,0
C104866,Male,38,58,One Year,Credit Card,74.16,4253.59,Fiber Optic,No,Yes,0,3,6,7.2,0
C104867,Male,40,27,Month-to-Month,Bank Transfer,76.69,2073.16,Fiber Optic,No,Yes,0,3,11,9.8,0
C104868,Female,35,40,One Year,Bank Transfer,106.77,4340.34,Fiber Optic,No,No,2,1,30,5.0,1
C104869,Female,39,31,Month-to-Month,Bank Transfer,84.56,2446.97,Fiber Optic,Yes,Yes,1,1,4,8.8,0
C104870,Male,54,3,One Year,Electronic Check,130.61,364.99,Fiber Optic,Yes,No,2,2,17,7.3,1
C104871,Male,46,15,One Year,Credit Card,77.49,1133.32,Fiber Optic,Yes,No,0,0,23,6.6,1
C104872,Male,46,54,Two Year,Bank Transfer,92.64,4649.77,Fiber Optic,Yes,Yes,0,2,18,6.5,0
C104873,Male,47,70,Month-to-Month,Electronic Check,94.18,6587.6,DSL,No,Yes,0,2,33,7.3,1
C104874,Male,36,11,One Year,Bank Transfer,75.89,802.46,Fiber Optic,No,No,1,0,18,9.5,0
C104875,Female,42,30,One Year,Electronic Check,27.03,752.85,DSL,Yes,No,2,1,14,7.1,0
C104876,Female,25,35,One Year,Electronic Check,111.11,3609.6,DSL,Yes,Yes,2,0,21,6.6,1
C104877,Female,53,43,Month-to-Month,Credit Card,71.76,3041.11,DSL,No,No,4,1,25,6.6,0
C104878,Male,18,61,Two Year,Electronic Check,72.94,4329.11,DSL,Yes,Yes,0,4,11,7.6,0
C104879,Female,37,40,Month-to-Month,Electronic Check,87.46,3674.41,Fiber Optic,Yes,Yes,1,5,6,4.7,1
C104880,Male,52,42,Month-to-Month,Credit Card,104.2,4117.81,Fiber Optic,No,No,3,3,2,7.6,0
C104881,Male,22,42,One Year,Bank Transfer,94.36,3663.43,Fiber Optic,No,No,0,3,27,6.5,0
C104882,Female,43,3,Month-to-Month,Credit Card,54.79,152.81,DSL,No,Yes,2,3,30,4.9,0
C104883,Male,30,21,Month-to-Month,Electronic Check,75.09,1534.52,DSL,Yes,No,3,1,5,7.2,1
C104884,Male,34,53,Month-to-Month,Electronic Check,85.12,4588.16,Fiber Optic,No,No,2,0,7,6.2,1
C104885,Female,49,44,Month-to-Month,Credit Card,67.5,2970.08,Fiber Optic,No,No,1,1,11,6.8,1
C104886,Male,40,46,Month-to-Month,Bank Transfer,63.36,2947.2,Fiber Optic,No,Yes,1,5,13,7.5,0
C104887,Female,18,37,Month-to-Month,Bank Transfer,54.93,2073.66,No Internet,No,No,1,2,15,8.0,0
C104888,Male,26,38,One Year,Credit Card,63.22,2329.12,No Internet,No,No,0,4,11,6.2,0
C104889,Female,50,38,Month-to-Month,Bank Transfer,55.72,2255.87,DSL,No,No,1,2,4,7.1,0
C104890,Male,43,11,Month-to-Month,UPI,90.68,919.11,DSL,No,No,0,1,29,9.0,0
C104891,Male,59,45,Two Year,Electronic Check,124.66,5321.75,Fiber Optic,No,Yes,1,4,7,5.7,0
C104892,Female,58,64,Month-to-Month,Electronic Check,83.49,5468.26,DSL,No,Yes,0,1,12,6.5,1
C104893,Male,34,44,One Year,Credit Card,79.26,3751.36,Fiber Optic,No,No,1,1,9,5.5,0
C104894,Male,68,62,Month-to-Month,Bank Transfer,53.68,3143.01,DSL,Yes,Yes,0,2,35,7.1,0
C104895,Male,38,61,One Year,Electronic Check,71.46,4503.53,Fiber Optic,No,No,0,3,10,7.2,0
C104896,Male,26,12,One Year,Credit Card,95.54,1099.9,Fiber Optic,No,No,2,2,25,6.1,1
C104897,Male,30,9,Month-to-Month,Electronic Check,104.61,896.42,DSL,Yes,Yes,1,0,6,6.4,1
C104898,Male,18,67,One Year,Bank Transfer,53.99,3504.39,No Internet,No,No,0,1,13,7.1,0
C104899,Female,57,2,One Year,Electronic Check,104.04,197.09,DSL,Yes,Yes,1,5,8,6.2,0
C104900,Male,57,8,Month-to-Month,UPI,71.36,573.11,Fiber Optic,No,Yes,4,0,4,6.3,1
C104901,Male,26,43,One Year,Electronic Check,95.65,4407.58,DSL,No,No,1,4,24,5.0,0
C104902,Male,35,18,Month-to-Month,UPI,56.49,1085.61,DSL,Yes,Yes,0,1,8,7.4,0
C104903,Male,39,52,One Year,Credit Card,90.02,4707.09,No Internet,No,No,0,3,2,5.1,0
C104904,Female,26,39,One Year,UPI,59.69,2417.25,DSL,Yes,No,1,1,13,7.1,0
C104905,Male,18,31,Month-to-Month,UPI,137.11,4045.05,Fiber Optic,Yes,Yes,1,1,1,8.0,0
C104906,Female,35,14,One Year,Electronic Check,91.75,1296.07,Fiber Optic,No,No,0,4,3,7.0,1
C104907,Male,34,64,Two Year,Electronic Check,55.28,3694.32,DSL,Yes,Yes,2,5,24,7.0,0
C104908,Female,33,44,Month-to-Month,Bank Transfer,78.83,3370.02,No Internet,Yes,Yes,0,0,16,9.3,0
C104909,Female,41,60,Two Year,Electronic Check,93.98,5376.42,Fiber Optic,No,No,2,3,44,6.8,0
C104910,Female,55,2,Month-to-Month,UPI,69.7,134.73,DSL,No,No,1,1,5,4.6,1
C104911,Female,34,32,Two Year,Electronic Check,89.87,2772.99,Fiber Optic,No,No,2,2,16,6.7,0
C104912,Female,40,36,Month-to-Month,Credit Card,63.26,2193.91,Fiber Optic,Yes,Yes,1,3,16,6.4,0
C104913,Male,47,55,Month-to-Month,Electronic Check,75.52,3864.11,DSL,No,Yes,3,2,4,6.4,0
C104914,Male,45,63,Month-to-Month,Credit Card,45.78,2883.57,DSL,Yes,Yes,0,3,10,6.6,0
C104915,Female,31,69,Two Year,Credit Card,79.07,5159.13,Fiber Optic,No,No,2,2,9,7.1,0
C104916,Male,39,40,Month-to-Month,Bank Transfer,129.7,5519.14,Fiber Optic,No,No,0,1,3,7.9,1
C104917,Male,45,24,One Year,Bank Transfer,80.17,2016.81,No Internet,No,No,0,1,15,7.4,0
C104918,Female,24,58,Two Year,UPI,54.83,3388.98,DSL,No,Yes,0,2,29,8.5,0
C104919,Male,53,28,Month-to-Month,Electronic Check,72.39,2147.76,DSL,No,Yes,1,1,17,5.9,0
C104920,Female,55,62,Month-to-Month,Bank Transfer,74.88,4536.11,Fiber Optic,Yes,No,2,2,12,7.7,0
C104921,Female,29,25,One Year,Electronic Check,113.39,2958.65,DSL,No,No,0,0,9,7.9,0
C104922,Female,40,7,Month-to-Month,Electronic Check,55.97,391.69,DSL,No,Yes,1,1,10,7.7,0
C104923,Female,46,38,Month-to-Month,Electronic Check,66.74,2436.95,DSL,Yes,No,2,2,4,7.4,0
C104924,Male,31,71,One Year,UPI,61.69,4282.73,Fiber Optic,Yes,No,0,5,17,6.1,0
C104925,Male,44,45,Month-to-Month,Bank Transfer,107.82,4907.66,DSL,No,Yes,0,0,6,6.3,0
C104926,Male,40,32,Month-to-Month,Bank Transfer,35.3,1192.04,DSL,No,No,1,2,4,6.2,0
C104927,Male,20,32,Month-to-Month,Bank Transfer,57.92,1708.78,DSL,Yes,Yes,0,2,22,6.2,0
C104928,Female,44,1,Month-to-Month,Credit Card,84.89,84.09,DSL,Yes,Yes,2,2,4,6.3,0
C104929,Female,25,45,Month-to-Month,Credit Card,116.18,4814.57,Fiber Optic,No,Yes,0,2,6,7.2,0
C104930,Male,49,64,Month-to-Month,Electronic Check,107.33,6635.56,Fiber Optic,Yes,No,0,2,3,8.2,1
C104931,Male,30,68,Month-to-Month,Credit Card,99.32,6656.48,DSL,Yes,Yes,2,3,15,6.5,0
C104932,Female,36,7,One Year,Credit Card,85.53,595.43,DSL,No,Yes,1,3,12,7.4,1
C104933,Male,54,38,Two Year,Bank Transfer,77.58,3061.48,No Internet,No,No,0,1,4,7.6,0
C104934,Male,44,70,One Year,Electronic Check,118.41,8596.65,Fiber Optic,No,Yes,0,3,10,7.6,0
C104935,Male,25,53,One Year,Credit Card,104.06,5349.29,No Internet,No,No,1,1,27,6.9,0
C104936,Female,26,30,Month-to-Month,Credit Card,77.05,2262.24,Fiber Optic,No,No,0,2,47,7.7,0
C104937,Female,31,22,One Year,Credit Card,77.7,1643.57,Fiber Optic,No,No,0,3,10,9.1,0
C104938,Female,43,58,Two Year,Bank Transfer,54.87,3127.19,Fiber Optic,No,No,1,1,5,7.1,0
C104939,Female,42,55,Two Year,Bank Transfer,80.21,4298.05,No Internet,No,No,2,0,11,8.3,0
C104940,Male,28,46,One Year,Bank Transfer,80.82,3815.71,DSL,Yes,No,2,3,7,8.3,0
C104941,Male,24,26,Month-to-Month,Electronic Check,63.45,1552.09,Fiber Optic,No,Yes,3,2,13,6.6,1
C104942,Female,41,64,One Year,UPI,101.65,6015.08,Fiber Optic,Yes,Yes,0,4,3,7.9,0
C104943,Male,36,9,Month-to-Month,Bank Transfer,52.53,436.44,No Internet,Yes,No,0,2,6,7.7,0
C104944,Female,64,15,Two Year,Electronic Check,70.63,1138.31,No Internet,Yes,No,1,2,4,6.6,0
C104945,Female,38,19,Month-to-Month,Bank Transfer,114.39,2085.16,Fiber Optic,No,Yes,1,1,26,7.4,1
C104946,Female,60,16,Month-to-Month,UPI,114.4,1898.39,Fiber Optic,Yes,No,1,4,7,7.4,1
C104947,Female,24,25,Month-to-Month,Credit Card,56.72,1467.82,DSL,Yes,Yes,0,1,11,7.7,0
C104948,Female,19,51,Month-to-Month,UPI,61.55,3307.91,No Internet,No,No,1,0,10,6.7,1
C104949,Female,25,46,Month-to-Month,Electronic Check,100.86,4556.43,DSL,No,Yes,0,1,9,8.9,0
C104950,Male,52,7,Month-to-Month,Credit Card,92.74,664.56,No Internet,No,Yes,0,4,9,8.2,0
C104951,Male,59,34,Month-to-Month,Electronic Check,89.88,2988.86,DSL,Yes,No,2,1,7,6.1,0
C104952,Male,29,58,Month-to-Month,Electronic Check,25.0,1388.4,DSL,No,No,1,1,5,6.8,0
C104953,Female,32,23,Two Year,UPI,49.27,1221.39,No Internet,No,No,1,3,17,6.8,0
C104954,Male,24,23,Month-to-Month,Credit Card,91.48,2239.77,No Internet,No,Yes,3,2,32,4.7,1
C104955,Female,18,17,Month-to-Month,Electronic Check,108.45,1833.1,DSL,No,No,3,6,4,6.0,1
C104956,Male,47,13,Month-to-Month,Credit Card,61.35,811.32,DSL,No,No,3,1,13,5.8,0
C104957,Female,41,27,Month-to-Month,UPI,74.67,2167.52,DSL,No,No,1,0,12,8.3,1
C104958,Male,38,66,Two Year,Electronic Check,55.45,3567.57,DSL,Yes,Yes,0,1,25,10.0,0
C104959,Female,21,30,Month-to-Month,Electronic Check,124.63,3942.68,Fiber Optic,No,Yes,1,1,22,7.4,0
C104960,Female,58,4,Month-to-Month,Credit Card,61.87,243.37,Fiber Optic,Yes,No,1,2,10,7.0,1
C104961,Male,32,67,Month-to-Month,UPI,94.12,6682.34,DSL,No,No,2,1,2,,0
C104962,Male,44,14,Month-to-Month,Electronic Check,58.22,813.34,DSL,No,Yes,0,5,38,7.3,0
C104963,Female,21,11,One Year,Credit Card,38.31,423.61,Fiber Optic,No,Yes,0,2,9,6.2,0
C104964,Male,36,40,Month-to-Month,Credit Card,83.18,3463.61,DSL,Yes,No,1,4,25,8.1,0
C104965,Male,41,3,One Year,Credit Card,87.93,279.89,Fiber Optic,No,Yes,2,2,5,8.3,0
C104966,Female,42,1,One Year,Electronic Check,87.93,84.63,DSL,No,No,3,1,18,3.5,0
C104967,Female,40,9,One Year,UPI,94.46,,Fiber Optic,Yes,Yes,0,7,13,9.2,0
C104968,Female,44,1,Month-to-Month,Bank Transfer,57.13,61.23,DSL,Yes,Yes,4,1,10,5.2,1
C104969,Male,24,16,One Year,UPI,74.15,1095.76,DSL,No,Yes,0,1,7,8.2,0
C104970,Male,40,72,Month-to-Month,Credit Card,105.19,7157.79,No Internet,Yes,Yes,1,1,14,8.0,0
C104971,Female,39,46,Month-to-Month,Electronic Check,91.42,4107.42,No Internet,No,No,2,3,10,5.9,0
C104972,Female,41,10,Month-to-Month,Electronic Check,92.32,965.5,DSL,No,Yes,1,2,4,6.2,1
C104973,Female,39,33,Month-to-Month,Credit Card,126.01,4215.02,DSL,Yes,Yes,0,2,1,6.3,0
C104974,Male,23,41,One Year,UPI,97.4,4263.05,Fiber Optic,No,No,0,0,6,8.8,0
C104975,Male,22,51,One Year,UPI,111.08,5631.49,Fiber Optic,Yes,Yes,0,4,10,8.4,0
C104976,Male,18,22,Month-to-Month,UPI,56.36,1240.0,Fiber Optic,No,Yes,1,6,15,6.7,0
C104977,Male,48,16,Month-to-Month,Electronic Check,96.77,1563.24,DSL,Yes,No,2,1,9,4.9,1
C104978,Male,48,62,Two Year,Bank Transfer,88.13,5819.86,DSL,No,Yes,2,1,5,6.3,0
C104979,Male,48,53,Month-to-Month,Bank Transfer,106.0,,Fiber Optic,Yes,Yes,2,0,18,8.4,0
C104980,Female,42,14,Month-to-Month,UPI,94.93,1331.33,Fiber Optic,No,Yes,1,0,8,8.1,1
C104981,Male,18,59,Month-to-Month,Credit Card,98.55,5699.48,DSL,No,Yes,1,3,13,6.1,0
C104982,Female,26,26,One Year,Credit Card,95.51,2406.26,Fiber Optic,Yes,Yes,0,2,15,6.6,1
C104983,Female,40,44,Month-to-Month,Electronic Check,89.3,4065.14,Fiber Optic,Yes,No,1,5,21,5.7,1
C104984,Female,40,20,Month-to-Month,Bank Transfer,119.24,2322.95,DSL,No,Yes,1,1,5,7.5,0
C104985,Male,35,5,One Year,Credit Card,82.6,381.58,DSL,No,No,1,1,7,7.6,0
C104986,Female,42,65,Month-to-Month,Credit Card,116.28,7212.32,DSL,No,Yes,2,2,29,6.7,0
C104987,Female,38,11,One Year,UPI,97.58,1037.59,Fiber Optic,No,No,2,2,12,6.7,1
C104988,Female,39,47,Two Year,Credit Card,111.26,4962.55,DSL,No,Yes,3,6,13,5.5,1
C104989,Female,30,10,Month-to-Month,Credit Card,77.38,806.44,DSL,No,No,0,3,20,7.7,0
C104990,Female,50,61,Two Year,Credit Card,67.37,4179.12,No Internet,No,Yes,1,3,18,7.3,0
C104991,Female,33,45,Two Year,Electronic Check,62.79,2911.91,DSL,No,No,3,2,16,5.4,0
C104992,Male,22,47,Month-to-Month,Electronic Check,84.12,3979.87,Fiber Optic,Yes,Yes,6,5,11,3.3,1
C104993,Female,29,34,Two Year,Electronic Check,30.81,1078.11,DSL,No,No,0,0,7,10.0,0
C104994,Male,34,13,One Year,Electronic Check,60.2,809.55,DSL,Yes,Yes,0,2,13,6.7,0
C104995,Female,50,23,Two Year,Electronic Check,98.33,2355.52,DSL,Yes,No,2,2,16,,0
C104996,Male,37,36,One Year,Credit Card,100.06,3762.2,DSL,No,Yes,0,0,10,6.0,0
C104997,Male,36,63,Month-to-Month,Electronic Check,98.4,5975.66,Fiber Optic,Yes,Yes,1,6,14,3.8,0
C104998,Female,23,47,One Year,UPI,128.85,5805.01,Fiber Optic,Yes,No,1,2,30,6.3,0
C104999,Female,47,66,Month-to-Month,UPI,65.37,4468.21,DSL,No,Yes,3,4,7,5.6,1
C105000,Male,30,14,Month-to-Month,Bank Transfer,90.38,1363.06,DSL,No,Yes,1,4,13,6.3,0
C105001,Male,37,53,One Year,UPI,106.04,5822.25,Fiber Optic,No,Yes,2,4,12,5.3,0
C105002,Female,56,66,Two Year,Bank Transfer,85.04,5618.03,Fiber Optic,No,Yes,2,1,7,5.3,0
C105003,Male,44,49,One Year,UPI,65.49,3108.99,No Internet,Yes,No,0,2,23,7.0,0
C105004,Female,18,16,One Year,Bank Transfer,78.96,1189.0,DSL,Yes,Yes,2,1,14,6.4,0
C105005,Male,18,68,Month-to-Month,Credit Card,75.35,5191.15,Fiber Optic,Yes,No,3,3,22,6.7,0
C105006,Female,37,43,One Year,UPI,133.83,5370.66,Fiber Optic,Yes,No,2,0,2,7.5,0
C105007,Female,23,65,One Year,Credit Card,87.88,6102.2,Fiber Optic,Yes,Yes,3,4,46,3.9,0
C105008,Male,46,9,Month-to-Month,Credit Card,101.56,850.31,Fiber Optic,No,Yes,2,0,35,5.1,1
C105009,Male,39,21,Month-to-Month,Bank Transfer,66.81,1320.93,No Internet,No,No,1,0,13,6.4,0
C105010,Male,40,43,One Year,UPI,123.25,5519.59,DSL,No,Yes,2,2,4,7.8,0
C105011,Female,30,66,Month-to-Month,Credit Card,80.96,,No Internet,No,Yes,3,2,3,7.2,0
C105012,Female,59,4,Month-to-Month,Bank Transfer,46.98,178.36,No Internet,No,No,0,1,13,6.4,0
C105013,Female,72,7,Two Year,Credit Card,56.49,367.11,DSL,Yes,No,1,2,13,8.5,0
C105014,Male,35,58,Two Year,UPI,104.86,5727.16,Fiber Optic,Yes,No,1,1,25,7.1,0
C105015,Male,42,4,One Year,Bank Transfer,84.22,348.42,DSL,No,Yes,1,1,18,6.1,0
C105016,Male,39,20,One Year,Credit Card,101.61,2158.85,DSL,No,Yes,0,3,26,6.9,1
C105017,Male,35,35,Month-to-Month,Bank Transfer,113.62,4114.26,Fiber Optic,Yes,Yes,0,4,11,7.9,0
C105018,Female,28,59,Month-to-Month,Electronic Check,74.82,4319.81,No Internet,No,Yes,1,0,9,7.4,1
C105019,Female,25,45,Two Year,Credit Card,79.94,3657.39,No Internet,No,Yes,2,1,3,6.8,0
C105020,Female,24,14,One Year,Bank Transfer,67.71,949.34,DSL,No,No,1,2,13,9.5,0
C105021,Male,43,22,One Year,Credit Card,90.67,2001.37,DSL,Yes,Yes,3,2,4,6.7,1
C105022,Female,32,48,Month-to-Month,Credit Card,49.5,2499.8,DSL,Yes,Yes,0,2,12,8.1,0
C105023,Female,18,30,Two Year,Credit Card,77.43,2492.21,DSL,No,Yes,6,1,11,5.7,0
C105024,Female,43,29,Month-to-Month,UPI,76.12,2344.29,Fiber Optic,Yes,No,0,2,20,10.0,0
C105025,Female,38,36,Month-to-Month,Credit Card,88.08,3302.04,Fiber Optic,No,No,1,3,25,5.4,0
C105026,Male,54,42,Month-to-Month,Electronic Check,78.36,3268.92,Fiber Optic,No,No,2,1,14,8.0,1
C105027,Male,42,29,One Year,Electronic Check,95.45,2652.05,Fiber Optic,No,No,0,2,5,8.1,0
C105028,Female,20,7,One Year,Credit Card,117.65,807.23,Fiber Optic,No,Yes,2,0,18,7.0,1
C105029,Male,18,32,Month-to-Month,Bank Transfer,105.94,3587.71,No Internet,Yes,No,2,1,15,5.9,0
C105030,Male,29,13,Month-to-Month,UPI,73.42,879.28,DSL,No,Yes,2,1,11,4.9,0
C105031,Female,30,13,Two Year,Electronic Check,113.8,1437.09,Fiber Optic,Yes,Yes,1,0,13,7.7,0
C105032,Female,49,54,Two Year,Bank Transfer,25.0,1347.56,DSL,No,No,1,4,21,5.9,0
C105033,Female,38,14,Month-to-Month,Bank Transfer,103.03,1336.28,Fiber Optic,Yes,Yes,1,1,10,7.2,0
C105034,Male,52,6,Two Year,Credit Card,56.28,316.32,Fiber Optic,No,No,2,3,3,4.6,0
C105035,Male,22,16,Two Year,UPI,103.58,1712.43,No Internet,No,Yes,3,3,21,5.5,0
C105036,Female,50,41,Month-to-Month,Credit Card,118.46,5201.45,Fiber Optic,No,Yes,5,3,10,4.0,1
C105037,Female,47,52,Month-to-Month,Electronic Check,100.75,5385.29,Fiber Optic,No,No,2,1,3,6.5,0
C105038,Female,18,16,Two Year,UPI,78.19,1198.12,Fiber Optic,No,No,1,2,12,5.9,0
C105039,Female,54,5,Month-to-Month,Electronic Check,54.05,261.5,No Internet,Yes,No,3,1,10,5.1,1
C105040,Female,39,24,Month-to-Month,UPI,81.49,1989.17,No Internet,Yes,Yes,2,1,9,5.8,0
C105041,Female,43,43,One Year,Bank Transfer,71.71,3323.22,No Internet,No,No,1,3,5,7.1,0
C105042,Male,28,65,One Year,Electronic Check,81.21,5408.01,No Internet,No,Yes,1,0,17,6.7,0
C105043,Female,53,10,One Year,Electronic Check,90.21,841.95,Fiber Optic,Yes,No,2,2,9,6.8,0
C105044,Female,24,59,One Year,Electronic Check,100.66,5627.97,DSL,No,No,1,1,5,8.0,0
C105045,Female,48,35,One Year,Bank Transfer,59.87,2166.88,DSL,No,No,3,5,21,5.6,0
C105046,Male,48,31,Month-to-Month,Electronic Check,49.96,1609.0,No Internet,No,No,3,3,7,5.3,0
C105047,Female,26,11,Month-to-Month,Bank Transfer,80.56,826.2,DSL,No,Yes,1,1,8,7.2,0
C105048,Male,62,9,Month-to-Month,Electronic Check,78.92,719.19,DSL,No,Yes,1,4,8,7.5,0
C105049,Male,41,66,Two Year,UPI,83.73,5809.46,DSL,No,Yes,2,0,15,7.6,0
C105050,Male,46,44,Two Year,UPI,87.56,3662.21,DSL,No,Yes,2,1,6,8.3,0
C105051,Female,20,16,Month-to-Month,Credit Card,81.48,1346.54,DSL,No,Yes,0,3,7,6.7,0
C105052,Male,63,48,Month-to-Month,UPI,62.89,2976.16,No Internet,No,Yes,0,2,12,8.3,0
C105053,Male,23,53,Two Year,Credit Card,81.25,4413.68,No Internet,No,No,2,4,6,4.9,0
C105054,Male,50,65,Month-to-Month,Electronic Check,123.79,8123.41,Fiber Optic,No,Yes,2,2,17,6.1,0
C105055,Female,26,48,Month-to-Month,Electronic Check,90.67,4657.03,Fiber Optic,No,Yes,2,3,9,5.0,1
C105056,Male,31,70,Two Year,Credit Card,85.38,5649.07,DSL,Yes,Yes,2,1,18,6.7,0
C105057,Male,47,46,One Year,Electronic Check,107.66,4724.39,DSL,Yes,Yes,0,1,9,7.9,0
C105058,Female,50,33,Month-to-Month,UPI,70.43,2204.22,Fiber Optic,No,Yes,0,3,7,8.0,0
C105059,Male,23,52,Two Year,Bank Transfer,73.33,3935.57,DSL,No,No,0,4,3,7.4,0
C105060,Female,51,55,Two Year,Credit Card,110.0,5744.67,Fiber Optic,No,No,3,4,2,6.8,0
C105061,Female,51,51,Month-to-Month,Bank Transfer,103.32,5197.85,Fiber Optic,Yes,No,0,0,4,8.4,1
C105062,Male,27,40,Two Year,Electronic Check,92.44,3925.86,No Internet,No,No,1,2,3,8.4,0
C105063,Male,57,25,One Year,Electronic Check,39.79,959.43,Fiber Optic,Yes,Yes,2,2,14,7.3,1
C105064,Female,21,63,Month-to-Month,Bank Transfer,65.73,3908.88,No Internet,Yes,Yes,1,2,7,7.0,0
C105065,Male,31,22,Two Year,Credit Card,53.62,1185.91,Fiber Optic,Yes,No,0,5,9,7.0,0
C105066,Male,44,38,Month-to-Month,Bank Transfer,121.93,4748.58,Fiber Optic,No,Yes,2,2,19,6.2,0
C105067,Male,28,9,Month-to-Month,Electronic Check,101.65,914.3,Fiber Optic,Yes,Yes,2,4,5,5.6,1
C105068,Female,41,37,Month-to-Month,Bank Transfer,79.78,2973.81,DSL,Yes,Yes,1,6,6,5.8,0
C105069,Male,41,5,One Year,UPI,74.31,353.29,Fiber Optic,No,Yes,3,1,7,6.0,0
C105070,Female,36,22,Month-to-Month,Credit Card,73.07,1554.75,DSL,Yes,Yes,1,0,6,7.1,0
C105071,Female,48,12,Two Year,Credit Card,123.84,1523.92,DSL,Yes,No,2,1,4,7.0,0
C105072,Male,35,60,One Year,Electronic Check,80.79,5085.21,DSL,Yes,Yes,3,4,6,7.2,0
C105073,Male,41,44,Month-to-Month,Electronic Check,62.15,2673.68,DSL,No,No,1,0,12,5.3,1
C105074,Female,52,22,One Year,Credit Card,59.9,1361.95,Fiber Optic,No,No,3,0,20,7.7,0
C105075,Male,47,6,Month-to-Month,Electronic Check,131.02,748.09,Fiber Optic,No,Yes,1,2,13,7.4,1
C105076,Female,47,27,Month-to-Month,Bank Transfer,85.28,2227.91,Fiber Optic,Yes,No,0,0,6,8.7,0
C105077,Male,24,55,Month-to-Month,Electronic Check,78.04,3953.3,Fiber Optic,No,No,0,4,10,7.8,0
C105078,Male,44,15,One Year,Credit Card,61.32,878.61,Fiber Optic,Yes,Yes,1,4,10,6.4,0
C105079,Male,27,64,Month-to-Month,Credit Card,70.48,4699.68,Fiber Optic,No,Yes,3,0,6,4.5,1
C105080,Male,23,17,Two Year,Electronic Check,111.94,1776.58,Fiber Optic,No,No,0,3,7,9.2,0
C105081,Male,37,3,Month-to-Month,UPI,55.72,155.87,Fiber Optic,No,Yes,1,3,3,7.2,1
C105082,Female,27,10,Month-to-Month,UPI,52.93,541.1,No Internet,No,Yes,3,4,12,7.8,1
C105083,Male,47,63,Month-to-Month,Credit Card,72.54,4570.23,DSL,No,Yes,2,4,10,6.3,0
C105084,Male,48,63,One Year,Bank Transfer,86.19,5668.51,DSL,No,No,1,3,13,8.4,0
C105085,Male,18,62,Month-to-Month,Bank Transfer,83.14,5064.76,DSL,No,Yes,1,0,2,7.4,0
C105086,Female,28,9,Month-to-Month,Bank Transfer,69.04,627.53,DSL,No,Yes,2,3,6,6.2,0
C105087,Male,20,24,Month-to-Month,Credit Card,68.28,1754.29,DSL,No,Yes,2,4,15,4.3,1
C105088,Female,32,32,One Year,UPI,66.84,2265.35,No Internet,No,Yes,2,1,7,6.1,0
C105089,Male,43,3,Month-to-Month,Bank Transfer,83.6,254.87,Fiber Optic,No,No,0,2,16,5.7,1
C105090,Male,35,33,Month-to-Month,Credit Card,72.18,2374.13,Fiber Optic,No,Yes,0,1,7,9.3,0
C105091,Male,31,43,Month-to-Month,Electronic Check,91.55,3652.31,Fiber Optic,Yes,No,1,2,14,7.7,0
C105092,Female,54,12,Two Year,Electronic Check,118.52,1428.49,Fiber Optic,No,Yes,1,2,4,8.6,0
C105093,Male,18,32,Two Year,Credit Card,109.58,3488.99,Fiber Optic,Yes,No,2,3,19,8.2,0
C105094,Male,53,20,One Year,UPI,55.53,1187.02,Fiber Optic,No,Yes,0,0,10,7.9,0
C105095,Male,31,67,Month-to-Month,Bank Transfer,53.02,3498.36,DSL,Yes,No,1,2,9,7.0,0
C105096,Female,37,68,Month-to-Month,Credit Card,96.5,6689.73,Fiber Optic,No,No,0,2,2,9.5,0
C105097,Male,32,17,Month-to-Month,Electronic Check,94.12,1706.2,Fiber Optic,No,Yes,0,4,7,5.8,1
C105098,Male,57,19,Month-to-Month,Bank Transfer,90.61,1637.46,Fiber Optic,Yes,No,3,4,12,5.8,1
C105099,Male,23,4,Month-to-Month,Credit Card,123.77,485.24,Fiber Optic,No,Yes,0,2,7,5.7,1
C105100,Male,38,17,Month-to-Month,Credit Card,124.87,2076.81,DSL,Yes,No,1,2,19,6.9,0
C105101,Female,44,64,Month-to-Month,Bank Transfer,97.81,6043.04,DSL,No,Yes,0,5,7,8.1,0
C105102,Female,19,22,Month-to-Month,UPI,52.7,1226.64,Fiber Optic,No,No,1,2,3,6.8,0
C105103,Male,27,66,Month-to-Month,UPI,86.79,5893.91,Fiber Optic,Yes,Yes,0,2,30,7.9,0
C105104,Male,36,42,Month-to-Month,Bank Transfer,106.03,4791.8,DSL,Yes,No,0,1,19,8.3,0
C105105,Male,27,45,Month-to-Month,UPI,124.49,5887.92,Fiber Optic,Yes,No,0,2,5,6.8,0
C105106,Male,28,11,Month-to-Month,Bank Transfer,85.87,1002.45,Fiber Optic,No,Yes,0,1,14,9.7,0
C105107,Male,34,53,Month-to-Month,Bank Transfer,96.79,4753.08,Fiber Optic,No,No,0,3,24,7.3,0
C105108,Female,46,60,Month-to-Month,Bank Transfer,101.06,5595.84,Fiber Optic,No,No,2,0,5,8.2,0
C105109,Female,34,29,Month-to-Month,UPI,104.82,3118.39,Fiber Optic,No,No,0,4,12,7.2,0
C105110,Female,51,20,Month-to-Month,Electronic Check,115.53,2351.7,Fiber Optic,No,Yes,1,3,2,6.0,1
C105111,Female,26,5,Month-to-Month,Bank Transfer,25.0,115.49,No Internet,No,Yes,1,1,14,8.3,0
C105112,Female,23,25,Month-to-Month,Electronic Check,96.1,2237.55,No Internet,No,Yes,1,1,6,5.3,0
C105113,Female,61,34,One Year,Electronic Check,78.58,2661.84,DSL,No,Yes,2,2,13,6.4,0
C105114,Male,30,12,Two Year,Credit Card,79.82,1003.81,DSL,No,No,1,3,9,5.7,0
C105115,Female,22,28,Two Year,Credit Card,59.6,1728.25,DSL,No,Yes,0,4,11,6.9,0
C105116,Male,18,6,Month-to-Month,Credit Card,67.51,406.65,Fiber Optic,No,No,1,1,60,7.7,0
C105117,Male,51,19,Month-to-Month,Bank Transfer,74.97,1412.33,DSL,No,Yes,0,8,23,5.5,1
C105118,Female,34,12,Month-to-Month,Electronic Check,98.6,1237.27,Fiber Optic,No,No,1,1,7,8.3,0
C105119,Male,35,25,Two Year,Bank Transfer,49.37,1197.11,DSL,No,Yes,2,3,26,6.0,0
C105120,Male,36,13,One Year,UPI,91.69,1236.23,Fiber Optic,Yes,Yes,4,3,11,4.4,0
C105121,Female,50,3,Two Year,Bank Transfer,121.72,389.46,Fiber Optic,No,No,1,2,10,7.2,1
C105122,Male,36,24,Month-to-Month,Electronic Check,123.93,2829.18,DSL,No,No,1,3,31,7.0,1
C105123,Male,66,8,Month-to-Month,Bank Transfer,77.63,612.34,DSL,No,No,0,4,8,5.1,1
C105124,Female,40,45,Month-to-Month,Electronic Check,68.39,3031.9,No Internet,Yes,No,1,1,11,6.0,0
C105125,Female,51,72,Two Year,Credit Card,72.76,5183.82,No Internet,No,Yes,1,5,11,7.1,0
C105126,Female,48,1,Month-to-Month,Credit Card,90.0,83.68,No Internet,No,No,2,4,11,7.5,1
C105127,Male,38,3,One Year,UPI,104.26,323.68,Fiber Optic,No,Yes,0,1,3,7.5,1
C105128,Male,31,65,Month-to-Month,Bank Transfer,74.7,4952.85,DSL,No,Yes,0,1,13,8.0,0
C105129,Female,42,15,Two Year,Bank Transfer,58.33,926.27,DSL,No,No,3,1,8,7.0,0
C105130,Female,44,50,Month-to-Month,Credit Card,59.94,2787.15,Fiber Optic,No,No,1,1,3,5.2,1
C105131,Male,31,20,Two Year,Credit Card,71.79,1442.78,No Internet,Yes,No,1,1,17,6.9,0
C105132,Male,40,3,Month-to-Month,UPI,116.5,332.72,Fiber Optic,No,Yes,2,5,1,6.2,1
C105133,Male,53,61,One Year,Electronic Check,58.55,3673.86,DSL,No,No,4,1,9,4.7,0
C105134,Female,63,15,Month-to-Month,Credit Card,64.21,1006.84,No Internet,No,No,1,2,23,5.0,0
C105135,Male,48,59,Two Year,Electronic Check,87.08,5119.46,Fiber Optic,Yes,Yes,1,1,9,6.0,0
C105136,Female,60,54,One Year,Credit Card,62.61,3220.94,DSL,No,Yes,1,3,6,6.6,0
C105137,Male,30,60,Month-to-Month,Credit Card,124.95,7629.65,DSL,Yes,Yes,1,1,11,6.8,0
C105138,Female,46,37,One Year,Credit Card,92.16,3213.75,DSL,No,Yes,1,2,6,8.4,0
C105139,Female,54,21,Month-to-Month,UPI,102.98,2119.08,Fiber Optic,No,No,0,2,8,8.4,0
C105140,Female,27,23,Month-to-Month,Bank Transfer,55.22,1293.54,No Internet,No,Yes,1,2,12,5.9,1
C105141,Male,32,18,Month-to-Month,Bank Transfer,74.87,1443.33,DSL,No,Yes,2,5,11,6.9,0
C105142,Female,59,17,One Year,Bank Transfer,106.84,1863.96,Fiber Optic,No,Yes,3,2,14,6.1,1
C105143,Female,26,31,One Year,UPI,82.07,2598.8,DSL,No,No,2,3,11,3.7,0
C105144,Male,22,64,One Year,Bank Transfer,136.58,9055.14,DSL,Yes,No,2,1,21,8.4,0
C105145,Female,56,48,One Year,Electronic Check,101.65,4621.43,Fiber Optic,No,No,2,1,34,6.5,0
C105146,Female,52,26,Two Year,Electronic Check,71.79,1936.88,Fiber Optic,No,No,0,1,9,6.3,0
C105147,Female,43,22,Month-to-Month,UPI,86.23,1819.01,Fiber Optic,No,No,1,2,18,7.1,1
C105148,Female,37,45,Month-to-Month,Bank Transfer,99.49,4651.09,Fiber Optic,No,Yes,1,2,13,7.3,0
C105149,Male,33,36,Two Year,Electronic Check,108.46,4149.77,Fiber Optic,No,No,1,1,9,3.2,0
C105150,Male,41,64,Month-to-Month,Credit Card,36.36,2332.35,Fiber Optic,No,Yes,0,5,10,8.4,0
C105151,Male,57,35,Month-to-Month,UPI,66.29,2138.37,Fiber Optic,Yes,No,0,4,6,7.1,0
C105152,Female,41,27,One Year,UPI,82.62,2266.34,No Internet,Yes,No,1,3,32,7.4,0
C105153,Female,64,68,Two Year,Credit Card,29.17,1934.27,No Internet,No,Yes,1,1,37,6.7,0
C105154,Female,27,17,One Year,UPI,102.07,1749.19,DSL,Yes,No,2,2,22,6.9,0
C105155,Male,38,70,Month-to-Month,Bank Transfer,78.04,5391.07,DSL,No,No,2,2,14,5.8,0
C105156,Male,34,11,Month-to-Month,Credit Card,77.45,873.98,No Internet,No,Yes,2,6,9,4.5,1
C105157,Female,25,5,Month-to-Month,Credit Card,59.06,286.59,Fiber Optic,Yes,Yes,2,1,18,5.6,1
C105158,Male,36,58,Month-to-Month,UPI,126.65,7201.08,Fiber Optic,Yes,Yes,4,1,31,5.8,0
C105159,Male,43,57,Month-to-Month,Bank Transfer,46.96,2478.84,DSL,Yes,No,4,2,6,4.1,0
C105160,Female,44,14,Month-to-Month,Credit Card,100.56,1327.14,DSL,Yes,No,0,2,2,8.1,1
C105161,Male,64,72,Month-to-Month,Credit Card,129.83,9170.82,DSL,Yes,Yes,0,3,9,6.0,0
C105162,Male,44,1,One Year,Credit Card,114.28,105.18,DSL,Yes,No,3,5,13,5.7,0
C105163,Male,52,16,Two Year,Credit Card,96.23,1419.88,Fiber Optic,No,Yes,0,2,37,5.2,0
C105164,Male,39,26,Month-to-Month,Credit Card,80.08,2125.79,Fiber Optic,No,No,4,0,12,4.3,0
C105165,Female,58,49,Month-to-Month,Bank Transfer,96.12,4669.64,DSL,Yes,No,2,3,15,5.9,1
C105166,Male,67,42,Month-to-Month,Electronic Check,83.46,3225.44,Fiber Optic,Yes,No,0,1,9,6.6,0
C105167,Male,44,70,Month-to-Month,UPI,97.53,6557.14,Fiber Optic,No,Yes,2,2,7,7.4,0
C105168,Male,26,66,Month-to-Month,Credit Card,49.26,3321.26,DSL,Yes,No,1,0,15,6.3,0
C105169,Female,31,53,Two Year,UPI,109.81,5539.6,Fiber Optic,Yes,Yes,1,3,16,7.7,0
C105170,Male,41,9,Month-to-Month,Bank Transfer,75.86,713.96,Fiber Optic,Yes,Yes,1,1,12,8.3,0
C105171,Female,43,69,Month-to-Month,Credit Card,116.33,7744.05,Fiber Optic,Yes,No,2,1,17,7.4,0
C105172,Male,46,40,Month-to-Month,Electronic Check,52.74,2258.75,No Internet,No,Yes,0,3,5,7.5,0
C105173,Male,44,56,Month-to-Month,Credit Card,79.23,4450.94,Fiber Optic,Yes,Yes,2,1,11,4.7,1
C105174,Male,38,5,Month-to-Month,UPI,80.57,381.95,Fiber Optic,No,No,1,1,11,8.1,1
C105175,Female,30,56,One Year,Electronic Check,67.38,3540.37,DSL,No,Yes,5,3,9,3.1,0
C105176,Female,43,72,Two Year,Electronic Check,78.41,5324.44,Fiber Optic,No,Yes,0,2,9,7.4,0
C105177,Male,60,5,One Year,UPI,77.55,400.35,DSL,No,No,5,3,10,5.5,1
C105178,Female,50,69,Month-to-Month,UPI,66.85,4359.0,DSL,Yes,Yes,2,2,19,7.0,0
C105179,Female,44,52,One Year,Credit Card,69.04,3842.36,Fiber Optic,No,No,1,4,2,7.7,0
C105180,Male,50,33,Month-to-Month,Bank Transfer,69.93,2238.93,DSL,No,No,0,4,4,6.7,0
C105181,Female,34,22,One Year,Credit Card,104.85,2145.83,Fiber Optic,Yes,No,0,2,10,7.0,0
C105182,Male,32,15,Month-to-Month,Credit Card,117.83,1671.73,Fiber Optic,Yes,Yes,0,4,16,5.7,0
C105183,Female,29,65,One Year,Credit Card,71.88,4552.5,Fiber Optic,No,No,2,1,7,6.8,0
C105184,Female,36,71,Month-to-Month,Credit Card,95.47,6369.27,Fiber Optic,No,Yes,0,3,4,5.6,0
C105185,Female,33,23,Two Year,Bank Transfer,88.73,2154.23,DSL,Yes,Yes,2,1,17,6.8,0
C105186,Female,52,6,One Year,Credit Card,117.1,754.06,Fiber Optic,No,No,2,1,12,6.9,1
C105187,Male,32,58,Month-to-Month,Electronic Check,135.79,8200.14,Fiber Optic,Yes,Yes,1,1,12,6.3,1
C105188,Female,28,26,Month-to-Month,Bank Transfer,29.66,785.45,No Internet,No,Yes,3,3,11,6.9,0
C105189,Male,61,12,Month-to-Month,Electronic Check,49.6,623.68,Fiber Optic,No,Yes,0,1,5,8.7,0
C105190,Male,33,2,Month-to-Month,Bank Transfer,72.81,137.57,DSL,No,No,2,3,19,7.3,0
C105191,Female,40,32,Month-to-Month,Electronic Check,54.61,1713.2,No Internet,Yes,Yes,1,2,7,8.5,0
C105192,Female,43,50,Month-to-Month,Electronic Check,71.36,3404.11,Fiber Optic,No,Yes,0,0,10,7.5,0
C105193,Female,24,61,Month-to-Month,Credit Card,47.68,2891.68,No Internet,No,Yes,0,4,28,5.8,0
C105194,Male,53,11,Month-to-Month,Electronic Check,81.52,850.19,DSL,No,No,2,4,2,8.2,1
C105195,Female,46,68,Month-to-Month,Credit Card,67.4,4815.13,DSL,Yes,No,1,1,6,8.6,0
C105196,Female,57,34,Month-to-Month,Electronic Check,104.99,3741.37,DSL,No,Yes,0,0,13,7.3,0
C105197,Male,30,8,Month-to-Month,Credit Card,75.93,594.62,DSL,No,Yes,1,2,15,7.1,0
C105198,Male,39,8,Month-to-Month,Electronic Check,82.54,683.89,DSL,Yes,Yes,3,6,16,4.0,1
C105199,Male,38,15,Two Year,Electronic Check,125.45,1859.28,Fiber Optic,No,Yes,1,2,30,6.9,0
C105200,Male,41,5,Two Year,Bank Transfer,90.8,438.37,Fiber Optic,Yes,No,3,2,19,6.9,0
C105201,Female,21,19,Two Year,Bank Transfer,82.91,1518.71,No Internet,Yes,Yes,2,1,2,6.4,0
C105202,Female,39,9,Month-to-Month,Electronic Check,64.2,576.9,Fiber Optic,Yes,Yes,3,2,27,4.2,1
C105203,Female,21,57,One Year,Credit Card,92.82,4877.86,Fiber Optic,Yes,Yes,1,0,6,7.7,0
C105204,Female,42,54,One Year,Electronic Check,62.14,3468.73,DSL,Yes,No,1,0,8,7.7,0
C105205,Male,18,29,Month-to-Month,Bank Transfer,91.94,2619.11,Fiber Optic,No,Yes,2,0,12,6.9,1
C105206,Female,18,19,Two Year,Bank Transfer,47.03,842.06,DSL,No,Yes,1,5,8,7.8,0
C105207,Male,48,46,Two Year,Electronic Check,69.5,3265.95,DSL,No,No,0,1,10,5.3,1
C105208,Female,31,62,One Year,UPI,49.48,3192.41,DSL,No,No,1,0,6,7.0,0
C105209,Male,26,60,Month-to-Month,UPI,116.88,6583.43,DSL,No,Yes,1,2,6,6.5,0
C105210,Female,53,5,One Year,Credit Card,96.69,452.76,DSL,Yes,No,0,1,8,7.3,0
C105211,Male,42,33,Month-to-Month,Electronic Check,80.81,2619.05,DSL,No,Yes,1,3,33,6.6,1
C105212,Male,48,55,Month-to-Month,Electronic Check,86.98,4898.06,Fiber Optic,No,No,2,1,29,6.7,0
C105213,Female,36,19,One Year,UPI,79.84,1536.58,DSL,No,Yes,1,1,10,7.1,0
C105214,Male,70,17,Month-to-Month,Credit Card,101.17,1850.6,No Internet,No,No,1,2,10,5.0,1
C105215,Female,31,42,Month-to-Month,Electronic Check,67.89,2823.43,DSL,No,Yes,0,3,5,8.1,0
C105216,Male,59,22,Month-to-Month,UPI,160.0,3435.1,Fiber Optic,No,Yes,2,2,16,6.7,1
C105217,Female,37,39,One Year,Bank Transfer,70.87,2878.79,DSL,Yes,No,1,2,2,7.9,0
C105218,Male,18,27,Two Year,Bank Transfer,39.75,1151.62,DSL,No,No,0,3,7,5.6,0
C105219,Male,44,46,Month-to-Month,UPI,89.5,4375.57,Fiber Optic,No,No,2,5,17,5.5,0
C105220,Male,42,28,Month-to-Month,UPI,83.42,2302.87,DSL,No,Yes,2,3,8,6.1,0
C105221,Male,25,52,Month-to-Month,Electronic Check,80.05,4250.21,Fiber Optic,Yes,Yes,3,1,1,6.9,0
C105222,Male,27,65,One Year,Bank Transfer,53.88,3302.12,DSL,No,No,0,1,8,6.4,0
C105223,Male,38,39,Two Year,Bank Transfer,39.18,1580.43,No Internet,No,No,0,4,9,8.8,0
C105224,Male,42,18,Month-to-Month,Electronic Check,66.28,1164.49,No Internet,No,Yes,1,6,26,5.8,1
C105225,Male,18,22,Month-to-Month,Electronic Check,89.94,1890.84,DSL,Yes,Yes,3,4,7,5.6,1
C105226,Female,51,68,Month-to-Month,Credit Card,95.18,6094.59,DSL,Yes,No,2,5,31,4.7,0
C105227,Female,32,11,Two Year,UPI,126.53,1337.93,Fiber Optic,Yes,No,0,2,9,8.3,0
C105228,Male,22,64,Month-to-Month,UPI,125.22,8027.53,Fiber Optic,No,No,1,0,23,7.4,0
C105229,Female,49,71,One Year,Bank Transfer,63.43,4788.52,Fiber Optic,No,Yes,2,3,5,6.8,0
C105230,Female,38,57,Month-to-Month,UPI,50.65,2776.62,DSL,Yes,Yes,1,1,8,6.9,0
C105231,Male,53,35,One Year,Electronic Check,62.58,2034.73,DSL,No,Yes,0,1,13,8.5,0
C105232,Female,43,37,Month-to-Month,Credit Card,93.94,3631.46,Fiber Optic,No,Yes,2,1,1,7.1,0
C105233,Male,38,50,Month-to-Month,Credit Card,62.12,3245.58,DSL,Yes,Yes,0,0,19,5.9,0
C105234,Male,36,30,Month-to-Month,Bank Transfer,77.12,2153.33,DSL,Yes,Yes,2,2,24,4.7,1
C105235,Male,44,17,Month-to-Month,UPI,70.83,1142.99,No Internet,Yes,No,2,2,7,8.1,0
C105236,Female,33,33,Month-to-Month,Credit Card,84.22,2628.08,No Internet,No,No,3,4,18,4.5,1
C105237,Female,28,16,One Year,Credit Card,81.23,1291.67,DSL,No,Yes,0,1,13,6.0,0
C105238,Male,45,15,Month-to-Month,Bank Transfer,97.15,1398.82,DSL,No,Yes,0,1,13,6.3,0
C105239,Male,36,13,One Year,Bank Transfer,83.55,1129.15,Fiber Optic,Yes,Yes,2,2,11,6.3,1
C105240,Female,38,3,Month-to-Month,Electronic Check,110.86,338.84,Fiber Optic,Yes,Yes,2,1,7,6.6,1
C105241,Male,51,24,One Year,UPI,34.59,853.78,DSL,Yes,No,2,1,4,6.0,0
C105242,Male,37,23,Month-to-Month,Electronic Check,71.21,1605.89,DSL,Yes,Yes,0,2,8,8.3,0
C105243,Female,38,59,Two Year,Electronic Check,89.34,5270.24,DSL,Yes,Yes,2,3,24,5.7,0
C105244,Female,31,55,Month-to-Month,Credit Card,81.66,4619.89,Fiber Optic,No,No,3,4,3,5.2,0
C105245,Female,43,65,Month-to-Month,Bank Transfer,37.39,2441.0,No Internet,No,No,2,3,3,5.8,0
C105246,Female,42,32,One Year,UPI,58.76,1752.6,Fiber Optic,No,No,1,2,13,5.1,0
C105247,Female,49,60,Month-to-Month,UPI,71.42,4190.78,Fiber Optic,Yes,Yes,0,0,26,6.2,0
C105248,Male,31,30,Month-to-Month,Bank Transfer,62.39,2012.81,Fiber Optic,No,No,2,4,3,6.8,1
C105249,Male,33,66,One Year,Credit Card,90.3,5961.12,Fiber Optic,No,Yes,0,2,15,6.8,0
C105250,Male,48,18,One Year,Bank Transfer,49.84,884.27,DSL,Yes,No,5,2,23,5.9,0
C105251,Female,41,59,Two Year,UPI,112.61,7057.93,Fiber Optic,No,Yes,1,4,7,6.7,0
C105252,Female,27,53,One Year,Electronic Check,63.58,3458.02,DSL,Yes,Yes,2,1,5,5.9,0
C105253,Male,54,64,Month-to-Month,Credit Card,52.3,3307.8,DSL,Yes,No,1,2,19,5.5,0
C105254,Female,18,30,Two Year,Bank Transfer,111.84,3406.1,Fiber Optic,No,Yes,0,3,24,7.0,0
C105255,Male,47,18,Two Year,Electronic Check,87.71,1537.55,Fiber Optic,Yes,Yes,1,5,13,6.7,0
C105256,Male,23,5,Month-to-Month,Credit Card,54.41,285.26,DSL,No,No,2,5,24,2.4,1
C105257,Female,61,69,Month-to-Month,Credit Card,96.96,6922.23,Fiber Optic,Yes,No,1,0,21,7.0,0
C105258,Male,19,8,One Year,UPI,70.11,535.52,Fiber Optic,Yes,Yes,0,0,17,9.2,0
C105259,Female,52,9,Month-to-Month,UPI,99.9,871.42,Fiber Optic,No,Yes,1,5,11,7.1,1
C105260,Male,37,32,Month-to-Month,Credit Card,71.26,2098.92,No Internet,No,Yes,1,3,6,6.4,0
C105261,Female,34,14,Two Year,UPI,32.01,469.01,DSL,No,No,1,5,19,5.1,1
C105262,Female,40,13,Month-to-Month,Electronic Check,64.33,781.46,DSL,No,No,1,3,20,4.8,1
C105263,Male,46,18,Month-to-Month,Bank Transfer,128.57,2341.02,DSL,No,Yes,2,0,22,7.1,1
C105264,Female,27,68,One Year,Credit Card,113.21,8124.9,DSL,No,No,0,3,3,7.8,0
C105265,Male,28,22,Month-to-Month,Bank Transfer,97.46,2304.03,DSL,No,Yes,2,2,24,6.8,1
C105266,Male,46,20,Two Year,UPI,122.37,2376.54,Fiber Optic,Yes,No,0,3,8,7.2,1
C105267,Male,18,15,Month-to-Month,Electronic Check,81.01,1153.64,DSL,No,Yes,2,2,11,6.7,1
C105268,Female,31,7,Month-to-Month,UPI,85.84,647.71,DSL,No,No,0,1,1,8.3,1
C105269,Male,74,30,Month-to-Month,Electronic Check,73.57,2096.31,DSL,No,No,3,3,9,5.4,0
C105270,Male,26,5,One Year,Bank Transfer,55.67,262.78,No Internet,No,No,1,1,18,8.1,0
C105271,Male,52,1,One Year,Electronic Check,63.59,67.91,Fiber Optic,Yes,No,2,1,14,7.1,0
C105272,Male,31,60,Two Year,UPI,95.49,6129.22,DSL,No,Yes,2,2,7,6.7,0
C105273,Female,44,31,Month-to-Month,Electronic Check,41.62,1285.93,DSL,Yes,No,0,2,8,7.2,1
C105274,Male,46,20,Two Year,Credit Card,68.55,1401.78,No Internet,No,Yes,1,4,53,6.1,0
C105275,Male,52,64,One Year,UPI,99.03,6254.61,DSL,Yes,Yes,1,2,4,6.2,0
C105276,Male,36,64,Two Year,Bank Transfer,113.54,7763.24,DSL,No,No,1,3,12,8.0,0
C105277,Male,62,29,Month-to-Month,Bank Transfer,101.68,3106.92,DSL,No,Yes,1,2,15,7.1,0
C105278,Female,31,10,Month-to-Month,Bank Transfer,55.67,557.95,DSL,No,No,2,3,3,5.2,1
C105279,Male,41,29,Month-to-Month,Credit Card,82.95,2384.82,No Internet,Yes,Yes,2,1,17,5.4,1
C105280,Female,41,31,Month-to-Month,UPI,73.93,2360.4,Fiber Optic,No,Yes,0,1,8,6.9,0
C105281,Male,25,30,One Year,UPI,79.41,2445.04,No Internet,No,Yes,1,1,8,6.8,0
C105282,Male,35,25,One Year,Credit Card,113.02,2636.24,Fiber Optic,No,Yes,1,3,19,6.6,1
C105283,Female,40,58,One Year,Bank Transfer,50.0,2797.43,DSL,No,No,4,2,3,5.3,0
C105284,Male,33,57,Month-to-Month,UPI,75.13,4240.31,DSL,No,Yes,1,3,12,8.8,0
C105285,Female,67,63,Month-to-Month,UPI,25.0,1590.32,DSL,No,No,1,3,1,8.3,0
C105286,Female,28,37,Month-to-Month,Electronic Check,80.48,2830.77,Fiber Optic,No,Yes,0,1,13,8.8,0
C105287,Male,52,58,Two Year,Bank Transfer,87.01,,Fiber Optic,No,No,2,1,19,5.5,0
C105288,Male,48,28,Month-to-Month,UPI,60.13,1684.79,DSL,No,Yes,0,2,4,6.6,0
C105289,Female,38,27,Month-to-Month,Credit Card,33.68,967.69,DSL,Yes,No,1,4,11,6.5,0
C105290,Male,28,70,Month-to-Month,UPI,63.98,4398.41,DSL,No,Yes,1,0,13,6.1,0
C105291,Male,29,37,Month-to-Month,Credit Card,49.25,1762.35,DSL,Yes,Yes,0,2,12,7.4,0
C105292,Male,32,6,Month-to-Month,Credit Card,132.7,841.16,No Internet,No,No,2,3,16,5.9,1
C105293,Male,18,62,Month-to-Month,Electronic Check,70.56,4186.92,DSL,No,No,0,1,23,6.7,0
C105294,Female,26,33,One Year,Electronic Check,102.43,3436.59,DSL,No,Yes,2,1,25,5.4,0
C105295,Male,20,40,Two Year,Credit Card,61.26,2416.55,Fiber Optic,No,No,0,2,6,6.3,0
C105296,Male,54,41,Two Year,Bank Transfer,68.97,3011.9,Fiber Optic,Yes,Yes,1,4,8,7.0,0
C105297,Female,45,42,Two Year,Credit Card,56.31,2435.68,Fiber Optic,No,No,0,3,15,7.3,0
C105298,Male,47,9,Month-to-Month,Bank Transfer,80.32,767.71,DSL,No,No,2,4,7,5.1,1
C105299,Male,45,18,Month-to-Month,Credit Card,66.14,1221.07,Fiber Optic,Yes,No,0,3,9,8.3,0
C105300,Female,40,15,Month-to-Month,UPI,81.33,1232.06,DSL,No,Yes,0,4,7,8.1,0
C105301,Male,56,4,One Year,UPI,79.06,312.03,DSL,No,Yes,3,2,9,5.2,1
C105302,Female,31,34,One Year,Bank Transfer,89.27,3089.74,No Internet,No,Yes,1,0,21,8.7,0
C105303,Female,39,62,One Year,UPI,65.2,4228.08,DSL,Yes,Yes,0,0,11,8.2,0
C105304,Male,47,38,Month-to-Month,UPI,65.81,2473.29,DSL,No,No,1,2,8,6.7,0
C105305,Female,22,71,Month-to-Month,Bank Transfer,130.99,9506.41,Fiber Optic,No,No,1,3,14,5.1,0
C105306,Male,75,23,Month-to-Month,Electronic Check,57.79,1317.14,Fiber Optic,No,No,0,4,12,7.9,0
C105307,Male,38,20,Month-to-Month,Electronic Check,91.31,1708.23,Fiber Optic,No,Yes,2,3,42,6.5,1
C105308,Female,40,56,One Year,UPI,91.76,5189.2,Fiber Optic,No,Yes,2,1,14,6.8,0
C105309,Female,53,53,Two Year,Electronic Check,64.26,3168.74,No Internet,No,No,2,1,19,7.5,0
C105310,Male,49,2,Month-to-Month,Electronic Check,41.61,84.51,DSL,No,No,0,1,27,8.5,0
C105311,Female,38,21,One Year,Electronic Check,69.87,1546.92,Fiber Optic,No,Yes,5,4,22,4.5,0
C105312,Female,40,42,Month-to-Month,Credit Card,63.55,2522.04,No Internet,No,No,1,2,9,5.4,0
C105313,Female,20,57,Month-to-Month,Bank Transfer,65.02,3763.22,DSL,No,No,1,1,25,6.8,0
C105314,Male,31,49,Month-to-Month,Bank Transfer,52.87,2407.8,DSL,No,No,1,2,12,6.9,0
C105315,Male,44,10,Month-to-Month,Electronic Check,77.35,745.18,Fiber Optic,Yes,No,1,2,4,6.6,1
C105316,Male,43,72,One Year,Electronic Check,79.67,5392.85,DSL,No,No,1,2,1,8.6,0
C105317,Female,53,61,Month-to-Month,Credit Card,44.78,2523.92,DSL,Yes,No,2,4,9,4.8,0
C105318,Male,37,21,Two Year,Credit Card,71.87,1592.69,DSL,No,No,5,3,19,4.3,1
C105319,Female,21,60,Two Year,Bank Transfer,88.07,5208.06,Fiber Optic,No,Yes,1,1,19,8.9,0
C105320,Male,51,13,Month-to-Month,Electronic Check,70.68,867.58,No Internet,No,No,0,1,27,8.5,0
C105321,Male,55,48,Month-to-Month,Electronic Check,98.65,4837.67,DSL,No,No,1,1,10,7.7,0
C105322,Male,49,40,One Year,UPI,104.46,4446.7,DSL,No,Yes,0,1,50,7.0,1
C105323,Female,36,63,Two Year,UPI,100.52,6334.32,Fiber Optic,No,Yes,0,2,21,8.5,0
C105324,Male,51,9,Month-to-Month,Electronic Check,108.51,1028.05,Fiber Optic,No,Yes,1,2,8,8.9,1
C105325,Female,75,57,Month-to-Month,Credit Card,90.59,5446.73,No Internet,Yes,Yes,0,3,13,8.2,0
C105326,Male,39,51,Two Year,Credit Card,84.01,4456.13,DSL,Yes,No,0,1,7,7.5,0
C105327,Male,22,40,Month-to-Month,Electronic Check,67.18,2590.48,Fiber Optic,No,Yes,1,1,41,6.6,0
C105328,Male,31,64,Month-to-Month,UPI,83.05,5287.81,Fiber Optic,Yes,No,0,1,7,7.6,0
C105329,Male,46,70,Two Year,Electronic Check,120.09,7929.38,Fiber Optic,No,Yes,3,3,4,7.0,0
C105330,Male,19,64,Month-to-Month,Electronic Check,66.72,4557.24,DSL,No,No,1,5,5,5.0,0
C105331,Male,40,25,Month-to-Month,Credit Card,86.61,2220.12,Fiber Optic,Yes,Yes,3,1,5,7.3,1
C105332,Male,43,28,Month-to-Month,UPI,103.65,2672.64,No Internet,No,Yes,0,2,29,6.0,0
C105333,Male,56,10,Month-to-Month,Bank Transfer,88.67,929.23,Fiber Optic,Yes,Yes,2,2,7,6.7,0
C105334,Female,54,28,Two Year,Bank Transfer,82.78,2137.81,Fiber Optic,Yes,No,2,6,16,5.3,0
C105335,Female,48,36,Month-to-Month,Bank Transfer,74.92,2745.58,DSL,No,No,2,2,29,7.5,0
C105336,Male,18,11,Two Year,Credit Card,72.08,785.27,DSL,Yes,Yes,3,2,18,8.2,0
C105337,Female,49,21,Month-to-Month,UPI,86.3,1727.76,DSL,No,Yes,0,4,15,5.3,0
C105338,Female,46,26,Month-to-Month,Electronic Check,69.24,1873.47,DSL,No,Yes,1,4,12,7.3,0
C105339,Male,41,18,One Year,Electronic Check,66.44,1291.33,DSL,No,Yes,0,1,8,8.3,0
C105340,Female,18,68,Two Year,UPI,103.67,7278.64,Fiber Optic,Yes,Yes,2,3,12,5.7,0
C105341,Female,29,41,Month-to-Month,UPI,60.72,2612.05,DSL,No,Yes,1,1,5,7.6,0
C105342,Male,24,15,One Year,Credit Card,117.76,1883.07,Fiber Optic,Yes,No,0,2,20,8.2,0
C105343,Male,18,23,Month-to-Month,Bank Transfer,39.47,899.29,No Internet,Yes,No,3,3,2,6.8,0
C105344,Female,38,41,Two Year,UPI,32.93,1380.02,DSL,Yes,Yes,1,4,17,7.3,0
C105345,Female,28,6,Two Year,UPI,66.46,400.79,DSL,No,No,3,3,28,5.9,1
C105346,Male,70,71,One Year,UPI,96.26,6633.59,Fiber Optic,Yes,Yes,4,1,9,5.6,1
C105347,Male,36,60,One Year,Credit Card,57.24,3194.98,Fiber Optic,No,Yes,1,0,9,6.8,0
C105348,Male,54,52,Month-to-Month,UPI,85.76,4714.78,DSL,Yes,Yes,1,4,5,7.5,1
C105349,Female,19,9,Month-to-Month,Electronic Check,90.1,759.28,Fiber Optic,No,Yes,4,0,4,5.1,0
C105350,Female,32,30,Month-to-Month,Credit Card,107.26,3250.03,Fiber Optic,No,No,2,1,33,5.5,1
C105351,Female,39,44,Month-to-Month,Electronic Check,82.9,3374.18,Fiber Optic,No,No,1,6,3,7.2,0
C105352,Male,27,62,One Year,Electronic Check,76.5,4770.09,DSL,Yes,Yes,2,0,15,8.2,0
C105353,Female,33,43,Month-to-Month,Bank Transfer,89.05,3557.64,No Internet,Yes,Yes,3,3,11,4.2,0
C105354,Female,35,28,Month-to-Month,Electronic Check,96.83,2801.42,Fiber Optic,No,Yes,2,2,22,5.2,1
C105355,Male,35,8,Two Year,Electronic Check,76.89,624.3,DSL,No,Yes,1,1,12,7.8,0
C105356,Male,60,51,Two Year,Electronic Check,61.27,3233.96,Fiber Optic,No,Yes,2,1,8,6.9,0
C105357,Female,43,30,Month-to-Month,UPI,82.26,2493.88,DSL,Yes,No,1,2,4,5.7,1
C105358,Female,44,11,Month-to-Month,Electronic Check,107.72,1231.44,Fiber Optic,No,No,1,4,19,5.0,1
C105359,Male,44,20,Month-to-Month,Electronic Check,46.6,912.09,DSL,No,Yes,2,1,7,6.5,0
C105360,Female,45,31,Month-to-Month,Bank Transfer,51.72,1559.09,DSL,No,No,3,2,5,4.4,0
C105361,Male,37,34,Month-to-Month,UPI,68.86,2339.03,Fiber Optic,Yes,No,2,4,40,4.4,1
C105362,Female,34,12,Two Year,Bank Transfer,105.53,1267.3,Fiber Optic,No,Yes,1,2,11,8.5,1
C105363,Female,40,48,One Year,UPI,80.6,3769.16,DSL,No,No,0,4,17,8.7,0
C105364,Male,52,28,One Year,Credit Card,55.42,1550.67,DSL,No,Yes,1,2,20,5.8,1
C105365,Female,52,67,Month-to-Month,Credit Card,81.58,5214.07,DSL,No,Yes,3,2,35,6.6,1
C105366,Female,35,63,Month-to-Month,UPI,61.33,3957.39,DSL,Yes,No,2,2,16,5.5,0
C105367,Male,47,48,Month-to-Month,Bank Transfer,75.45,3894.96,Fiber Optic,No,No,1,1,39,5.6,0
C105368,Female,36,42,Two Year,Electronic Check,73.63,3144.3,Fiber Optic,No,Yes,0,2,6,7.5,0
C105369,Male,38,52,Month-to-Month,Credit Card,66.13,3424.94,Fiber Optic,No,No,1,3,0,6.7,0
C105370,Male,32,5,Month-to-Month,UPI,40.68,216.58,DSL,Yes,No,3,2,2,6.2,0
C105371,Male,36,12,Month-to-Month,UPI,86.96,1070.03,DSL,No,No,0,3,9,6.4,0
C105372,Male,54,59,One Year,Electronic Check,139.23,7947.96,Fiber Optic,Yes,Yes,2,0,20,5.8,0
C105373,Female,39,65,Month-to-Month,Electronic Check,77.03,5103.54,DSL,No,Yes,1,5,33,7.3,1
C105374,Male,40,52,Month-to-Month,UPI,93.31,5042.91,Fiber Optic,No,No,2,1,22,5.8,0
C105375,Female,21,43,Month-to-Month,Electronic Check,81.04,3635.81,DSL,No,No,2,2,7,5.8,1
C105376,Female,34,63,Month-to-Month,Credit Card,84.39,4897.97,DSL,No,No,1,4,6,4.7,0
C105377,Male,35,50,One Year,Electronic Check,52.8,2752.0,DSL,Yes,No,1,3,4,7.8,0
C105378,Female,28,39,Two Year,Electronic Check,78.73,3217.48,Fiber Optic,No,No,1,4,11,5.3,0
C105379,Male,38,42,Month-to-Month,UPI,75.85,3020.07,Fiber Optic,No,No,1,1,16,8.3,0
C105380,Male,33,17,Two Year,Bank Transfer,98.69,1771.95,Fiber Optic,No,No,1,2,17,6.6,0
C105381,Male,39,43,Month-to-Month,Credit Card,77.14,3429.64,DSL,No,No,1,1,7,7.3,0
C105382,Male,39,49,Month-to-Month,Electronic Check,110.93,5539.59,Fiber Optic,No,Yes,2,3,13,7.1,0
C105383,Male,27,5,One Year,UPI,86.05,448.78,No Internet,No,Yes,1,5,15,7.1,1
C105384,Female,33,1,Month-to-Month,Credit Card,100.66,96.68,DSL,No,No,1,1,13,5.4,1
C105385,Male,39,67,Month-to-Month,Bank Transfer,102.68,6498.99,Fiber Optic,Yes,No,2,3,21,6.0,0
C105386,Male,52,24,One Year,Credit Card,73.34,1638.8,No Internet,No,No,0,1,10,8.8,0
C105387,Female,41,29,Month-to-Month,Credit Card,46.42,1331.64,DSL,No,Yes,0,5,4,7.0,0
C105388,Female,30,15,One Year,Credit Card,87.54,1314.43,No Internet,No,No,2,4,7,5.4,1
C105389,Female,43,4,One Year,Bank Transfer,113.79,426.29,Fiber Optic,Yes,Yes,2,2,11,4.5,1
C105390,Male,58,44,Month-to-Month,UPI,90.92,3935.76,Fiber Optic,No,Yes,1,1,4,7.1,0
C105391,Female,49,65,Month-to-Month,Credit Card,72.43,4527.93,DSL,No,No,1,3,18,7.0,0
C105392,Female,45,31,Month-to-Month,Electronic Check,85.52,2814.29,Fiber Optic,No,Yes,0,3,6,7.1,0
C105393,Female,47,20,Month-to-Month,Electronic Check,71.46,1445.79,No Internet,Yes,No,0,2,13,9.4,1
C105394,Female,55,10,Month-to-Month,Credit Card,89.03,843.96,Fiber Optic,No,Yes,1,4,18,5.7,1
C105395,Male,51,11,Month-to-Month,,106.77,1171.68,Fiber Optic,Yes,No,1,1,13,8.1,1
C105396,Male,45,28,Month-to-Month,Electronic Check,71.34,1850.94,No Internet,No,Yes,0,1,23,8.4,0
C105397,Male,51,38,Month-to-Month,Electronic Check,86.59,3263.58,DSL,No,No,2,5,25,5.5,1
C105398,Male,25,24,One Year,Credit Card,100.86,2576.15,Fiber Optic,No,Yes,1,2,11,6.5,0
C105399,Female,20,39,Month-to-Month,Electronic Check,83.93,3283.55,DSL,No,Yes,4,4,14,3.7,0
C105400,Male,40,51,One Year,UPI,117.01,5696.48,Fiber Optic,No,Yes,2,3,5,4.3,1
C105401,Female,39,50,Month-to-Month,Bank Transfer,57.07,3043.9,Fiber Optic,Yes,No,1,2,11,7.1,0
C105402,Female,31,7,Month-to-Month,Electronic Check,45.05,337.57,No Internet,Yes,No,1,6,8,6.3,0
C105403,Male,48,68,One Year,Credit Card,58.01,3802.82,No Internet,Yes,No,0,1,6,8.0,0
C105404,Male,18,53,Two Year,Bank Transfer,69.15,3473.63,DSL,No,Yes,0,1,9,8.8,0
C105405,Female,32,37,Two Year,UPI,90.97,3145.39,No Internet,Yes,Yes,1,1,34,8.5,0
C105406,Female,32,54,Month-to-Month,UPI,83.01,4677.43,Fiber Optic,Yes,Yes,0,0,29,8.6,0
C105407,Male,18,55,One Year,Electronic Check,77.85,4429.02,Fiber Optic,Yes,Yes,1,1,48,7.1,0
C105408,Male,56,31,Month-to-Month,Electronic Check,120.53,3896.34,Fiber Optic,No,Yes,2,0,13,6.3,0
C105409,Female,22,65,Month-to-Month,Bank Transfer,74.62,4588.01,DSL,No,Yes,2,4,5,5.8,0
C105410,Female,31,59,One Year,Credit Card,86.02,5460.19,No Internet,No,Yes,3,1,8,4.4,0
C105411,Male,49,47,Month-to-Month,Electronic Check,81.05,3621.47,Fiber Optic,No,No,3,0,10,5.0,0
C105412,Female,46,49,Month-to-Month,UPI,118.92,5396.27,DSL,No,Yes,2,2,8,5.3,0
C105413,Male,25,18,One Year,Bank Transfer,89.1,1576.4,DSL,No,Yes,2,1,9,6.6,0
C105414,Male,46,3,Two Year,Bank Transfer,99.49,301.08,Fiber Optic,No,No,0,3,4,8.6,0
C105415,Male,41,18,Month-to-Month,Electronic Check,79.49,1411.62,Fiber Optic,No,Yes,3,2,22,5.8,0
C105416,Male,66,58,One Year,Electronic Check,119.63,6922.25,Fiber Optic,No,No,1,2,11,5.7,0
C105417,Male,43,71,Month-to-Month,Bank Transfer,94.45,6771.49,DSL,No,Yes,2,5,5,5.7,0
C105418,Male,36,25,Month-to-Month,Bank Transfer,70.16,1672.87,Fiber Optic,No,Yes,3,5,15,4.8,0
C105419,Male,28,18,One Year,UPI,83.63,1587.82,DSL,No,Yes,0,3,6,10.0,0
C105420,Male,29,52,Two Year,Bank Transfer,116.32,5822.51,No Internet,No,Yes,1,5,9,5.4,0
C105421,Male,28,43,Month-to-Month,Credit Card,117.11,5437.13,Fiber Optic,No,No,0,2,23,8.2,0
C105422,Female,54,67,One Year,Bank Transfer,30.14,2172.83,No Internet,No,Yes,2,2,29,6.2,0
C105423,Male,38,7,Month-to-Month,,84.56,574.09,Fiber Optic,Yes,Yes,2,1,28,7.7,1
C105424,Male,45,44,Two Year,Bank Transfer,81.19,3589.16,Fiber Optic,No,No,1,4,10,6.3,0
C105425,Female,56,44,One Year,UPI,72.69,3417.09,DSL,No,No,1,2,6,8.0,0
C105426,Female,18,51,One Year,Bank Transfer,64.13,3300.41,Fiber Optic,No,Yes,2,3,13,4.7,0
C105427,Male,53,21,Two Year,Electronic Check,91.87,2016.49,Fiber Optic,No,Yes,2,1,24,7.6,0
C105428,Female,39,37,Month-to-Month,Bank Transfer,75.72,2786.54,Fiber Optic,Yes,Yes,4,4,18,4.6,1
C105429,Female,43,28,Month-to-Month,Bank Transfer,103.41,2881.78,DSL,No,No,0,2,8,9.3,0
C105430,Female,28,32,One Year,Credit Card,67.71,2122.14,No Internet,No,No,3,0,2,6.5,0
C105431,Male,29,57,One Year,UPI,45.34,2578.32,Fiber Optic,No,No,1,2,11,8.2,0
C105432,Female,44,41,One Year,Electronic Check,114.67,4368.27,Fiber Optic,No,Yes,1,3,11,8.1,0
C105433,Male,67,54,Month-to-Month,Credit Card,51.33,2979.49,DSL,No,No,1,1,9,7.3,0
C105434,Female,50,27,One Year,UPI,99.54,2837.95,No Internet,No,Yes,2,2,9,7.2,0
C105435,Female,53,40,One Year,Bank Transfer,52.23,2206.22,Fiber Optic,No,No,3,3,7,3.9,0
C105436,Male,36,41,Month-to-Month,UPI,62.12,2619.82,Fiber Optic,Yes,Yes,0,0,12,8.1,0
C105437,Female,31,70,Month-to-Month,Electronic Check,51.41,3421.92,Fiber Optic,No,Yes,2,4,26,6.2,0
C105438,Male,29,24,Month-to-Month,Electronic Check,82.18,1882.0,No Internet,Yes,Yes,0,3,14,6.9,1
C105439,Female,32,18,Two Year,Electronic Check,123.06,2069.02,Fiber Optic,Yes,Yes,0,2,22,8.2,0
C105440,Male,18,56,Month-to-Month,UPI,42.7,2498.92,DSL,No,Yes,2,0,7,5.6,0
C105441,Male,29,15,Month-to-Month,UPI,64.51,1029.08,Fiber Optic,No,No,0,2,16,8.8,0
C105442,Male,31,72,Month-to-Month,Electronic Check,116.55,8547.49,Fiber Optic,No,Yes,1,2,9,6.7,0
C105443,Female,36,35,Month-to-Month,Credit Card,117.6,4346.41,Fiber Optic,Yes,No,2,3,6,7.2,1
C105444,Male,40,27,One Year,Electronic Check,95.42,2743.64,Fiber Optic,Yes,Yes,1,1,9,8.2,0
C105445,Male,42,3,Two Year,Bank Transfer,77.08,218.17,Fiber Optic,No,Yes,0,0,5,8.4,0
C105446,Male,38,21,Month-to-Month,Credit Card,94.63,1951.08,Fiber Optic,Yes,No,2,3,20,5.5,1
C105447,Female,31,39,Month-to-Month,Electronic Check,79.03,2904.02,DSL,Yes,Yes,1,3,7,7.9,0
C105448,Female,18,32,Month-to-Month,Credit Card,105.06,3306.27,Fiber Optic,No,Yes,3,0,8,6.1,0
C105449,Male,31,50,Month-to-Month,Bank Transfer,83.93,4175.79,Fiber Optic,Yes,No,2,1,4,5.7,0
C105450,Male,26,9,Month-to-Month,Credit Card,61.39,571.08,DSL,Yes,No,3,2,9,6.3,0
C105451,Male,44,50,Month-to-Month,Bank Transfer,61.13,3139.59,Fiber Optic,No,No,1,1,34,7.5,0
C105452,Male,49,1,One Year,Credit Card,66.12,71.29,Fiber Optic,Yes,No,0,3,13,7.1,1
C105453,Male,49,4,Month-to-Month,Electronic Check,89.14,340.93,Fiber Optic,No,No,0,1,14,7.7,0
C105454,Female,47,4,One Year,Credit Card,52.79,199.5,No Internet,Yes,No,0,2,15,9.0,0
C105455,Male,36,34,Month-to-Month,Credit Card,105.33,3711.69,Fiber Optic,Yes,No,1,2,8,6.9,1
C105456,Male,32,27,Month-to-Month,Credit Card,67.77,1889.19,Fiber Optic,No,Yes,2,4,5,5.7,0
C105457,Male,29,15,Two Year,Electronic Check,84.93,1199.59,Fiber Optic,No,Yes,1,2,12,6.6,0
C105458,Female,20,32,Month-to-Month,Electronic Check,32.56,1094.89,Fiber Optic,Yes,Yes,3,4,9,5.4,1
C105459,Female,50,41,Month-to-Month,UPI,74.39,2973.37,DSL,Yes,No,1,2,15,6.2,0
C105460,Female,36,71,Two Year,Electronic Check,89.48,6323.73,No Internet,No,Yes,0,1,5,9.1,0
C105461,Male,23,61,Month-to-Month,Bank Transfer,95.87,6022.9,DSL,No,Yes,1,1,16,7.8,0
C105462,Male,28,63,Month-to-Month,Credit Card,88.16,5649.46,Fiber Optic,Yes,No,0,3,37,6.2,0
C105463,Male,28,61,Month-to-Month,UPI,75.97,4758.38,DSL,No,No,0,3,5,6.2,0
C105464,Male,39,14,Month-to-Month,UPI,79.7,1047.01,DSL,No,Yes,2,1,17,6.5,1
C105465,Male,51,23,One Year,UPI,70.86,1574.51,Fiber Optic,No,No,0,3,20,6.4,1
C105466,Female,34,65,Two Year,Bank Transfer,95.73,6533.36,Fiber Optic,Yes,Yes,0,1,26,6.2,0
C105467,Female,18,32,Month-to-Month,Credit Card,123.15,4212.01,Fiber Optic,Yes,No,0,2,23,8.0,1
C105468,Female,36,41,One Year,Credit Card,109.63,4432.66,Fiber Optic,No,Yes,0,1,3,8.7,0
C105469,Male,36,26,One Year,Electronic Check,93.17,2601.57,Fiber Optic,Yes,No,3,3,17,6.7,0
C105470,Female,35,48,Two Year,Electronic Check,88.41,4536.64,Fiber Optic,Yes,Yes,0,2,9,7.0,0
C105471,Male,30,16,One Year,Credit Card,80.77,1364.88,No Internet,Yes,Yes,1,3,18,6.3,0
C105472,Male,41,31,Two Year,UPI,108.13,3486.36,Fiber Optic,Yes,No,0,3,2,8.0,0
C105473,Female,39,66,Month-to-Month,Electronic Check,99.58,6604.65,DSL,Yes,Yes,1,1,16,6.4,0
C105474,Male,38,32,Month-to-Month,Credit Card,110.93,3386.62,Fiber Optic,No,Yes,1,4,7,6.2,0
C105475,Male,43,10,Month-to-Month,Bank Transfer,123.42,1185.68,Fiber Optic,No,No,1,0,6,8.1,0
C105476,Male,33,25,Two Year,Credit Card,104.28,2465.68,Fiber Optic,No,Yes,0,2,37,6.6,0
C105477,Female,32,45,Month-to-Month,Electronic Check,122.77,5832.59,Fiber Optic,No,No,1,2,14,6.2,1
C105478,Female,55,24,One Year,Credit Card,140.06,3095.96,DSL,No,Yes,2,4,9,5.6,0
C105479,Male,45,3,Month-to-Month,UPI,40.5,116.97,No Internet,Yes,No,2,4,14,3.8,0
C105480,Female,48,62,Two Year,UPI,91.03,5739.02,Fiber Optic,No,Yes,1,4,3,7.6,0
C105481,Male,53,67,One Year,Electronic Check,62.77,4532.53,DSL,Yes,Yes,1,1,13,6.3,0
C105482,Male,44,55,One Year,UPI,88.71,,Fiber Optic,No,Yes,1,1,24,4.4,1
C105483,Female,49,10,Two Year,UPI,126.67,1208.04,Fiber Optic,Yes,No,0,2,9,8.5,0
C105484,Female,19,55,Two Year,Credit Card,113.75,5831.22,DSL,No,Yes,2,2,13,8.1,0
C105485,Female,40,22,Month-to-Month,Electronic Check,82.28,1747.62,DSL,No,No,1,1,21,7.0,0
C105486,Male,36,14,Two Year,UPI,89.22,1314.39,No Internet,Yes,Yes,2,0,16,7.7,0
C105487,Female,58,8,Month-to-Month,Electronic Check,66.76,502.55,DSL,Yes,Yes,1,2,23,5.6,1
C105488,Female,49,15,One Year,Bank Transfer,107.6,1523.22,No Internet,Yes,Yes,3,2,20,5.5,0
C105489,Female,30,15,Month-to-Month,Bank Transfer,62.78,887.88,DSL,No,No,2,0,2,7.5,0
C105490,Male,42,52,Month-to-Month,Electronic Check,89.51,4368.81,DSL,No,No,2,0,8,6.5,0
C105491,Female,40,70,Two Year,Bank Transfer,66.17,4597.07,DSL,Yes,Yes,1,5,13,7.5,0
C105492,Female,43,54,One Year,Bank Transfer,65.82,3740.56,DSL,Yes,Yes,1,2,29,6.7,0
C105493,Male,26,42,Month-to-Month,Credit Card,98.12,4094.39,DSL,No,No,1,5,12,3.7,0
C105494,Male,42,19,Month-to-Month,Bank Transfer,72.77,1392.36,DSL,Yes,Yes,2,4,14,5.6,0
C105495,Male,35,40,Two Year,Credit Card,95.69,3871.6,Fiber Optic,No,Yes,3,4,8,7.7,0
C105496,Female,41,69,Month-to-Month,UPI,81.74,5536.63,Fiber Optic,No,Yes,1,0,7,,0
C105497,Female,29,27,Month-to-Month,Electronic Check,87.23,2294.59,DSL,No,Yes,1,2,13,7.4,1
C105498,Female,31,43,One Year,Bank Transfer,80.9,3552.59,DSL,No,Yes,3,2,6,6.6,0
C105499,Female,52,52,Month-to-Month,Bank Transfer,80.0,4060.3,DSL,No,No,2,1,42,5.6,1
C105500,Male,25,46,One Year,Credit Card,92.16,3979.57,Fiber Optic,No,No,0,1,16,7.7,0
C105501,Male,26,14,Month-to-Month,Credit Card,111.81,1656.18,No Internet,Yes,Yes,1,1,25,5.8,1
C105502,Male,37,64,Month-to-Month,Credit Card,67.37,4371.4,DSL,Yes,Yes,2,3,10,7.2,1
C105503,Male,29,61,Two Year,Bank Transfer,148.08,9507.79,Fiber Optic,No,Yes,0,3,19,8.5,0
C105504,Male,27,58,Two Year,Credit Card,70.72,4086.83,DSL,No,Yes,0,1,5,7.3,0
C105505,Male,39,49,Two Year,Bank Transfer,70.28,,Fiber Optic,No,No,2,3,7,6.1,0
C105506,Male,20,29,One Year,Credit Card,81.17,2511.92,Fiber Optic,Yes,No,2,2,15,5.5,0
C105507,Male,26,26,Month-to-Month,Electronic Check,88.11,2382.06,No Internet,No,No,2,1,26,7.0,0
C105508,Male,63,27,Month-to-Month,Credit Card,53.06,1398.42,DSL,Yes,No,1,3,17,5.4,0
C105509,Male,44,67,One Year,Electronic Check,109.31,7122.66,Fiber Optic,Yes,No,0,3,5,7.6,0
C105510,Male,29,67,Month-to-Month,Bank Transfer,86.53,5586.42,Fiber Optic,Yes,Yes,0,0,11,8.4,0
C105511,Female,43,35,Month-to-Month,Credit Card,25.0,871.63,DSL,No,No,1,2,9,7.2,0
C105512,Female,45,60,Month-to-Month,Bank Transfer,102.02,6532.65,DSL,No,Yes,2,0,7,8.4,0
C105513,Female,50,61,Month-to-Month,Bank Transfer,72.49,4080.65,DSL,No,Yes,2,2,25,7.3,0
C105514,Male,36,70,Month-to-Month,Credit Card,63.16,4605.58,DSL,No,No,0,3,4,9.8,0
C105515,Female,50,3,Month-to-Month,Electronic Check,91.55,,No Internet,Yes,No,4,1,23,4.8,1
C105516,Female,18,33,Two Year,Electronic Check,72.8,,DSL,No,No,0,3,22,7.4,0
C105517,Female,25,42,Month-to-Month,Bank Transfer,67.27,2795.44,Fiber Optic,No,No,0,0,9,8.6,0
C105518,Male,40,13,One Year,UPI,62.83,845.81,DSL,Yes,No,1,3,16,6.5,0
C105519,Female,42,29,Month-to-Month,Credit Card,56.67,1732.27,Fiber Optic,No,No,1,3,24,7.0,0
C105520,Female,27,9,Two Year,Credit Card,78.47,702.88,No Internet,Yes,No,1,2,9,6.7,0
C105521,Female,41,32,One Year,Bank Transfer,107.09,3554.2,Fiber Optic,No,Yes,4,3,10,6.4,0
C105522,Female,31,22,Month-to-Month,Credit Card,120.27,2463.22,DSL,No,Yes,1,0,17,8.9,1
C105523,Male,35,58,Month-to-Month,Electronic Check,46.59,2614.85,DSL,No,Yes,1,1,13,7.1,0
C105524,Female,50,57,One Year,Bank Transfer,95.64,5296.54,Fiber Optic,No,Yes,1,2,5,7.2,0
C105525,Male,49,10,Month-to-Month,Electronic Check,76.43,761.31,Fiber Optic,No,No,2,2,23,6.2,1
C105526,Female,26,25,Month-to-Month,Credit Card,84.94,2173.4,DSL,No,No,2,1,17,7.6,0
C105527,Male,25,62,Month-to-Month,Bank Transfer,76.4,4714.17,No Internet,No,No,4,4,13,4.8,1
C105528,Male,33,63,Month-to-Month,Electronic Check,53.17,3533.63,DSL,No,Yes,5,0,7,4.9,0
C105529,Male,38,3,Month-to-Month,Credit Card,70.94,204.59,DSL,Yes,Yes,0,4,9,6.7,0
C105530,Female,30,47,Month-to-Month,Bank Transfer,96.6,4274.96,Fiber Optic,No,Yes,1,2,7,5.5,0
C105531,Male,50,55,Month-to-Month,Credit Card,74.08,3990.2,No Internet,No,Yes,2,1,15,7.8,1
C105532,Female,42,26,Two Year,Electronic Check,49.93,1244.69,Fiber Optic,Yes,Yes,0,4,16,6.8,0
C105533,Female,43,13,Two Year,Bank Transfer,82.46,1088.01,Fiber Optic,Yes,Yes,1,2,8,6.6,0
C105534,Male,23,7,Month-to-Month,Bank Transfer,105.09,743.9,Fiber Optic,No,Yes,1,0,6,7.3,0
C105535,Male,52,34,Month-to-Month,Credit Card,93.36,3294.52,No Internet,No,No,1,5,3,7.9,0
C105536,Male,18,22,Two Year,Electronic Check,96.06,2210.04,DSL,Yes,No,0,5,2,7.6,0
C105537,Female,48,23,One Year,Credit Card,87.9,1905.87,Fiber Optic,Yes,Yes,2,3,6,6.1,1
C105538,Female,49,48,Two Year,Credit Card,72.41,3389.2,Fiber Optic,Yes,No,0,2,12,7.4,0
C105539,Male,33,14,Month-to-Month,UPI,83.38,1088.63,No Internet,Yes,No,0,5,18,4.3,0
C105540,Male,53,52,Month-to-Month,Bank Transfer,81.53,4361.47,Fiber Optic,No,No,0,1,7,9.0,0
C105541,Female,37,39,Two Year,Credit Card,55.02,2249.26,Fiber Optic,No,No,3,2,3,5.6,0
C105542,Female,39,41,Month-to-Month,Credit Card,53.38,2350.18,DSL,No,No,1,2,2,6.5,0
C105543,Female,42,36,One Year,UPI,98.37,3800.27,Fiber Optic,Yes,No,0,4,4,7.7,0
C105544,Female,75,6,One Year,Electronic Check,84.55,518.0,Fiber Optic,No,Yes,1,3,2,7.6,1
C105545,Male,54,23,Two Year,Bank Transfer,57.63,1376.25,No Internet,Yes,Yes,0,2,3,7.8,0
C105546,Male,46,10,Two Year,Credit Card,57.17,545.05,DSL,Yes,No,2,1,1,6.3,1
C105547,Male,27,60,Month-to-Month,Electronic Check,98.76,6004.27,Fiber Optic,No,Yes,1,3,24,8.0,0
C105548,Male,40,30,Month-to-Month,Electronic Check,39.36,1148.84,DSL,No,Yes,1,3,15,6.5,1
C105549,Male,28,70,Month-to-Month,Electronic Check,78.4,5144.7,DSL,Yes,Yes,1,6,11,5.6,0
C105550,Male,48,5,Two Year,Credit Card,95.24,475.48,Fiber Optic,No,No,2,4,18,5.9,0
C105551,Male,40,57,Month-to-Month,UPI,101.11,5690.5,DSL,No,Yes,0,1,26,8.0,0
C105552,Female,25,43,Month-to-Month,Credit Card,85.66,3429.48,Fiber Optic,Yes,No,3,4,5,5.6,0
C105553,Female,39,52,Two Year,Electronic Check,38.25,2133.61,DSL,No,Yes,1,2,1,6.6,0
C105554,Female,28,6,Month-to-Month,Credit Card,101.97,656.5,Fiber Optic,No,Yes,0,1,24,7.2,1
C105555,Female,40,2,Two Year,Electronic Check,83.37,168.31,DSL,Yes,No,0,0,18,9.0,0
C105556,Male,28,17,One Year,Electronic Check,107.0,1948.33,DSL,No,No,1,0,11,8.5,0
C105557,Female,38,12,Month-to-Month,,118.4,1365.83,Fiber Optic,No,No,1,0,12,7.4,1
C105558,Male,47,44,Month-to-Month,Credit Card,91.13,4196.74,Fiber Optic,No,Yes,1,2,44,6.3,0
C105559,Female,37,54,Month-to-Month,Bank Transfer,58.97,3413.23,DSL,No,Yes,2,1,6,8.0,0
C105560,Male,33,7,Month-to-Month,Electronic Check,87.4,601.55,No Internet,Yes,No,0,3,12,7.5,0
C105561,Female,40,32,One Year,Credit Card,101.43,3143.19,DSL,Yes,Yes,1,2,12,6.5,0
C105562,Male,46,29,Month-to-Month,Credit Card,91.87,2747.17,Fiber Optic,Yes,Yes,5,2,2,4.3,0
C105563,Male,25,46,Month-to-Month,UPI,80.77,3699.83,Fiber Optic,Yes,No,0,3,18,9.1,0
C105564,Female,41,53,Month-to-Month,Electronic Check,126.41,6569.53,Fiber Optic,Yes,Yes,2,1,18,5.8,0
C105565,Male,54,25,Two Year,UPI,55.73,1455.18,DSL,No,No,2,1,7,5.6,0
C105566,Female,45,53,Two Year,Electronic Check,69.72,3541.01,No Internet,No,Yes,0,3,9,8.9,0
C105567,Female,39,29,Month-to-Month,UPI,94.83,2832.87,Fiber Optic,Yes,No,4,2,26,5.4,1
C105568,Female,46,6,Month-to-Month,Electronic Check,84.38,497.18,Fiber Optic,No,Yes,3,2,35,6.0,1
C105569,Female,43,38,Two Year,Credit Card,86.82,3173.17,No Internet,No,Yes,0,3,7,6.3,0
C105570,Female,47,3,One Year,Electronic Check,101.74,326.27,DSL,No,Yes,0,3,31,6.2,0
C105571,Male,18,35,Two Year,Credit Card,49.38,1658.59,DSL,No,No,2,2,2,6.6,0
C105572,Female,19,55,Month-to-Month,Electronic Check,78.27,4226.9,Fiber Optic,No,Yes,2,2,9,6.7,0
C105573,Female,50,47,Month-to-Month,Credit Card,110.93,5314.72,DSL,Yes,No,1,5,17,5.3,0
C105574,Female,20,33,Two Year,Credit Card,95.39,2926.81,Fiber Optic,Yes,Yes,1,5,8,,0
C105575,Male,43,3,Month-to-Month,Credit Card,88.23,247.84,Fiber Optic,No,Yes,2,2,16,7.1,0
C105576,Female,34,69,Month-to-Month,Electronic Check,79.77,5617.68,Fiber Optic,Yes,Yes,1,4,4,8.2,0
C105577,Female,26,59,Month-to-Month,UPI,92.46,5534.73,No Internet,No,No,0,3,31,5.9,0
C105578,Female,42,18,Month-to-Month,Electronic Check,71.28,1304.12,Fiber Optic,Yes,Yes,1,1,11,7.5,0
C105579,Male,40,66,One Year,UPI,95.48,6395.64,DSL,No,No,2,1,6,7.2,0
C105580,Male,63,25,One Year,UPI,64.23,1691.73,No Internet,No,No,0,0,18,4.9,0
C105581,Male,31,20,Month-to-Month,Credit Card,70.95,1380.49,Fiber Optic,No,Yes,1,0,18,8.2,1
C105582,Female,55,71,Two Year,Electronic Check,53.79,3620.86,DSL,Yes,Yes,0,2,7,7.0,0
C105583,Female,42,69,Month-to-Month,Electronic Check,78.34,5749.18,DSL,No,Yes,4,3,21,4.8,0
C105584,Male,30,29,Month-to-Month,Bank Transfer,85.44,2501.34,Fiber Optic,Yes,No,3,3,8,5.5,0
C105585,Male,48,18,Month-to-Month,Electronic Check,64.6,1216.56,Fiber Optic,No,No,0,2,8,6.4,1
C105586,Male,45,72,Two Year,Bank Transfer,74.58,5105.1,Fiber Optic,No,Yes,2,2,13,5.3,0
C105587,Male,38,27,Month-to-Month,UPI,45.82,1229.95,Fiber Optic,No,Yes,0,0,1,9.1,0
C105588,Female,41,42,Two Year,UPI,81.52,3214.7,Fiber Optic,No,Yes,2,3,11,6.3,0
C105589,Female,31,66,Month-to-Month,Credit Card,129.37,7990.48,DSL,Yes,No,2,3,32,7.6,0
C105590,Male,28,26,Month-to-Month,UPI,37.48,967.34,Fiber Optic,No,No,1,1,3,8.2,0
C105591,Female,47,23,One Year,Electronic Check,82.44,1924.97,DSL,Yes,No,1,1,26,6.5,0
C105592,Male,35,5,One Year,UPI,88.64,473.52,DSL,Yes,Yes,3,2,50,4.4,1
C105593,Female,37,11,Month-to-Month,Credit Card,65.66,670.12,DSL,No,No,3,2,10,5.9,1
C105594,Male,41,19,Two Year,Credit Card,78.1,1453.66,DSL,No,No,1,1,16,6.5,1
C105595,Male,41,12,Month-to-Month,Electronic Check,63.76,794.46,DSL,No,Yes,5,3,9,4.0,1
C105596,Male,21,2,Two Year,Electronic Check,64.72,125.38,DSL,No,Yes,1,0,6,7.3,0
C105597,Female,53,43,One Year,Credit Card,103.09,4612.26,Fiber Optic,No,Yes,0,4,34,6.8,0
C105598,Female,39,22,Month-to-Month,UPI,30.94,729.74,Fiber Optic,No,No,2,3,11,6.9,1
C105599,Female,36,26,One Year,Credit Card,64.9,1711.3,No Internet,Yes,No,2,1,26,5.2,0
C105600,Male,43,33,Two Year,Credit Card,82.2,2604.38,DSL,Yes,No,1,3,6,6.2,0
C105601,Male,41,24,One Year,Electronic Check,74.54,1816.19,DSL,Yes,Yes,0,1,9,6.9,0
C105602,Male,47,69,Month-to-Month,Credit Card,105.35,7040.39,DSL,Yes,Yes,0,3,39,7.9,1
C105603,Female,44,21,Month-to-Month,Electronic Check,92.3,1835.77,Fiber Optic,No,Yes,2,3,19,7.4,0
C105604,Male,47,46,One Year,UPI,84.34,4061.3,DSL,No,Yes,3,0,12,5.2,0
C105605,Female,54,18,Two Year,Credit Card,87.84,1622.33,DSL,No,Yes,1,2,15,7.9,0
C105606,Female,49,5,One Year,Bank Transfer,59.47,314.0,DSL,Yes,Yes,0,4,24,8.4,0
C105607,Female,36,8,One Year,Credit Card,95.72,811.34,Fiber Optic,Yes,No,2,2,10,5.4,1
C105608,Male,25,57,Month-to-Month,Bank Transfer,122.95,6847.41,Fiber Optic,No,No,1,2,22,7.0,0
C105609,Male,58,5,Two Year,Credit Card,47.86,224.46,Fiber Optic,No,Yes,0,1,5,7.1,0
C105610,Male,35,13,Month-to-Month,Bank Transfer,68.59,887.6,Fiber Optic,No,Yes,0,1,6,9.1,0
C105611,Female,32,66,One Year,,98.54,6352.27,Fiber Optic,Yes,Yes,2,1,2,7.3,0
C105612,Female,18,37,Month-to-Month,Credit Card,84.13,3179.2,Fiber Optic,No,Yes,3,2,9,4.5,0
C105613,Male,42,29,Month-to-Month,Electronic Check,77.95,2384.6,DSL,Yes,Yes,2,1,12,7.1,0
C105614,Male,40,69,One Year,Electronic Check,84.54,5937.35,DSL,No,Yes,0,3,12,6.3,0
C105615,Female,20,32,One Year,UPI,47.5,1401.02,DSL,No,No,1,0,1,8.4,0
C105616,Female,43,48,Two Year,Electronic Check,57.9,2825.19,DSL,No,No,2,2,24,7.5,0
C105617,Male,32,2,Month-to-Month,Credit Card,86.12,162.02,No Internet,No,Yes,0,2,3,6.5,0
C105618,Female,70,69,Month-to-Month,Credit Card,72.42,4850.42,Fiber Optic,No,No,1,4,7,6.5,0
C105619,Male,31,51,Two Year,Bank Transfer,43.82,2141.96,No Internet,No,No,1,1,4,6.3,0
C105620,Male,33,35,Month-to-Month,Electronic Check,73.71,2581.02,Fiber Optic,Yes,No,1,2,14,7.4,1
C105621,Female,28,15,One Year,Bank Transfer,79.85,1252.8,No Internet,Yes,No,1,1,7,5.6,0
C105622,Female,53,72,Two Year,Bank Transfer,111.61,7442.11,No Internet,No,No,1,2,9,8.0,0
C105623,Female,34,65,Two Year,Bank Transfer,82.09,4958.27,Fiber Optic,No,Yes,0,3,10,8.2,0
C105624,Male,29,38,Month-to-Month,Bank Transfer,88.14,3595.35,Fiber Optic,No,No,1,2,9,7.4,0
C105625,Female,46,17,One Year,Credit Card,55.23,929.82,DSL,No,Yes,1,2,1,6.6,0
C105626,Male,21,45,Month-to-Month,UPI,44.35,2072.46,Fiber Optic,No,Yes,1,1,19,4.3,1
C105627,Male,46,1,Month-to-Month,Credit Card,55.25,58.57,DSL,No,Yes,0,3,3,9.1,0
C105628,Female,59,3,Month-to-Month,Electronic Check,76.53,225.25,DSL,Yes,Yes,0,1,13,6.0,1
C105629,Male,45,70,Two Year,Bank Transfer,104.42,7365.74,Fiber Optic,No,Yes,4,7,15,3.5,0
C105630,Female,46,52,Month-to-Month,Electronic Check,69.52,3826.49,Fiber Optic,Yes,No,4,0,13,5.6,1
C105631,Female,48,53,One Year,Bank Transfer,73.12,3937.07,DSL,No,No,3,1,16,4.8,0
C105632,Male,59,3,One Year,Credit Card,93.66,266.97,Fiber Optic,No,No,2,4,20,6.5,1
C105633,Male,53,47,Month-to-Month,Electronic Check,35.68,1703.48,Fiber Optic,No,No,0,3,27,7.4,0
C105634,Male,43,6,Month-to-Month,Electronic Check,97.44,628.25,DSL,No,Yes,0,2,5,7.2,0
C105635,Male,49,46,One Year,Credit Card,61.22,3035.25,DSL,No,Yes,0,5,7,7.7,1
C105636,Female,27,61,Month-to-Month,Credit Card,98.95,6430.51,Fiber Optic,No,No,2,5,16,4.1,0
C105637,Female,47,43,One Year,Credit Card,98.11,4368.54,Fiber Optic,Yes,No,2,3,7,6.2,0
C105638,Male,26,56,Month-to-Month,Bank Transfer,101.35,6022.46,DSL,No,No,1,1,16,6.9,0
C105639,Male,34,70,Month-to-Month,Bank Transfer,85.75,5916.29,DSL,No,Yes,1,2,8,8.6,0
C105640,Female,18,20,Month-to-Month,Electronic Check,94.02,1832.79,Fiber Optic,Yes,No,2,2,3,6.1,1
C105641,Female,43,47,Month-to-Month,Electronic Check,117.75,5972.53,Fiber Optic,No,Yes,0,4,27,6.0,0
C105642,Male,30,54,Month-to-Month,Bank Transfer,54.29,3110.92,No Internet,No,No,1,1,5,7.9,0
C105643,Male,51,41,One Year,Bank Transfer,84.32,3243.93,DSL,No,Yes,2,1,18,6.0,0
C105644,Female,43,66,Month-to-Month,Bank Transfer,89.82,6222.25,Fiber Optic,No,Yes,1,1,7,5.7,0
C105645,Male,51,31,Month-to-Month,Bank Transfer,106.34,3039.21,DSL,Yes,No,0,2,8,8.3,1
C105646,Male,25,64,Month-to-Month,Credit Card,73.02,4618.29,Fiber Optic,No,No,3,2,20,6.7,0
C105647,Female,50,58,One Year,Credit Card,110.88,6003.23,Fiber Optic,No,Yes,2,4,9,5.3,0
C105648,Female,63,55,Month-to-Month,UPI,80.18,4317.04,No Internet,Yes,Yes,3,1,7,7.6,0
C105649,Female,47,46,Month-to-Month,Electronic Check,65.58,3166.4,DSL,No,Yes,2,1,7,7.0,0
C105650,Female,47,24,One Year,Credit Card,100.85,2284.88,DSL,No,No,0,3,11,7.6,1
C105651,Female,40,37,One Year,UPI,68.16,2462.09,DSL,Yes,No,1,3,14,6.3,0
C105652,Male,32,41,Month-to-Month,Credit Card,58.44,2302.25,DSL,No,No,3,4,4,4.6,0
C105653,Male,47,25,Two Year,Credit Card,56.09,1319.24,No Internet,Yes,No,2,2,3,7.3,0
C105654,Male,20,29,Month-to-Month,Credit Card,96.42,3006.08,No Internet,Yes,No,3,2,12,7.3,0
C105655,Male,33,31,Month-to-Month,UPI,82.13,2519.21,DSL,No,No,2,4,5,7.0,0
C105656,Female,18,2,One Year,Bank Transfer,55.23,102.01,No Internet,No,No,0,6,12,8.1,0
C105657,Female,30,12,Month-to-Month,Electronic Check,83.83,1034.54,DSL,Yes,Yes,0,4,7,6.2,0
C105658,Female,46,5,Month-to-Month,Bank Transfer,81.39,408.57,DSL,Yes,Yes,3,5,8,5.0,1
C105659,Female,44,61,Two Year,Electronic Check,101.92,6535.25,Fiber Optic,No,No,2,2,52,3.1,0
C105660,Male,39,56,Month-to-Month,Credit Card,106.86,5853.62,No Internet,Yes,Yes,0,0,28,7.6,1
C105661,Male,40,71,Month-to-Month,UPI,63.33,4791.71,No Internet,Yes,Yes,3,3,10,5.5,0
C105662,Female,18,37,Two Year,Bank Transfer,60.58,2072.14,Fiber Optic,No,No,1,2,23,5.6,0
C105663,Female,34,36,Month-to-Month,Bank Transfer,109.11,3943.22,Fiber Optic,No,No,1,3,5,8.6,0
C105664,Female,30,29,Month-to-Month,UPI,91.7,2654.52,Fiber Optic,No,Yes,1,5,4,7.3,0
C105665,Female,30,38,Month-to-Month,Bank Transfer,100.86,3533.3,Fiber Optic,Yes,Yes,2,2,23,6.8,0
C105666,Female,45,41,One Year,Electronic Check,82.6,3149.99,Fiber Optic,Yes,Yes,1,4,3,6.3,0
C105667,Female,28,33,Month-to-Month,Electronic Check,72.77,2319.87,DSL,No,Yes,0,1,16,6.5,0
C105668,Male,31,13,One Year,Credit Card,59.96,788.8,Fiber Optic,No,No,0,1,13,6.9,0
C105669,Female,18,6,Month-to-Month,Electronic Check,106.98,611.74,Fiber Optic,No,No,0,1,8,9.0,0
C105670,Female,34,66,One Year,Bank Transfer,87.14,5460.43,Fiber Optic,Yes,No,0,2,11,6.7,0
C105671,Male,25,8,Month-to-Month,Bank Transfer,106.95,805.75,Fiber Optic,No,Yes,3,2,7,6.2,1
C105672,Female,39,64,Month-to-Month,Bank Transfer,101.82,6962.64,Fiber Optic,No,Yes,0,4,10,9.4,0
C105673,Male,27,9,Two Year,Credit Card,80.53,732.27,Fiber Optic,Yes,Yes,2,5,35,6.6,0
C105674,Female,39,23,Month-to-Month,Credit Card,92.34,2037.61,DSL,No,No,2,1,6,6.3,0
C105675,Male,36,71,One Year,UPI,99.61,7605.52,Fiber Optic,Yes,Yes,1,0,7,7.3,0
C105676,Female,58,21,Month-to-Month,Bank Transfer,91.88,1901.19,DSL,No,Yes,1,3,8,6.4,0
C105677,Male,44,1,One Year,Bank Transfer,42.14,39.53,No Internet,No,No,1,6,17,5.8,0
C105678,Female,18,46,Month-to-Month,Electronic Check,29.09,1340.51,DSL,No,No,1,0,16,7.9,0
C105679,Male,23,62,One Year,Bank Transfer,48.61,2982.49,Fiber Optic,Yes,No,2,4,19,4.7,0
C105680,Male,39,2,One Year,Credit Card,126.74,258.25,Fiber Optic,Yes,No,1,1,20,8.2,0
C105681,Male,27,44,Month-to-Month,Bank Transfer,63.73,2893.45,No Internet,Yes,No,0,0,14,6.8,0
C105682,Female,18,5,Month-to-Month,Credit Card,56.73,276.66,DSL,Yes,Yes,3,2,13,5.1,1
C105683,Male,54,39,One Year,Bank Transfer,118.0,4359.89,Fiber Optic,Yes,No,1,2,16,6.9,0
C105684,Male,47,66,Month-to-Month,Credit Card,95.49,6215.18,Fiber Optic,Yes,No,2,1,21,6.4,0
C105685,Female,44,45,Two Year,UPI,70.85,3190.75,Fiber Optic,No,Yes,3,2,9,4.2,0
C105686,Male,31,13,Month-to-Month,Electronic Check,46.22,597.62,Fiber Optic,No,No,2,1,21,7.0,1
C105687,Female,43,32,Month-to-Month,Credit Card,77.0,2280.22,DSL,Yes,No,2,2,9,7.2,0
C105688,Male,30,43,Month-to-Month,Electronic Check,67.22,3026.55,DSL,No,Yes,1,0,7,9.3,0
C105689,Female,40,8,Month-to-Month,Credit Card,89.31,696.55,No Internet,Yes,No,0,3,14,7.9,0
C105690,Male,27,59,Month-to-Month,Credit Card,111.25,6346.28,Fiber Optic,No,No,2,5,7,6.1,0
C105691,Male,56,11,Month-to-Month,UPI,93.95,986.06,DSL,Yes,No,0,1,7,9.2,0
C105692,Female,19,28,Month-to-Month,Electronic Check,79.72,2261.76,Fiber Optic,No,Yes,0,1,7,7.9,0
C105693,Female,53,39,Month-to-Month,Bank Transfer,77.84,3079.03,DSL,Yes,Yes,1,4,18,7.6,0
C105694,Female,38,26,Month-to-Month,Credit Card,107.01,2751.49,Fiber Optic,No,No,0,1,2,8.0,0
C105695,Male,32,72,Month-to-Month,Credit Card,62.18,4600.65,DSL,No,No,2,1,20,7.3,0
C105696,Male,40,26,Month-to-Month,Bank Transfer,71.12,1712.49,DSL,No,No,0,3,8,6.4,0
C105697,Male,47,32,Month-to-Month,Credit Card,130.09,4364.34,Fiber Optic,No,No,1,1,27,7.0,1
C105698,Female,54,46,One Year,Credit Card,54.3,2400.37,No Internet,No,No,3,5,2,4.4,0
C105699,Male,42,28,Month-to-Month,Electronic Check,90.44,2519.62,DSL,No,No,1,2,6,5.8,1
C105700,Male,27,7,Two Year,Credit Card,86.07,626.11,Fiber Optic,No,No,2,1,13,7.2,0
C105701,Male,39,35,Month-to-Month,Credit Card,77.06,2556.47,DSL,No,Yes,0,3,16,8.0,0
C105702,Female,60,66,Month-to-Month,UPI,79.24,5566.88,No Internet,No,Yes,1,1,15,9.0,0
C105703,Male,54,22,Month-to-Month,Credit Card,40.43,837.62,No Internet,No,Yes,3,2,3,6.5,1
C105704,Female,49,22,Month-to-Month,UPI,93.91,2169.42,DSL,No,Yes,0,0,17,9.7,1
C105705,Male,48,3,Two Year,Electronic Check,56.99,168.2,DSL,Yes,No,2,1,23,6.7,1
C105706,Female,46,46,Month-to-Month,Electronic Check,91.52,3983.7,Fiber Optic,No,Yes,1,2,12,5.2,0
C105707,Male,52,50,Month-to-Month,Credit Card,77.1,4082.93,Fiber Optic,Yes,Yes,2,0,10,6.6,0
C105708,Female,33,8,Month-to-Month,Electronic Check,67.72,561.9,No Internet,No,No,2,0,23,6.4,1
C105709,Female,22,4,Two Year,UPI,65.27,249.79,DSL,Yes,Yes,0,1,16,7.7,0
C105710,Male,39,15,One Year,Bank Transfer,83.65,1287.92,Fiber Optic,No,Yes,1,6,20,5.0,1
C105711,Female,28,44,Month-to-Month,Electronic Check,45.64,1897.61,DSL,No,No,1,4,12,8.4,0
C105712,Male,25,39,Two Year,Bank Transfer,131.62,,Fiber Optic,Yes,No,0,3,18,6.5,0
C105713,Female,29,29,Two Year,Bank Transfer,84.53,2470.42,Fiber Optic,No,Yes,2,2,2,6.2,0
C105714,Female,68,62,Month-to-Month,Electronic Check,117.81,6895.65,DSL,No,Yes,2,4,9,6.1,1
C105715,Male,40,34,Month-to-Month,Bank Transfer,81.53,2579.58,Fiber Optic,No,Yes,1,4,5,6.3,0
C105716,Male,42,26,Month-to-Month,Credit Card,84.77,2249.6,Fiber Optic,No,Yes,2,3,18,6.0,0
C105717,Male,23,18,One Year,Bank Transfer,58.37,1074.97,No Internet,No,Yes,1,1,3,7.9,0
C105718,Male,18,63,Month-to-Month,Electronic Check,108.92,7387.78,Fiber Optic,Yes,Yes,0,2,8,9.5,0
C105719,Male,28,52,Two Year,Bank Transfer,69.3,3601.71,Fiber Optic,No,Yes,0,3,2,7.9,0
C105720,Male,55,54,Month-to-Month,Bank Transfer,57.97,3049.82,DSL,No,Yes,0,4,8,7.6,0
C105721,Male,42,42,Two Year,Credit Card,85.89,3728.65,Fiber Optic,No,No,1,2,13,7.9,0
C105722,Female,45,54,One Year,UPI,80.03,4530.65,DSL,Yes,Yes,2,2,5,7.0,0
C105723,Male,47,52,One Year,UPI,68.88,3688.62,Fiber Optic,No,No,0,3,10,7.1,0
C105724,Male,31,13,Month-to-Month,Electronic Check,88.48,1195.02,No Internet,No,Yes,1,1,14,5.0,0
C105725,Female,55,32,Two Year,Electronic Check,27.7,913.67,DSL,Yes,No,0,3,17,7.7,0
C105726,Male,30,66,One Year,Credit Card,61.12,3823.37,DSL,Yes,No,1,1,15,6.6,0
C105727,Male,55,58,One Year,Electronic Check,53.97,3285.83,Fiber Optic,Yes,No,3,1,15,6.3,0
C105728,Male,43,39,Month-to-Month,Credit Card,85.44,3399.16,Fiber Optic,No,Yes,1,3,15,5.5,1
C105729,Female,18,27,Two Year,Electronic Check,120.4,3194.38,Fiber Optic,No,Yes,1,4,6,7.0,1
C105730,Female,29,54,Month-to-Month,Bank Transfer,29.89,1656.18,DSL,No,No,0,2,27,10.0,0
C105731,Male,18,72,Two Year,Electronic Check,98.9,7515.85,Fiber Optic,No,Yes,0,2,4,7.7,0
C105732,Female,52,43,Month-to-Month,Electronic Check,75.38,3429.21,Fiber Optic,No,No,1,1,10,7.9,0
C105733,Female,38,52,One Year,UPI,70.2,3553.33,Fiber Optic,Yes,No,1,0,10,9.2,0
C105734,Female,18,14,Two Year,Electronic Check,102.44,1346.52,Fiber Optic,Yes,No,1,1,4,8.5,0
C105735,Female,43,8,Month-to-Month,Electronic Check,30.35,232.05,DSL,Yes,No,1,3,11,8.3,0
C105736,Female,32,35,Month-to-Month,Credit Card,63.9,2274.76,Fiber Optic,No,No,1,3,6,7.8,0
C105737,Male,20,18,Month-to-Month,Electronic Check,54.05,975.47,DSL,No,Yes,2,0,23,7.0,1
C105738,Male,58,55,Month-to-Month,Bank Transfer,46.37,2548.01,Fiber Optic,No,No,1,4,22,6.7,0
C105739,Male,39,52,One Year,Credit Card,88.54,4459.2,DSL,Yes,Yes,1,3,8,5.0,1
C105740,Female,34,72,Month-to-Month,Credit Card,83.87,5628.67,Fiber Optic,Yes,No,2,0,5,6.5,0
C105741,Female,33,49,Month-to-Month,Bank Transfer,84.91,4028.11,DSL,No,No,0,3,19,7.1,0
C105742,Female,20,8,Month-to-Month,Bank Transfer,97.92,807.41,Fiber Optic,No,No,3,4,28,5.7,1
C105743,Female,22,37,Month-to-Month,Electronic Check,107.03,4037.4,Fiber Optic,No,No,2,6,14,5.6,1
C105744,Male,53,66,One Year,Electronic Check,97.67,6215.83,Fiber Optic,Yes,Yes,1,1,6,7.4,0
C105745,Female,32,41,Month-to-Month,Electronic Check,65.07,2783.94,DSL,No,No,2,3,13,7.1,0
C105746,Female,38,27,One Year,Electronic Check,99.92,2895.97,Fiber Optic,Yes,Yes,3,1,12,7.0,1
C105747,Female,18,20,Month-to-Month,Credit Card,83.61,1606.0,Fiber Optic,No,Yes,1,0,8,6.4,1
C105748,Female,22,38,Month-to-Month,Electronic Check,96.25,3825.26,DSL,No,No,1,2,11,5.8,0
C105749,Female,45,12,Month-to-Month,Electronic Check,111.7,1401.83,Fiber Optic,No,Yes,2,2,10,4.9,1
C105750,Male,43,42,Month-to-Month,Credit Card,55.83,2357.78,DSL,No,No,2,2,4,6.6,0
C105751,Female,59,50,Month-to-Month,Bank Transfer,45.26,2085.59,No Internet,No,Yes,0,5,6,,0
C105752,Male,54,31,Month-to-Month,Bank Transfer,62.39,1870.42,DSL,No,Yes,0,1,27,7.6,0
C105753,Female,35,65,Month-to-Month,Electronic Check,109.86,6614.32,No Internet,Yes,Yes,0,2,8,5.3,1
C105754,Female,44,53,Month-to-Month,Credit Card,122.27,6385.59,No Internet,No,No,3,3,4,5.9,1
C105755,Male,34,40,Month-to-Month,Electronic Check,37.22,1505.24,No Internet,No,No,0,5,23,6.0,1
C105756,Female,63,39,One Year,UPI,107.38,4146.07,Fiber Optic,Yes,No,1,0,6,6.3,0
C105757,Male,52,10,One Year,Electronic Check,72.86,751.21,Fiber Optic,No,Yes,2,5,12,7.2,0
C105758,Male,40,29,Month-to-Month,Credit Card,67.72,1880.65,DSL,Yes,Yes,0,0,13,7.9,0
C105759,Male,40,40,Month-to-Month,UPI,107.35,4004.1,DSL,No,Yes,1,3,13,7.7,0
C105760,Female,55,30,Month-to-Month,Electronic Check,83.23,2364.64,No Internet,Yes,No,0,4,11,7.9,0
C105761,Female,45,2,One Year,UPI,98.0,188.7,No Internet,No,No,1,3,14,6.8,1
C105762,Female,57,28,One Year,Electronic Check,71.2,1911.72,No Internet,No,Yes,2,4,12,6.7,0
C105763,Male,18,47,Month-to-Month,Electronic Check,114.58,5396.82,Fiber Optic,No,Yes,3,2,19,6.5,0
C105764,Female,44,32,Month-to-Month,Electronic Check,84.1,2862.62,Fiber Optic,No,Yes,0,2,25,8.5,0
C105765,Female,32,32,Two Year,UPI,75.72,2367.42,DSL,No,No,2,8,9,3.8,1
C105766,Male,59,27,Month-to-Month,Electronic Check,97.43,2455.68,Fiber Optic,No,No,1,0,25,7.2,0
C105767,Male,57,54,Month-to-Month,Electronic Check,71.94,4083.64,No Internet,Yes,Yes,1,3,10,8.8,0
C105768,Male,38,56,Month-to-Month,UPI,119.48,6172.92,No Internet,No,No,1,3,12,5.5,1
C105769,Female,56,31,Month-to-Month,Bank Transfer,60.62,1883.89,No Internet,No,Yes,2,4,19,7.3,0
C105770,Female,59,24,Month-to-Month,Credit Card,91.05,2293.25,DSL,Yes,No,0,1,22,6.9,1
C105771,Female,39,35,Month-to-Month,Credit Card,69.98,2475.34,DSL,No,Yes,0,3,7,8.7,0
C105772,Male,68,30,One Year,Electronic Check,93.09,2984.91,DSL,No,No,1,1,9,8.0,0
C105773,Female,38,55,Month-to-Month,UPI,84.15,4280.19,DSL,No,Yes,1,0,7,8.1,0
C105774,Male,35,64,Two Year,Bank Transfer,97.94,6711.25,No Internet,Yes,Yes,0,2,14,8.9,0
C105775,Male,48,33,Month-to-Month,Electronic Check,64.77,2222.81,Fiber Optic,Yes,No,0,1,5,7.9,0
C105776,Female,34,46,One Year,Credit Card,86.29,3859.82,Fiber Optic,Yes,No,0,5,11,8.1,0
C105777,Male,39,33,Month-to-Month,UPI,73.68,2481.1,DSL,No,Yes,2,3,16,5.3,0
C105778,Female,55,68,Month-to-Month,Electronic Check,69.41,4766.69,Fiber Optic,No,No,1,0,18,7.8,0
C105779,Male,38,64,Two Year,Bank Transfer,76.79,5237.32,Fiber Optic,No,No,0,3,4,8.3,0
C105780,Female,18,30,Month-to-Month,Credit Card,83.28,2463.55,Fiber Optic,No,Yes,1,3,4,6.7,0
C105781,Male,42,29,Two Year,UPI,91.81,2491.87,Fiber Optic,No,Yes,2,3,19,7.2,0
C105782,Female,30,62,One Year,Electronic Check,81.4,4698.53,Fiber Optic,Yes,Yes,2,2,4,6.2,0
C105783,Male,48,30,One Year,UPI,52.12,1542.0,DSL,Yes,No,2,3,24,5.8,1
C105784,Male,46,12,Month-to-Month,Electronic Check,99.23,1283.29,DSL,Yes,Yes,1,1,38,8.0,1
C105785,Female,56,67,One Year,Electronic Check,82.49,5631.97,Fiber Optic,No,No,0,2,10,8.1,0
C105786,Male,49,15,Month-to-Month,Bank Transfer,66.28,1032.66,DSL,No,No,4,0,20,5.3,0
C105787,Female,51,10,Two Year,Electronic Check,86.8,932.23,Fiber Optic,No,Yes,2,3,22,5.7,1
C105788,Female,30,61,One Year,Bank Transfer,91.93,5754.09,Fiber Optic,Yes,Yes,0,1,10,8.6,0
C105789,Male,48,23,Month-to-Month,Credit Card,45.83,1071.28,DSL,No,Yes,1,1,7,6.8,0
C105790,Male,62,11,Two Year,Bank Transfer,25.0,261.29,DSL,No,No,0,3,13,7.0,0
C105791,Female,30,16,Month-to-Month,Bank Transfer,111.15,1718.52,DSL,No,No,1,2,10,5.7,0
C105792,Female,60,49,Two Year,UPI,71.97,3740.9,DSL,No,No,2,0,20,7.1,0
C105793,Female,31,14,One Year,UPI,82.69,1159.09,DSL,Yes,Yes,2,1,24,5.9,0
C105794,Male,28,6,Month-to-Month,Credit Card,94.84,602.15,DSL,Yes,No,1,6,22,8.4,1
C105795,Female,42,42,Month-to-Month,Credit Card,69.9,2708.36,Fiber Optic,No,Yes,0,5,8,7.2,0
C105796,Male,47,17,One Year,Bank Transfer,61.03,1038.51,Fiber Optic,No,No,0,2,5,8.9,0
C105797,Female,49,42,One Year,Bank Transfer,88.01,3587.18,DSL,No,Yes,1,4,11,7.2,0
C105798,Female,26,10,Month-to-Month,Electronic Check,87.51,844.36,DSL,No,Yes,2,3,20,6.1,1
C105799,Male,43,46,Month-to-Month,Electronic Check,69.28,3370.94,DSL,Yes,No,2,4,26,6.4,1
C105800,Male,30,49,Month-to-Month,Credit Card,92.3,4767.44,Fiber Optic,Yes,Yes,3,2,12,6.3,1
C105801,Male,20,9,Two Year,Electronic Check,92.69,887.07,No Internet,Yes,Yes,1,0,14,7.7,0
C105802,Male,27,39,Month-to-Month,Electronic Check,37.29,1437.9,Fiber Optic,No,No,1,0,6,8.5,0
C105803,Female,29,2,Two Year,Bank Transfer,70.5,151.41,DSL,No,Yes,1,4,18,5.5,0
C105804,Male,44,68,Month-to-Month,Electronic Check,87.74,5795.1,Fiber Optic,Yes,Yes,3,2,12,7.2,0
C105805,Male,52,52,Month-to-Month,Electronic Check,33.14,1858.15,Fiber Optic,Yes,No,1,0,11,8.4,0
C105806,Male,20,11,Month-to-Month,Credit Card,76.19,872.57,Fiber Optic,No,No,1,1,16,8.0,0
C105807,Female,42,37,Two Year,Credit Card,73.08,2770.73,DSL,Yes,Yes,2,3,26,7.1,0
C105808,Female,24,72,Month-to-Month,Credit Card,43.34,3315.72,DSL,No,Yes,3,1,3,7.5,0
C105809,Male,46,22,Month-to-Month,Credit Card,132.75,2982.0,Fiber Optic,No,No,2,4,37,4.1,1
C105810,Male,31,52,Two Year,Bank Transfer,83.15,4268.42,Fiber Optic,No,No,4,1,35,4.7,0
C105811,Female,25,5,One Year,Electronic Check,119.78,585.61,DSL,No,No,1,4,20,8.6,1
C105812,Female,48,2,Two Year,Electronic Check,44.32,83.54,DSL,No,Yes,2,1,21,5.5,0
C105813,Male,31,5,Two Year,Bank Transfer,65.47,326.34,Fiber Optic,Yes,Yes,4,4,22,4.7,0
C105814,Male,34,32,Two Year,Bank Transfer,48.85,1635.62,Fiber Optic,No,No,2,1,14,6.5,0
C105815,Male,18,19,One Year,Electronic Check,87.64,1568.63,DSL,No,No,1,1,15,7.7,0
C105816,Male,49,4,One Year,Credit Card,91.36,390.43,DSL,No,Yes,2,0,19,7.0,0
C105817,Female,48,46,One Year,Electronic Check,92.3,4055.8,DSL,Yes,Yes,1,4,14,7.5,1
C105818,Female,38,26,Month-to-Month,Electronic Check,62.63,1748.4,Fiber Optic,No,Yes,1,2,19,7.5,0
C105819,Male,20,50,One Year,UPI,109.47,5435.62,No Internet,Yes,No,0,3,6,6.9,0
C105820,Female,53,26,Month-to-Month,Credit Card,111.09,2721.33,No Internet,No,No,2,2,40,6.3,1
C105821,Male,30,71,Two Year,Bank Transfer,110.26,7342.61,DSL,Yes,Yes,0,1,27,7.0,0
C105822,Female,33,32,One Year,Electronic Check,62.45,2050.26,Fiber Optic,No,No,1,2,13,7.3,0
C105823,Female,66,44,Two Year,Electronic Check,113.76,5254.39,DSL,No,Yes,0,3,3,9.6,0
C105824,Male,30,26,Month-to-Month,UPI,98.15,2371.16,DSL,No,Yes,0,4,21,5.4,1
C105825,Male,47,61,One Year,UPI,76.36,4967.77,DSL,No,Yes,0,1,10,8.6,0
C105826,Female,45,51,Month-to-Month,Bank Transfer,67.33,3180.28,Fiber Optic,No,Yes,2,2,24,5.6,0
C105827,Male,43,59,Two Year,Credit Card,72.53,4310.09,DSL,Yes,No,1,5,36,5.3,0
C105828,Male,41,38,Month-to-Month,Credit Card,101.88,3881.11,DSL,No,No,1,2,11,4.9,0
C105829,Female,43,26,Month-to-Month,Credit Card,89.04,2428.21,DSL,No,No,0,5,9,6.0,0
C105830,Female,41,45,Month-to-Month,UPI,61.02,2781.88,DSL,No,No,1,2,9,6.8,0
C105831,Male,37,31,Month-to-Month,Electronic Check,80.97,2444.57,DSL,Yes,Yes,0,5,16,5.6,0
C105832,Female,56,70,Month-to-Month,UPI,63.47,4500.0,Fiber Optic,No,Yes,2,1,39,5.7,0
C105833,Male,22,45,Two Year,Bank Transfer,90.81,4381.48,Fiber Optic,No,Yes,1,3,16,6.1,0
C105834,Female,50,31,Month-to-Month,Credit Card,36.89,1074.56,DSL,No,No,2,1,21,7.7,0
C105835,Female,48,61,One Year,Electronic Check,62.59,3913.72,DSL,Yes,No,0,6,19,7.3,0
C105836,Female,46,48,Month-to-Month,Bank Transfer,120.91,5495.51,Fiber Optic,No,Yes,0,0,3,8.3,0
C105837,Male,51,45,Month-to-Month,UPI,132.0,5659.21,Fiber Optic,No,Yes,2,1,22,7.1,1
C105838,Female,37,60,Two Year,Credit Card,66.74,4307.13,DSL,No,No,0,2,6,9.7,0
C105839,Female,18,61,Month-to-Month,Electronic Check,98.4,6315.46,Fiber Optic,Yes,No,1,2,6,5.0,0
C105840,Male,37,52,Two Year,Credit Card,150.81,8357.96,No Internet,No,No,2,4,8,5.7,0
C105841,Male,26,52,Two Year,Credit Card,128.07,6288.77,DSL,Yes,Yes,2,2,8,7.4,0
C105842,Male,29,62,Two Year,Bank Transfer,71.41,4365.88,DSL,No,Yes,1,3,8,5.9,0
C105843,Male,23,26,Month-to-Month,UPI,58.66,1590.31,Fiber Optic,Yes,No,0,1,3,8.4,0
C105844,Female,32,67,Two Year,Credit Card,80.19,5500.16,DSL,No,Yes,2,2,26,6.1,0
C105845,Male,31,49,Month-to-Month,Bank Transfer,134.96,6243.81,Fiber Optic,Yes,No,1,5,20,5.6,1
C105846,Male,18,44,Month-to-Month,Credit Card,66.82,2911.46,Fiber Optic,Yes,Yes,1,2,27,5.9,0
C105847,Female,46,36,Month-to-Month,Bank Transfer,30.06,1037.61,DSL,No,No,0,1,27,8.4,0
C105848,Male,65,53,Month-to-Month,Electronic Check,104.28,5383.63,Fiber Optic,No,Yes,1,3,6,8.3,0
C105849,Male,45,44,Two Year,UPI,84.86,3980.58,DSL,Yes,Yes,2,4,30,5.8,0
C105850,Male,36,22,One Year,Credit Card,94.99,2004.93,Fiber Optic,No,Yes,0,2,12,9.2,1
C105851,Female,37,2,Two Year,Electronic Check,89.48,175.41,Fiber Optic,No,Yes,0,3,4,8.2,1
C105852,Female,33,7,Month-to-Month,UPI,87.01,610.78,Fiber Optic,Yes,Yes,3,8,7,5.0,1
C105853,Female,39,16,Two Year,UPI,48.18,,DSL,No,No,0,3,16,6.8,0
C105854,Male,38,44,Month-to-Month,Electronic Check,99.89,4668.54,Fiber Optic,Yes,Yes,1,5,12,6.4,1
C105855,Female,28,65,Two Year,Credit Card,80.84,5224.57,No Internet,Yes,Yes,1,2,15,8.6,0
C105856,Male,58,71,Two Year,UPI,122.4,8496.03,No Internet,No,No,2,1,13,7.1,0
C105857,Male,20,69,Month-to-Month,Bank Transfer,69.12,4752.12,No Internet,No,No,2,2,14,7.5,0
C105858,Male,47,61,One Year,UPI,83.04,5207.2,No Internet,Yes,Yes,3,2,15,5.5,0
C105859,Female,37,30,One Year,Credit Card,55.24,1686.71,Fiber Optic,Yes,Yes,2,1,12,6.7,0
C105860,Male,61,42,Month-to-Month,Electronic Check,54.04,2297.77,DSL,No,Yes,4,2,7,4.4,0
C105861,Male,42,25,Month-to-Month,Electronic Check,100.03,2422.76,Fiber Optic,No,No,2,4,14,6.1,1
C105862,Male,34,71,Two Year,Credit Card,121.59,8542.84,DSL,Yes,No,1,3,9,5.4,0
C105863,Male,35,57,Month-to-Month,UPI,91.45,5377.19,Fiber Optic,Yes,No,1,3,5,8.3,0
C105864,Female,38,32,Month-to-Month,Bank Transfer,79.01,2679.48,Fiber Optic,No,No,1,2,22,6.9,0
C105865,Male,24,50,Month-to-Month,Electronic Check,41.2,1940.25,No Internet,No,Yes,0,1,22,5.7,0
C105866,Female,29,10,One Year,Credit Card,83.59,881.3,DSL,No,Yes,1,0,16,6.8,0
C105867,Male,18,22,Month-to-Month,Bank Transfer,109.53,2524.07,DSL,Yes,Yes,2,1,3,8.2,0
C105868,Female,27,41,One Year,Bank Transfer,60.56,2579.28,DSL,Yes,No,2,2,15,8.6,0
C105869,Female,39,47,One Year,Bank Transfer,60.61,2832.14,DSL,Yes,No,1,4,1,7.1,0
C105870,Male,42,14,Month-to-Month,Electronic Check,62.2,879.67,Fiber Optic,Yes,No,2,3,9,5.7,0
C105871,Male,18,3,Month-to-Month,Electronic Check,111.65,333.79,Fiber Optic,Yes,Yes,0,0,11,8.1,1
C105872,Female,36,53,One Year,Bank Transfer,75.81,4025.14,No Internet,Yes,No,4,2,16,5.0,1
C105873,Female,45,16,Two Year,Electronic Check,77.06,1255.96,Fiber Optic,No,No,0,3,7,7.2,0
C105874,Male,36,61,Month-to-Month,Electronic Check,100.35,6114.53,Fiber Optic,No,No,1,1,23,6.5,1
C105875,Male,30,28,Two Year,Credit Card,69.65,1967.71,Fiber Optic,No,No,3,0,15,5.2,0
C105876,Female,33,35,Month-to-Month,UPI,53.11,1906.99,No Internet,No,Yes,0,2,11,6.4,0
C105877,Female,32,2,Month-to-Month,Electronic Check,90.74,174.85,Fiber Optic,No,No,0,2,12,8.6,0
C105878,Male,30,61,Month-to-Month,Electronic Check,80.24,5063.15,Fiber Optic,Yes,No,3,3,15,5.1,0
C105879,Male,40,56,One Year,Credit Card,86.5,5208.49,Fiber Optic,No,No,0,0,3,7.4,0
C105880,Male,66,55,Month-to-Month,Electronic Check,122.48,6408.81,Fiber Optic,No,Yes,0,1,3,7.8,0
C105881,Female,29,18,Two Year,Bank Transfer,93.32,1792.23,DSL,Yes,Yes,2,0,2,6.5,0
C105882,Male,34,71,Two Year,Bank Transfer,48.93,3431.71,No Internet,No,No,0,3,25,7.0,0
C105883,Female,37,49,Two Year,UPI,88.5,4624.97,Fiber Optic,No,Yes,2,2,11,4.1,0
C105884,Male,30,42,Month-to-Month,Electronic Check,81.06,3360.59,Fiber Optic,Yes,Yes,2,0,9,6.5,0
C105885,Male,51,7,Month-to-Month,Bank Transfer,72.35,523.81,DSL,No,Yes,0,3,5,5.6,0
C105886,Female,18,4,Month-to-Month,Bank Transfer,58.48,236.08,Fiber Optic,No,No,1,0,8,6.5,0
C105887,Female,32,43,Month-to-Month,Electronic Check,77.12,3448.72,Fiber Optic,Yes,No,0,0,15,10.0,0
C105888,Female,48,59,Month-to-Month,Electronic Check,63.33,3856.91,DSL,Yes,Yes,1,2,8,7.2,0
C105889,Male,34,49,Month-to-Month,Credit Card,80.8,4249.99,Fiber Optic,Yes,Yes,0,3,14,5.6,1
C105890,Female,28,60,Two Year,Bank Transfer,90.35,5238.03,Fiber Optic,No,Yes,1,3,18,6.7,0
C105891,Female,43,6,One Year,Credit Card,72.65,465.89,DSL,No,Yes,1,5,6,8.5,1
C105892,Male,49,20,Two Year,Electronic Check,47.97,921.38,Fiber Optic,Yes,No,1,1,8,9.2,0
C105893,Male,41,31,Two Year,Credit Card,78.31,2538.86,Fiber Optic,No,Yes,0,2,24,8.3,0
C105894,Male,28,22,Month-to-Month,Bank Transfer,71.51,1570.63,Fiber Optic,Yes,No,3,2,2,5.3,1
C105895,Male,43,32,Two Year,Bank Transfer,104.31,3109.39,Fiber Optic,No,Yes,1,0,17,6.7,0
C105896,Female,33,47,Month-to-Month,Credit Card,87.09,3788.4,No Internet,No,Yes,1,2,16,7.7,0
C105897,Male,47,34,Month-to-Month,Credit Card,95.21,3247.7,DSL,Yes,Yes,1,2,11,8.0,0
C105898,Female,56,27,Month-to-Month,Bank Transfer,95.65,2390.3,Fiber Optic,Yes,Yes,2,2,18,7.2,0
C105899,Female,18,44,Month-to-Month,Credit Card,92.0,4337.12,Fiber Optic,No,Yes,2,3,16,7.7,0
C105900,Female,39,30,Month-to-Month,Electronic Check,74.15,2105.3,DSL,No,No,1,3,9,8.3,1
C105901,Female,18,33,Month-to-Month,Electronic Check,104.59,3443.22,DSL,No,Yes,0,4,6,6.2,0
C105902,Male,67,27,Two Year,Bank Transfer,121.63,3219.62,Fiber Optic,Yes,Yes,1,1,3,4.8,0
C105903,Male,32,56,Two Year,Credit Card,83.85,4714.04,No Internet,No,No,3,6,8,4.1,0
C105904,Male,47,23,One Year,Bank Transfer,92.64,2031.33,No Internet,Yes,Yes,0,1,14,6.9,1
C105905,Female,38,43,One Year,Credit Card,49.45,2250.99,DSL,No,No,2,1,5,8.2,0
C105906,Male,28,54,Month-to-Month,UPI,73.63,3666.08,DSL,No,Yes,3,0,11,6.5,0
C105907,Female,27,68,One Year,Credit Card,71.63,4926.6,DSL,No,No,0,0,12,6.7,0
C105908,Male,57,53,Month-to-Month,UPI,68.59,3546.45,DSL,No,Yes,2,0,35,9.0,0
C105909,Male,49,40,Month-to-Month,Electronic Check,123.95,4731.29,Fiber Optic,Yes,No,1,1,27,6.2,0
C105910,Male,61,60,Month-to-Month,Electronic Check,84.99,4865.74,DSL,No,Yes,3,5,6,6.3,1
C105911,Female,39,9,One Year,Credit Card,86.07,735.41,Fiber Optic,No,Yes,2,1,10,8.4,0
C105912,Female,41,10,One Year,UPI,45.57,463.18,No Internet,No,No,1,2,12,6.7,0
C105913,Male,35,10,Month-to-Month,UPI,105.32,1119.17,Fiber Optic,No,Yes,0,4,10,7.7,1
C105914,Male,35,30,Month-to-Month,Electronic Check,91.16,2690.06,No Internet,No,Yes,2,1,19,7.6,1
C105915,Male,25,10,One Year,Bank Transfer,64.5,610.41,DSL,Yes,Yes,2,2,2,7.1,0
C105916,Female,39,58,One Year,Bank Transfer,78.66,4235.69,Fiber Optic,No,Yes,2,1,13,7.2,0
C105917,Female,29,36,Month-to-Month,Electronic Check,62.04,2347.41,No Internet,Yes,No,1,1,4,7.2,0
C105918,Male,43,44,Month-to-Month,Electronic Check,95.72,4024.56,Fiber Optic,Yes,Yes,1,4,5,6.2,1
C105919,Female,40,57,Month-to-Month,Credit Card,75.96,4492.65,Fiber Optic,No,No,2,3,10,7.2,0
C105920,Male,41,43,Month-to-Month,Bank Transfer,55.98,2418.56,DSL,No,Yes,1,4,14,6.1,0
C105921,Female,58,23,One Year,Electronic Check,121.62,2858.48,DSL,No,Yes,4,1,9,5.9,0
C105922,Male,38,4,One Year,Credit Card,89.76,363.41,Fiber Optic,No,No,1,5,4,5.1,0
C105923,Female,47,12,One Year,Credit Card,51.88,667.58,No Internet,No,Yes,2,4,23,4.5,0
C105924,Male,63,49,Month-to-Month,UPI,62.06,2847.53,Fiber Optic,Yes,Yes,3,3,15,4.3,1
C105925,Female,54,24,One Year,Credit Card,101.16,2489.32,Fiber Optic,No,No,1,1,5,7.1,0
C105926,Female,52,13,Month-to-Month,Electronic Check,61.79,753.78,Fiber Optic,No,No,1,2,5,6.5,0
C105927,Female,34,68,Month-to-Month,Bank Transfer,75.31,4870.48,Fiber Optic,No,Yes,1,3,9,6.6,0
C105928,Female,41,72,Month-to-Month,Bank Transfer,51.92,3842.34,No Internet,No,Yes,1,3,10,8.4,0
C105929,Female,22,34,Two Year,Bank Transfer,64.22,2225.03,No Internet,No,Yes,2,2,12,5.6,0
C105930,Male,44,9,One Year,Bank Transfer,96.02,862.23,DSL,No,Yes,2,1,15,6.2,0
C105931,Male,41,10,Month-to-Month,Credit Card,79.5,829.77,No Internet,No,Yes,0,2,4,7.9,0
C105932,Male,38,65,One Year,Electronic Check,65.96,4419.33,DSL,No,Yes,1,2,16,7.1,0
C105933,Female,50,72,Month-to-Month,Bank Transfer,44.36,2968.39,DSL,Yes,Yes,3,3,13,6.4,0
C105934,Male,24,54,One Year,UPI,58.65,3245.37,Fiber Optic,Yes,No,0,2,45,8.1,0
C105935,Female,58,43,Two Year,Electronic Check,78.85,3329.34,Fiber Optic,No,Yes,2,2,6,5.9,0
C105936,Female,49,59,Month-to-Month,Electronic Check,80.4,4721.76,DSL,Yes,Yes,0,3,8,7.6,0
C105937,Male,37,59,Month-to-Month,Electronic Check,90.23,5343.51,DSL,Yes,Yes,2,6,9,5.3,0
C105938,Male,36,67,Month-to-Month,UPI,58.47,3814.19,Fiber Optic,No,No,0,2,20,7.9,0
C105939,Male,44,61,One Year,Electronic Check,83.49,5050.55,No Internet,No,No,1,2,8,5.9,0
C105940,Male,56,38,Month-to-Month,Bank Transfer,86.1,3303.8,DSL,No,Yes,0,0,15,7.3,0
C105941,Male,39,8,Month-to-Month,Electronic Check,80.0,594.85,DSL,Yes,No,3,2,7,6.3,0
C105942,Male,40,65,Month-to-Month,Electronic Check,40.84,2685.63,Fiber Optic,Yes,No,1,6,22,5.2,0
C105943,Female,38,5,Month-to-Month,UPI,77.25,376.86,DSL,No,No,1,3,18,7.8,1
C105944,Female,59,43,One Year,Bank Transfer,66.94,2911.83,DSL,No,No,0,0,12,7.8,0
C105945,Male,34,60,One Year,Bank Transfer,70.22,4176.27,DSL,No,No,0,5,3,6.2,0
C105946,Male,38,26,One Year,Electronic Check,113.51,2801.67,DSL,No,No,2,4,22,4.1,0
C105947,Male,56,11,Month-to-Month,Electronic Check,48.32,498.28,Fiber Optic,No,No,2,2,7,7.0,1
C105948,Female,40,34,One Year,Electronic Check,118.42,4267.72,DSL,Yes,No,3,0,7,5.7,0
C105949,Female,52,2,Month-to-Month,Bank Transfer,29.38,57.78,Fiber Optic,No,No,0,1,11,8.7,0
C105950,Male,27,21,Month-to-Month,Bank Transfer,68.04,1455.38,DSL,No,No,1,4,16,7.6,0
C105951,Male,36,26,Month-to-Month,Credit Card,101.84,2472.09,Fiber Optic,Yes,Yes,0,1,20,7.7,0
C105952,Female,56,5,Two Year,Credit Card,50.25,247.68,No Internet,Yes,No,0,3,14,8.5,0
C105953,Female,30,9,One Year,Bank Transfer,81.05,753.66,DSL,No,No,0,3,4,8.8,0
C105954,Male,36,50,Month-to-Month,UPI,63.57,3417.02,No Internet,Yes,Yes,3,5,26,4.3,1
C105955,Female,41,10,Two Year,Credit Card,80.15,808.58,No Internet,No,No,4,4,0,4.9,1
C105956,Male,26,58,Two Year,Credit Card,81.39,4475.46,Fiber Optic,Yes,No,0,0,21,10.0,0
C105957,Male,33,10,Month-to-Month,Bank Transfer,71.23,656.76,DSL,Yes,No,2,3,19,7.9,0
C105958,Female,39,36,Month-to-Month,Credit Card,107.74,3788.14,No Internet,No,No,2,1,12,7.1,0
C105959,Female,39,56,Month-to-Month,UPI,102.24,5639.41,No Internet,No,Yes,0,0,2,9.4,0
C105960,Male,53,62,Month-to-Month,UPI,71.73,4446.06,Fiber Optic,No,No,2,0,14,6.6,0
C105961,Female,56,37,Two Year,Bank Transfer,94.06,3204.02,DSL,No,Yes,0,3,15,8.2,0
C105962,Male,28,41,Two Year,Credit Card,93.64,3976.6,Fiber Optic,No,Yes,2,5,15,7.2,0
C105963,Female,39,48,Month-to-Month,UPI,61.84,3042.03,No Internet,Yes,Yes,2,1,21,5.9,0
C105964,Male,46,22,Month-to-Month,Bank Transfer,82.12,1667.29,Fiber Optic,Yes,Yes,2,1,39,6.1,0
C105965,Female,56,61,Month-to-Month,Bank Transfer,109.51,6502.26,Fiber Optic,Yes,Yes,1,2,28,6.4,0
C105966,Female,47,48,Month-to-Month,UPI,64.65,3037.68,Fiber Optic,No,No,2,2,11,4.6,0
C105967,Male,41,64,One Year,Credit Card,76.57,4731.07,Fiber Optic,Yes,No,1,6,20,6.8,1
C105968,Female,46,37,Month-to-Month,Electronic Check,99.39,3557.45,No Internet,No,Yes,1,1,42,5.5,1
C105969,Female,46,41,Month-to-Month,Electronic Check,111.63,4528.15,Fiber Optic,Yes,Yes,2,2,9,5.9,0
C105970,Female,27,5,Month-to-Month,Credit Card,93.6,483.14,Fiber Optic,No,Yes,3,2,25,6.6,0
C105971,Male,40,52,Two Year,Credit Card,68.81,3678.76,Fiber Optic,Yes,No,1,1,4,6.3,0
C105972,Female,56,17,Month-to-Month,UPI,91.02,1525.14,No Internet,No,Yes,0,1,9,7.6,0
C105973,Female,36,62,Month-to-Month,Electronic Check,46.96,2967.92,Fiber Optic,No,No,0,2,3,7.4,0
C105974,Male,40,52,One Year,Bank Transfer,61.09,2958.04,Fiber Optic,No,No,0,1,12,6.6,0
C105975,Female,35,20,Month-to-Month,Credit Card,114.34,2385.38,Fiber Optic,No,No,0,3,11,8.8,0
C105976,Male,18,16,One Year,UPI,102.64,1626.87,DSL,No,No,5,2,17,5.2,0
C105977,Male,38,7,Month-to-Month,Credit Card,58.15,380.33,No Internet,Yes,No,0,2,2,8.7,0
C105978,Female,42,66,Two Year,Bank Transfer,50.65,3275.34,No Internet,Yes,Yes,1,2,19,7.3,1
C105979,Female,32,12,Month-to-Month,Bank Transfer,51.34,636.62,No Internet,No,Yes,2,1,12,6.4,0
C105980,Female,24,43,Month-to-Month,Electronic Check,74.94,3028.19,Fiber Optic,Yes,Yes,2,3,20,4.9,1
C105981,Male,27,40,Month-to-Month,UPI,83.58,3511.57,No Internet,Yes,Yes,1,1,6,7.3,0
C105982,Female,47,1,Two Year,Electronic Check,66.04,68.24,Fiber Optic,No,No,2,1,25,6.0,0
C105983,Male,62,58,One Year,Credit Card,71.88,3890.97,DSL,No,Yes,0,3,3,,0
C105984,Male,55,3,Month-to-Month,Bank Transfer,72.36,233.7,DSL,No,Yes,2,0,12,6.2,1
C105985,Male,22,8,Month-to-Month,Electronic Check,102.11,874.85,Fiber Optic,No,No,1,1,17,7.6,1
C105986,Female,48,61,Month-to-Month,Bank Transfer,70.95,4073.22,Fiber Optic,No,Yes,1,2,8,7.8,0
C105987,Female,30,5,One Year,Credit Card,73.52,350.13,No Internet,Yes,No,1,0,21,7.9,0
C105988,Female,31,26,One Year,Electronic Check,122.18,3099.09,No Internet,No,No,0,1,4,8.5,0
C105989,Female,32,17,Month-to-Month,Bank Transfer,83.41,1529.07,Fiber Optic,Yes,No,4,1,3,7.5,1
C105990,Male,46,66,One Year,Credit Card,82.37,5615.09,Fiber Optic,Yes,No,3,0,33,6.2,0
C105991,Female,50,51,Month-to-Month,Credit Card,67.86,3690.4,DSL,No,No,1,3,4,6.8,0
C105992,Male,37,47,Two Year,Electronic Check,86.31,3911.13,Fiber Optic,No,No,0,2,35,7.1,0
C105993,Male,37,40,Two Year,Credit Card,75.15,3183.96,No Internet,Yes,No,4,2,11,4.7,0
C105994,Male,44,27,One Year,Credit Card,88.3,2235.51,DSL,Yes,Yes,0,1,6,7.3,0
C105995,Female,45,40,Two Year,UPI,113.05,4880.49,DSL,No,Yes,0,2,14,7.0,0
C105996,Male,52,1,Month-to-Month,Bank Transfer,64.93,60.84,No Internet,Yes,No,1,1,6,6.4,0
C105997,Female,23,46,One Year,Electronic Check,71.3,3246.36,No Internet,No,Yes,0,3,4,9.0,0
C105998,Male,38,11,Month-to-Month,Credit Card,114.86,1328.12,No Internet,No,Yes,0,7,7,,0
C105999,Male,25,39,Two Year,Credit Card,64.22,2645.25,No Internet,No,No,1,2,10,7.3,0
C106000,Female,37,18,Month-to-Month,Bank Transfer,74.58,1420.42,DSL,No,Yes,3,4,10,5.3,0
C106001,Male,35,47,Month-to-Month,UPI,91.42,4150.1,Fiber Optic,No,Yes,2,6,11,5.5,0
C106002,Female,37,21,Two Year,UPI,63.73,1372.7,DSL,Yes,No,1,5,5,7.1,0
C106003,Female,28,28,One Year,Bank Transfer,79.14,2113.18,No Internet,No,No,1,1,14,8.4,0
C106004,Male,20,1,Month-to-Month,Credit Card,54.22,54.17,No Internet,Yes,Yes,1,5,7,6.6,1
C106005,Female,18,14,Month-to-Month,Electronic Check,35.13,519.21,DSL,No,No,4,1,20,5.1,1
C106006,Male,36,20,Month-to-Month,Credit Card,49.7,979.69,DSL,No,Yes,1,4,5,7.7,0
C106007,Male,33,45,Month-to-Month,Credit Card,100.56,4242.78,No Internet,Yes,No,1,1,22,6.9,0
C106008,Female,30,61,Month-to-Month,Electronic Check,134.5,7579.4,Fiber Optic,No,Yes,3,4,8,4.9,1
C106009,Male,54,27,Month-to-Month,Electronic Check,54.31,1560.19,Fiber Optic,No,Yes,0,2,20,7.3,1
C106010,Female,28,56,Month-to-Month,UPI,91.98,4840.46,Fiber Optic,No,Yes,1,0,9,7.4,0
C106011,Female,55,52,Month-to-Month,Bank Transfer,95.7,5275.82,No Internet,Yes,Yes,0,4,26,5.7,1
C106012,Female,57,68,Month-to-Month,Credit Card,69.67,4429.68,Fiber Optic,No,Yes,1,3,14,7.3,1
C106013,Male,18,37,One Year,Electronic Check,98.16,3481.78,Fiber Optic,Yes,No,0,3,23,6.8,1
C106014,Male,39,31,Month-to-Month,Bank Transfer,103.96,3340.49,Fiber Optic,Yes,Yes,2,3,21,6.6,0
C106015,Female,33,49,Month-to-Month,Electronic Check,81.97,3807.49,DSL,Yes,Yes,1,0,10,6.2,0
C106016,Male,18,53,Month-to-Month,Electronic Check,100.2,5636.4,DSL,No,Yes,3,2,15,5.7,1
C106017,Female,21,39,Two Year,Electronic Check,88.34,3293.65,Fiber Optic,Yes,Yes,2,2,3,7.0,0
C106018,Female,47,10,Two Year,Credit Card,109.2,1068.96,Fiber Optic,No,No,1,4,13,7.9,1
C106019,Male,62,9,Month-to-Month,Credit Card,86.0,819.45,DSL,No,Yes,0,0,11,8.3,0
C106020,Male,49,13,Two Year,Electronic Check,94.76,1200.92,DSL,No,Yes,3,4,11,3.5,0
C106021,Female,42,18,Month-to-Month,Electronic Check,120.77,2204.7,Fiber Optic,No,No,2,2,9,4.9,1
C106022,Female,38,12,Month-to-Month,Credit Card,72.31,843.28,No Internet,No,Yes,1,0,6,8.3,1
C106023,Male,58,72,Month-to-Month,Credit Card,75.86,5443.27,Fiber Optic,No,Yes,3,0,41,6.2,0
C106024,Male,64,5,Month-to-Month,Bank Transfer,82.87,412.39,DSL,No,Yes,0,4,12,6.6,0
C106025,Male,31,7,One Year,Credit Card,62.35,434.75,Fiber Optic,No,No,1,1,13,7.8,0
C106026,Female,18,15,Month-to-Month,Bank Transfer,42.4,622.46,Fiber Optic,Yes,No,2,2,18,3.8,1
C106027,Male,18,67,One Year,Bank Transfer,52.11,3615.68,Fiber Optic,Yes,Yes,0,4,9,7.5,0
C106028,Female,54,18,Month-to-Month,Credit Card,108.6,1905.68,Fiber Optic,No,Yes,1,2,8,6.9,0
C106029,Male,37,38,Month-to-Month,Credit Card,72.27,2586.45,Fiber Optic,Yes,No,0,0,16,8.7,0
C106030,Female,40,26,Month-to-Month,UPI,53.5,1412.67,Fiber Optic,No,Yes,2,1,4,6.3,0
C106031,Male,18,38,Month-to-Month,UPI,67.53,2475.03,DSL,Yes,Yes,1,2,20,4.5,0
C106032,Female,29,59,One Year,Electronic Check,70.41,3847.62,Fiber Optic,No,Yes,0,2,20,6.9,1
C106033,Male,34,52,Two Year,UPI,55.98,2699.12,No Internet,Yes,Yes,1,0,15,6.4,0
C106034,Female,40,33,Month-to-Month,UPI,70.32,2316.1,DSL,No,Yes,2,3,8,7.7,0
C106035,Male,33,21,Month-to-Month,UPI,113.86,2570.18,Fiber Optic,No,Yes,3,2,15,5.9,1
C106036,Female,26,17,Month-to-Month,Credit Card,89.76,1422.85,DSL,No,Yes,0,2,30,7.6,1
C106037,Female,29,62,Two Year,UPI,83.58,5042.11,Fiber Optic,No,Yes,3,1,23,6.2,1
C106038,Male,52,59,Month-to-Month,Bank Transfer,86.85,4746.41,DSL,Yes,Yes,0,4,10,7.5,0
C106039,Female,41,2,Month-to-Month,Electronic Check,89.94,183.66,No Internet,No,No,1,5,6,6.0,1
C106040,Female,45,64,One Year,Bank Transfer,83.45,5407.85,DSL,No,No,3,2,12,6.9,0
C106041,Male,27,25,Month-to-Month,Credit Card,88.31,2131.24,No Internet,Yes,Yes,1,3,22,5.6,0
C106042,Male,18,41,Two Year,Electronic Check,82.68,3530.81,Fiber Optic,Yes,Yes,0,3,16,6.8,0
C106043,Male,32,19,One Year,UPI,131.49,2310.09,Fiber Optic,No,Yes,1,0,21,8.4,0
C106044,Female,28,38,Two Year,UPI,86.6,3093.72,Fiber Optic,No,Yes,2,4,5,4.7,1
C106045,Female,42,25,One Year,UPI,98.82,2295.84,Fiber Optic,No,Yes,1,2,16,7.8,0
C106046,Male,75,39,One Year,UPI,65.74,2497.44,DSL,No,Yes,3,1,5,7.5,0
C106047,Male,46,4,Two Year,Credit Card,95.25,381.32,DSL,No,Yes,1,3,29,4.5,0
C106048,Female,71,3,One Year,Bank Transfer,102.62,297.5,DSL,No,Yes,1,3,10,6.5,0
C106049,Female,45,34,Month-to-Month,UPI,85.39,2817.25,DSL,No,No,1,2,27,5.1,0
C106050,Male,30,10,Month-to-Month,Electronic Check,111.06,1123.72,Fiber Optic,Yes,Yes,0,2,15,6.3,0
C106051,Female,42,27,Month-to-Month,UPI,102.62,2655.95,DSL,Yes,Yes,0,4,3,7.6,0
C106052,Female,59,1,Month-to-Month,Credit Card,110.54,106.6,Fiber Optic,No,Yes,2,2,13,5.2,1
C106053,Male,60,44,Month-to-Month,UPI,83.24,3897.81,Fiber Optic,Yes,No,0,4,3,5.5,1
C106054,Female,31,52,Month-to-Month,Bank Transfer,103.35,5569.8,Fiber Optic,No,Yes,8,3,8,3.8,1
C106055,Male,41,25,Month-to-Month,Electronic Check,83.86,2098.12,Fiber Optic,Yes,Yes,1,1,16,8.4,0
C106056,Male,21,65,Month-to-Month,UPI,87.16,5850.22,Fiber Optic,No,No,0,2,31,5.5,0
C106057,Male,48,11,Two Year,Bank Transfer,75.0,817.26,Fiber Optic,No,No,1,2,9,7.6,0
C106058,Female,57,68,One Year,Electronic Check,44.05,3192.98,No Internet,No,No,2,1,18,5.2,0
C106059,Female,38,15,One Year,Electronic Check,91.0,1294.34,DSL,No,No,0,2,7,8.1,0
C106060,Male,30,57,Month-to-Month,Credit Card,58.91,3181.09,DSL,No,No,2,0,2,,0
C106061,Male,42,64,Month-to-Month,Electronic Check,98.28,5846.54,Fiber Optic,No,No,1,6,22,6.9,1
C106062,Male,43,11,Month-to-Month,UPI,109.31,1140.85,Fiber Optic,No,Yes,2,4,15,5.5,1
C106063,Female,39,20,Month-to-Month,Electronic Check,80.8,1543.72,Fiber Optic,No,No,1,2,22,6.6,1
C106064,Male,40,30,Month-to-Month,Bank Transfer,100.69,3194.99,DSL,Yes,No,0,2,25,,0
C106065,Female,36,10,Two Year,Credit Card,66.67,667.61,DSL,No,No,0,4,13,7.8,0
C106066,Male,50,54,One Year,Credit Card,76.41,3931.95,Fiber Optic,Yes,No,1,3,17,4.7,0
C106067,Male,47,58,Month-to-Month,Electronic Check,66.74,4088.73,DSL,Yes,No,2,2,18,4.7,1
C106068,Male,26,29,Two Year,Credit Card,79.08,2137.76,Fiber Optic,No,No,2,2,24,6.0,0
C106069,Male,26,1,One Year,Bank Transfer,78.7,75.98,Fiber Optic,Yes,No,1,2,8,7.9,0
C106070,Female,35,58,One Year,Bank Transfer,70.78,4393.3,No Internet,No,No,2,1,8,7.1,0
C106071,Male,47,21,Month-to-Month,UPI,145.88,3293.09,Fiber Optic,No,Yes,2,3,4,6.8,1
C106072,Male,40,15,Two Year,Bank Transfer,60.31,885.89,DSL,No,Yes,0,5,7,5.2,0
C106073,Male,30,67,Month-to-Month,Bank Transfer,103.0,7237.47,DSL,No,No,2,3,8,5.2,0
C106074,Male,41,33,Month-to-Month,Credit Card,82.5,2572.61,Fiber Optic,No,No,1,3,5,7.2,0
C106075,Male,34,38,One Year,Credit Card,67.54,2727.12,No Internet,No,No,3,1,20,5.6,0
C106076,Male,49,19,Month-to-Month,Electronic Check,104.13,2071.06,Fiber Optic,No,Yes,1,1,13,7.2,0
C106077,Female,42,4,Two Year,Electronic Check,102.31,419.62,Fiber Optic,No,Yes,2,1,9,5.5,0
C106078,Female,34,58,Two Year,Credit Card,74.29,4541.65,Fiber Optic,Yes,Yes,0,2,16,5.7,0
C106079,Male,41,70,Month-to-Month,Electronic Check,119.95,8480.45,Fiber Optic,No,No,0,3,24,7.0,0
C106080,Male,54,12,Month-to-Month,UPI,62.28,727.32,Fiber Optic,No,No,1,4,3,6.7,1
C106081,Female,31,17,Month-to-Month,Bank Transfer,82.03,1431.32,DSL,No,No,0,1,6,8.4,0
C106082,Male,43,1,Month-to-Month,UPI,71.58,73.46,Fiber Optic,No,Yes,2,6,13,7.0,1
C106083,Male,37,14,Month-to-Month,UPI,71.94,1020.03,Fiber Optic,No,Yes,1,3,10,7.7,0
C106084,Male,43,2,Month-to-Month,UPI,107.65,225.2,Fiber Optic,No,No,0,0,18,7.3,0
C106085,Male,30,4,Month-to-Month,Credit Card,80.86,300.33,Fiber Optic,Yes,No,0,2,20,7.5,0
C106086,Female,39,66,One Year,Credit Card,95.51,6443.91,DSL,Yes,Yes,1,3,11,6.5,0
C106087,Male,51,46,Month-to-Month,Credit Card,58.89,,DSL,No,No,1,2,15,8.6,0
C106088,Female,27,50,Two Year,UPI,42.67,2038.12,DSL,Yes,Yes,7,1,3,5.0,0
C106089,Male,22,60,Month-to-Month,Credit Card,96.92,5431.13,Fiber Optic,No,No,2,4,18,6.2,0
C106090,Male,23,52,Month-to-Month,Electronic Check,90.5,4683.34,DSL,Yes,Yes,1,4,4,7.0,0
C106091,Female,24,48,One Year,Electronic Check,79.63,3671.82,Fiber Optic,No,Yes,4,2,13,4.9,1
C106092,Male,45,39,Month-to-Month,Credit Card,94.42,3842.93,Fiber Optic,No,No,2,3,16,5.7,0
C106093,Female,21,70,One Year,Bank Transfer,71.6,5004.3,DSL,Yes,Yes,1,3,19,6.4,0
C106094,Male,34,60,One Year,Bank Transfer,113.34,7302.72,DSL,No,Yes,3,2,19,5.6,0
C106095,Female,45,30,One Year,Bank Transfer,115.45,3716.06,Fiber Optic,No,Yes,1,0,10,7.8,0
C106096,Male,43,27,Month-to-Month,Bank Transfer,63.81,1827.99,DSL,No,No,1,1,14,6.9,0
C106097,Female,33,55,One Year,Credit Card,73.49,4125.86,No Internet,No,No,1,1,15,6.9,0
C106098,Male,40,70,One Year,Electronic Check,118.55,8429.42,DSL,Yes,Yes,2,1,12,6.6,0
C106099,Female,39,26,One Year,Bank Transfer,94.87,2355.3,Fiber Optic,Yes,No,1,3,5,5.8,0
C106100,Male,35,42,Two Year,Electronic Check,91.07,3957.99,Fiber Optic,Yes,No,2,1,14,5.8,0
C106101,Female,35,67,Month-to-Month,Credit Card,103.7,7408.55,Fiber Optic,Yes,Yes,1,1,14,7.9,0
C106102,Male,65,67,Month-to-Month,UPI,107.4,6981.08,DSL,No,No,2,2,4,8.8,0
C106103,Female,48,52,Month-to-Month,Bank Transfer,66.98,3674.34,No Internet,No,Yes,0,2,7,8.0,0
C106104,Male,68,6,Month-to-Month,Electronic Check,111.53,659.57,Fiber Optic,Yes,Yes,2,2,12,5.1,0
C106105,Male,32,10,Month-to-Month,UPI,90.48,970.66,Fiber Optic,No,Yes,3,4,13,6.5,1
C106106,Male,37,38,Month-to-Month,Credit Card,96.42,3604.47,No Internet,No,No,3,5,8,4.5,1
C106107,Male,22,12,Month-to-Month,Bank Transfer,63.82,799.21,DSL,No,No,1,1,20,7.2,1
C106108,Male,28,46,Month-to-Month,Bank Transfer,102.49,4948.15,DSL,No,Yes,0,0,4,6.7,0
C106109,Female,61,49,Two Year,Bank Transfer,52.45,2656.93,DSL,Yes,No,3,1,17,4.2,0
C106110,Female,32,72,Month-to-Month,Electronic Check,50.14,3542.2,Fiber Optic,Yes,No,0,1,8,9.2,1
C106111,Male,61,63,Two Year,UPI,91.73,5460.96,DSL,Yes,Yes,1,0,16,7.7,0
C106112,Female,23,69,Month-to-Month,Electronic Check,105.55,6816.91,Fiber Optic,No,No,1,3,19,7.1,0
C106113,Female,25,43,One Year,Electronic Check,84.3,3389.23,DSL,No,Yes,0,4,10,7.1,0
C106114,Male,34,60,Month-to-Month,Credit Card,116.79,7309.57,No Internet,No,No,0,5,13,6.5,0
C106115,Female,37,29,Month-to-Month,Credit Card,78.48,2232.64,Fiber Optic,No,No,0,1,9,7.8,0
C106116,Female,49,11,Two Year,Electronic Check,113.55,1225.13,Fiber Optic,No,No,0,2,19,6.0,0
C106117,Female,43,35,One Year,Electronic Check,59.26,1975.12,No Internet,No,Yes,0,2,14,8.7,0
C106118,Male,33,23,Two Year,Credit Card,94.26,2068.96,Fiber Optic,No,Yes,0,4,5,6.1,1
C106119,Female,36,72,Month-to-Month,UPI,113.43,8011.31,Fiber Optic,No,Yes,1,2,2,6.9,0
C106120,Male,34,21,Two Year,Electronic Check,120.71,2418.12,Fiber Optic,Yes,Yes,2,2,5,7.4,0
C106121,Male,27,37,Month-to-Month,Electronic Check,66.25,2503.85,DSL,Yes,Yes,1,1,24,7.2,0
C106122,Male,27,28,Month-to-Month,UPI,50.48,1492.88,DSL,No,Yes,1,2,24,7.6,0
C106123,Female,50,58,Month-to-Month,Credit Card,76.52,4564.9,DSL,Yes,No,1,0,12,8.9,0
C106124,Female,18,53,Month-to-Month,Credit Card,93.16,4776.75,DSL,No,No,0,1,20,8.1,0
C106125,Female,57,28,Month-to-Month,Credit Card,49.86,1356.36,DSL,No,Yes,2,1,5,8.5,0
C106126,Male,34,42,One Year,Credit Card,97.74,4181.31,DSL,No,Yes,1,2,10,5.5,0
C106127,Male,29,61,Two Year,Bank Transfer,127.04,7895.95,DSL,Yes,No,0,0,27,7.5,0
C106128,Male,47,33,Month-to-Month,Electronic Check,39.17,1344.53,DSL,No,No,2,1,6,6.7,0
C106129,Male,56,55,Two Year,Credit Card,25.0,1470.95,DSL,No,Yes,0,0,7,8.6,0
C106130,Male,51,37,Two Year,Electronic Check,52.71,1864.68,Fiber Optic,Yes,Yes,1,3,11,6.0,0
C106131,Female,44,47,Month-to-Month,Credit Card,113.22,5142.68,DSL,No,Yes,4,2,17,6.2,0
C106132,Female,51,36,Month-to-Month,Electronic Check,68.24,2543.29,DSL,Yes,Yes,0,2,14,8.7,1
C106133,Male,18,28,Month-to-Month,Credit Card,68.95,1813.4,Fiber Optic,Yes,No,2,1,5,6.1,0
C106134,Male,32,10,Month-to-Month,Bank Transfer,70.83,679.01,Fiber Optic,Yes,No,1,3,23,6.6,0
C106135,Male,27,23,Two Year,Bank Transfer,100.81,2218.63,Fiber Optic,No,Yes,1,0,17,7.0,1
C106136,Male,53,5,Month-to-Month,Bank Transfer,115.47,550.82,Fiber Optic,No,Yes,1,3,7,6.5,1
C106137,Female,33,6,Month-to-Month,UPI,110.61,685.4,Fiber Optic,No,No,2,1,9,4.7,1
C106138,Female,48,42,Month-to-Month,Bank Transfer,96.73,3863.15,No Internet,No,No,1,1,13,7.9,0
C106139,Female,44,47,Month-to-Month,Credit Card,85.98,4273.79,Fiber Optic,Yes,Yes,2,4,14,5.7,0
C106140,Male,28,28,Month-to-Month,Electronic Check,73.57,2080.35,DSL,Yes,No,1,5,13,6.9,0
C106141,Male,31,13,Month-to-Month,Electronic Check,66.96,873.09,Fiber Optic,No,Yes,2,2,8,7.0,0
C106142,Male,54,25,Two Year,Electronic Check,111.35,2733.96,DSL,No,Yes,0,3,20,7.3,0
C106143,Female,29,7,Month-to-Month,UPI,102.31,685.81,Fiber Optic,Yes,Yes,0,1,13,8.2,1
C106144,Female,39,66,Month-to-Month,Bank Transfer,82.46,5146.59,DSL,No,Yes,1,2,9,8.5,0
C106145,Male,29,58,Two Year,Credit Card,49.8,2748.22,DSL,No,No,0,4,8,7.8,0
C106146,Male,34,66,One Year,Credit Card,30.08,2123.93,DSL,Yes,Yes,1,1,5,9.3,0
C106147,Male,37,36,Month-to-Month,Bank Transfer,53.1,1948.53,DSL,Yes,Yes,1,0,15,7.3,0
C106148,Female,29,2,Month-to-Month,Credit Card,91.5,182.57,DSL,No,Yes,0,1,11,7.9,0
C106149,Female,26,38,Month-to-Month,Credit Card,65.0,2282.52,DSL,Yes,Yes,1,2,7,7.4,0
C106150,Female,41,14,One Year,Credit Card,108.07,1620.91,DSL,Yes,No,1,3,12,8.0,1
C106151,Female,28,27,Month-to-Month,Electronic Check,52.69,1479.5,DSL,No,Yes,1,2,18,7.5,1
C106152,Male,28,15,One Year,UPI,79.7,1135.36,DSL,Yes,Yes,1,5,47,5.5,1
C106153,Male,27,12,One Year,Credit Card,96.61,1142.9,Fiber Optic,Yes,Yes,1,0,20,5.1,0
C106154,Male,37,43,Month-to-Month,Bank Transfer,43.65,1916.33,Fiber Optic,No,Yes,0,4,9,6.1,0
C106155,Male,49,57,Month-to-Month,Bank Transfer,111.48,6024.51,Fiber Optic,No,Yes,3,2,6,6.8,1
C106156,Female,56,48,Two Year,Bank Transfer,83.17,3984.0,Fiber Optic,No,Yes,0,2,23,6.7,0
C106157,Female,29,61,Two Year,Credit Card,25.0,1576.44,DSL,No,No,0,1,22,8.5,0
C106158,Male,64,44,One Year,Bank Transfer,77.12,3202.7,Fiber Optic,Yes,No,2,0,29,6.3,0
C106159,Female,26,52,Month-to-Month,Bank Transfer,103.56,5169.49,No Internet,No,Yes,2,3,17,6.1,0
C106160,Male,51,62,Month-to-Month,Electronic Check,63.5,3932.29,Fiber Optic,No,No,0,0,12,7.1,0
C106161,Male,29,2,Month-to-Month,Electronic Check,55.23,113.95,Fiber Optic,No,Yes,1,4,3,6.1,0
C106162,Male,28,71,One Year,UPI,39.82,2855.07,No Internet,Yes,No,1,1,39,7.2,0
C106163,Male,29,31,One Year,Electronic Check,76.09,2250.11,Fiber Optic,Yes,No,2,1,8,6.0,0
C106164,Male,37,72,One Year,Bank Transfer,102.36,7751.39,Fiber Optic,No,No,0,3,11,8.2,0
C106165,Male,45,33,Two Year,Bank Transfer,87.38,2893.18,No Internet,No,Yes,1,3,19,6.5,0
C106166,Male,46,5,One Year,Electronic Check,35.25,165.3,DSL,Yes,Yes,1,3,26,6.4,0
C106167,Female,27,58,One Year,Bank Transfer,60.26,3342.13,DSL,No,No,2,1,27,6.1,0
C106168,Male,26,11,Month-to-Month,Credit Card,99.51,1176.6,Fiber Optic,Yes,No,2,1,38,5.5,1
C106169,Male,27,23,Month-to-Month,Electronic Check,65.56,1555.12,Fiber Optic,No,Yes,1,0,16,7.3,0
C106170,Male,37,45,Month-to-Month,Bank Transfer,65.16,2853.64,DSL,No,No,3,4,26,4.9,0
C106171,Female,35,27,Month-to-Month,UPI,40.18,1040.32,DSL,No,No,1,6,9,7.4,0
C106172,Male,27,56,Month-to-Month,Bank Transfer,87.27,4859.58,Fiber Optic,Yes,Yes,1,1,3,6.6,0
C106173,Female,41,59,Month-to-Month,UPI,95.04,5302.88,Fiber Optic,No,Yes,0,2,32,7.5,0
C106174,Male,65,40,Two Year,Electronic Check,117.99,4517.79,DSL,No,Yes,2,5,15,5.6,0
C106175,Female,32,18,Two Year,Bank Transfer,76.71,1424.16,DSL,Yes,No,0,3,25,7.1,0
C106176,Female,33,51,Two Year,Electronic Check,81.22,4376.75,No Internet,No,No,2,1,26,6.9,0
C106177,Male,45,61,Month-to-Month,Electronic Check,78.64,4460.92,DSL,Yes,No,0,1,11,7.1,0
C106178,Male,31,23,Month-to-Month,Bank Transfer,69.43,1620.6,No Internet,Yes,Yes,0,4,15,8.6,0
C106179,Male,46,36,Month-to-Month,Electronic Check,92.1,,Fiber Optic,Yes,Yes,0,2,4,6.8,0
C106180,Female,29,38,Month-to-Month,Electronic Check,113.34,4226.08,DSL,Yes,No,3,1,10,6.2,0
C106181,Male,60,72,One Year,UPI,76.62,5767.84,Fiber Optic,Yes,No,2,2,15,6.5,0
C106182,Male,42,56,Month-to-Month,UPI,63.94,3580.45,Fiber Optic,Yes,Yes,1,2,6,7.8,0
C106183,Female,31,39,Month-to-Month,Electronic Check,86.38,3176.46,No Internet,No,No,0,2,27,6.7,1
C106184,Male,31,69,Month-to-Month,Credit Card,48.36,3405.65,No Internet,Yes,No,1,4,15,7.7,0
C106185,Female,32,28,One Year,Electronic Check,99.49,2830.46,DSL,No,Yes,1,0,13,8.0,0
C106186,Female,54,21,One Year,UPI,56.26,1274.67,Fiber Optic,Yes,No,3,1,47,6.1,0
C106187,Male,23,62,Two Year,Credit Card,117.96,6985.13,No Internet,No,Yes,0,4,30,6.9,0
C106188,Male,30,23,Two Year,Credit Card,85.79,2006.76,DSL,Yes,Yes,1,2,5,6.1,0
C106189,Male,31,21,Month-to-Month,Bank Transfer,78.59,1669.46,Fiber Optic,No,Yes,0,3,7,7.6,0
C106190,Female,38,16,Two Year,Electronic Check,102.06,1586.91,Fiber Optic,Yes,Yes,0,2,2,8.3,0
C106191,Female,35,62,One Year,Electronic Check,95.73,6186.3,Fiber Optic,No,No,0,3,5,7.6,0
C106192,Female,20,65,One Year,Credit Card,89.76,5714.94,DSL,No,Yes,0,3,2,8.2,0
C106193,Female,33,5,Two Year,UPI,74.79,383.5,DSL,No,No,1,1,18,6.9,0
C106194,Female,37,46,Month-to-Month,UPI,78.95,3570.88,Fiber Optic,No,No,1,3,17,6.3,0
C106195,Male,30,64,Two Year,UPI,115.27,7723.56,Fiber Optic,No,No,2,3,4,5.8,0
C106196,Male,46,41,Month-to-Month,Electronic Check,69.26,3065.87,No Internet,Yes,No,3,2,9,4.8,0
C106197,Female,49,44,Month-to-Month,UPI,70.65,3202.22,DSL,Yes,Yes,2,1,18,5.8,0
C106198,Male,37,15,Month-to-Month,Bank Transfer,89.33,1400.39,No Internet,No,Yes,1,2,3,6.4,0
C106199,Male,41,68,One Year,Credit Card,81.69,5161.53,DSL,Yes,No,2,2,5,7.1,0
C106200,Female,18,51,One Year,UPI,50.91,2759.4,No Internet,No,No,0,2,28,7.3,0
C106201,Male,33,54,One Year,Bank Transfer,124.92,7105.11,Fiber Optic,No,Yes,0,1,2,7.7,0
C106202,Female,50,68,Month-to-Month,Bank Transfer,60.65,3885.73,Fiber Optic,No,Yes,1,0,9,7.5,0
C106203,Female,33,42,Month-to-Month,Bank Transfer,55.07,2356.26,Fiber Optic,No,No,0,4,26,6.5,0
C106204,Male,29,46,One Year,UPI,119.18,5801.91,DSL,No,Yes,1,2,45,6.6,0
C106205,Female,65,25,Month-to-Month,UPI,73.52,1876.07,DSL,No,No,3,1,17,6.1,1
C106206,Male,60,67,Month-to-Month,Electronic Check,94.93,6749.39,Fiber Optic,No,Yes,4,2,10,5.4,0
C106207,Male,44,35,Month-to-Month,UPI,72.4,2619.3,Fiber Optic,No,No,1,3,12,6.3,0
C106208,Male,52,22,Month-to-Month,UPI,83.5,1819.31,Fiber Optic,No,Yes,0,2,10,8.1,0
C106209,Male,18,9,Month-to-Month,Credit Card,114.26,1103.6,Fiber Optic,No,Yes,1,1,10,7.6,1
C106210,Male,29,24,Month-to-Month,Electronic Check,93.27,2389.84,No Internet,Yes,Yes,1,5,2,5.8,1
C106211,Male,32,23,Two Year,Credit Card,91.67,1962.09,No Internet,No,Yes,0,2,17,6.2,0
C106212,Male,35,61,One Year,Bank Transfer,63.81,3681.01,Fiber Optic,No,Yes,1,1,18,8.0,0
C106213,Male,32,37,One Year,Bank Transfer,70.68,2648.31,DSL,Yes,No,3,0,16,5.5,0
C106214,Female,18,45,Month-to-Month,Electronic Check,105.2,4823.92,Fiber Optic,No,Yes,2,2,9,7.3,0
C106215,Female,43,15,One Year,Credit Card,32.13,512.75,DSL,Yes,No,0,2,9,6.8,0
C106216,Male,45,57,Month-to-Month,UPI,60.48,3257.06,DSL,Yes,Yes,2,0,9,7.0,0
C106217,Male,57,14,Month-to-Month,UPI,101.91,1398.98,Fiber Optic,No,No,2,2,19,6.0,0
C106218,Male,29,52,Month-to-Month,Electronic Check,55.69,3117.22,DSL,No,Yes,2,2,12,7.4,1
C106219,Male,28,36,One Year,Credit Card,61.16,2328.62,No Internet,No,No,3,2,34,4.8,1
C106220,Female,18,27,Month-to-Month,UPI,107.86,3102.59,Fiber Optic,No,No,3,0,7,5.3,0
C106221,Female,34,17,Month-to-Month,Electronic Check,95.82,1506.86,Fiber Optic,No,No,0,4,7,7.1,0
C106222,Male,49,41,Month-to-Month,Electronic Check,96.44,3776.94,DSL,Yes,Yes,1,1,15,7.1,0
C106223,Male,31,4,One Year,Bank Transfer,90.32,359.15,DSL,Yes,Yes,2,2,16,6.4,0
C106224,Male,64,3,One Year,Bank Transfer,90.69,288.34,No Internet,No,Yes,1,1,2,8.8,0
C106225,Female,35,19,Two Year,Electronic Check,91.72,1727.71,Fiber Optic,No,Yes,0,2,25,7.3,0
C106226,Male,40,41,Month-to-Month,UPI,56.87,2205.08,Fiber Optic,No,No,1,1,19,6.1,0
C106227,Female,22,40,Two Year,Bank Transfer,71.52,2912.63,DSL,No,Yes,0,1,19,6.9,0
C106228,Female,41,58,One Year,Credit Card,79.76,4917.43,Fiber Optic,Yes,No,1,0,2,6.4,0
C106229,Male,18,39,Month-to-Month,Credit Card,56.04,2034.49,Fiber Optic,No,Yes,2,3,14,5.2,0
C106230,Female,46,7,Two Year,Bank Transfer,62.75,438.94,DSL,Yes,No,1,2,12,5.1,0
C106231,Female,47,36,Month-to-Month,Credit Card,76.89,2980.69,Fiber Optic,No,No,2,1,9,8.5,0
C106232,Female,54,20,Month-to-Month,Bank Transfer,111.46,2077.9,No Internet,No,Yes,2,0,17,7.2,1
C106233,Male,26,29,Month-to-Month,Credit Card,40.02,1142.52,DSL,No,Yes,2,2,30,5.9,0
C106234,Male,40,68,Month-to-Month,Bank Transfer,77.02,5001.62,DSL,Yes,No,1,2,14,7.2,0
C106235,Female,45,66,Month-to-Month,UPI,92.86,5753.21,Fiber Optic,No,No,0,4,17,6.5,0
C106236,Female,43,47,Two Year,UPI,90.77,4418.86,DSL,No,No,1,3,23,7.2,0
C106237,Female,28,23,Month-to-Month,UPI,113.7,2432.54,Fiber Optic,No,Yes,0,2,2,7.5,0
C106238,Female,18,6,Month-to-Month,Electronic Check,58.56,374.66,Fiber Optic,No,No,2,3,17,6.3,0
C106239,Female,42,18,Month-to-Month,Electronic Check,70.19,1354.48,DSL,No,Yes,2,0,1,8.7,1
C106240,Female,36,53,One Year,UPI,104.22,5595.21,Fiber Optic,No,Yes,1,1,3,9.4,0
C106241,Male,31,22,Two Year,Electronic Check,66.78,1497.38,No Internet,No,No,0,2,5,7.6,0
C106242,Female,47,68,One Year,Electronic Check,83.46,6046.04,No Internet,No,Yes,2,1,13,6.9,0
C106243,Female,37,35,Month-to-Month,Credit Card,115.36,4084.12,Fiber Optic,No,Yes,2,3,9,7.7,1
C106244,Female,22,9,One Year,UPI,100.74,864.34,DSL,No,Yes,2,1,1,8.2,0
C106245,Female,18,31,Month-to-Month,UPI,101.61,3078.67,Fiber Optic,No,Yes,2,1,13,6.4,1
C106246,Male,24,43,Two Year,Bank Transfer,106.76,4582.69,DSL,No,Yes,2,1,19,6.3,0
C106247,Female,67,17,One Year,UPI,72.88,1279.88,Fiber Optic,No,Yes,6,0,9,4.1,1
C106248,Female,47,51,One Year,Bank Transfer,74.93,3800.35,No Internet,No,Yes,1,5,20,6.2,0
C106249,Male,40,66,Two Year,Credit Card,76.4,5403.5,No Internet,Yes,No,1,1,2,6.7,0
C106250,Male,36,24,One Year,Electronic Check,55.06,1341.94,DSL,Yes,No,1,2,26,5.5,0
C106251,Male,35,15,One Year,Credit Card,118.22,1785.08,Fiber Optic,No,Yes,0,3,8,7.0,1
C106252,Male,52,28,One Year,UPI,93.06,2720.61,DSL,Yes,Yes,0,4,1,8.0,0
C106253,Male,32,3,Month-to-Month,Electronic Check,84.68,242.09,DSL,No,No,1,4,9,5.6,1
C106254,Male,45,29,Month-to-Month,Bank Transfer,49.74,1444.27,DSL,Yes,Yes,1,2,10,6.3,0
C106255,Female,34,52,Two Year,UPI,49.95,2396.71,DSL,Yes,No,1,2,6,8.1,0
C106256,Female,61,54,Month-to-Month,Electronic Check,66.18,3540.31,Fiber Optic,No,Yes,1,2,11,5.3,0
C106257,Female,47,58,Month-to-Month,Electronic Check,31.16,1706.94,Fiber Optic,Yes,No,1,4,10,5.2,0
C106258,Female,53,45,Month-to-Month,Bank Transfer,87.72,4136.11,Fiber Optic,Yes,No,0,2,13,7.1,0
C106259,Male,31,50,Month-to-Month,Electronic Check,32.44,1590.23,Fiber Optic,No,No,1,1,8,7.3,0
C106260,Male,51,22,One Year,Bank Transfer,84.84,1856.93,Fiber Optic,No,Yes,2,4,14,6.5,1
C106261,Female,34,52,One Year,Credit Card,110.87,5333.56,DSL,No,Yes,0,2,11,5.6,0
C106262,Male,39,53,Month-to-Month,Bank Transfer,94.19,4619.46,Fiber Optic,Yes,Yes,4,0,3,5.8,0
C106263,Female,58,31,Two Year,Electronic Check,70.01,2087.6,Fiber Optic,No,No,2,3,13,5.8,0
C106264,Female,25,71,One Year,Credit Card,86.15,6312.16,Fiber Optic,No,Yes,1,1,41,8.0,0
C106265,Male,40,48,Month-to-Month,Electronic Check,100.27,5009.31,DSL,Yes,Yes,1,0,12,6.9,1
C106266,Female,43,31,Month-to-Month,Electronic Check,90.73,3034.64,Fiber Optic,Yes,No,2,2,2,5.5,1
C106267,Male,44,4,Two Year,Credit Card,64.43,269.4,Fiber Optic,No,No,0,2,8,8.8,0
C106268,Male,33,35,Month-to-Month,Electronic Check,81.38,2914.79,DSL,No,Yes,4,2,15,5.8,1
C106269,Female,63,67,One Year,Bank Transfer,78.7,5442.53,No Internet,No,Yes,0,1,9,7.8,0
C106270,Male,22,64,Month-to-Month,Electronic Check,61.92,3899.94,Fiber Optic,No,Yes,1,0,17,8.0,0
C106271,Female,56,9,Month-to-Month,Bank Transfer,107.68,1041.21,Fiber Optic,Yes,No,0,1,6,5.8,0
C106272,Male,53,46,Two Year,UPI,33.66,1577.42,Fiber Optic,No,Yes,1,1,15,7.9,0
C106273,Female,61,56,Two Year,Credit Card,80.97,4185.31,DSL,No,Yes,1,3,2,6.2,0
C106274,Female,19,56,Month-to-Month,,85.44,4668.41,Fiber Optic,Yes,Yes,2,2,25,5.7,0
C106275,Female,28,26,Two Year,Credit Card,64.15,1572.11,DSL,Yes,Yes,4,3,3,6.2,0
C106276,Male,56,60,Month-to-Month,Bank Transfer,70.32,4040.74,Fiber Optic,No,Yes,0,2,11,7.8,0
C106277,Male,18,72,Month-to-Month,UPI,136.75,9949.79,Fiber Optic,No,No,0,3,15,6.6,0
C106278,Female,19,48,One Year,Bank Transfer,60.36,2869.34,DSL,Yes,No,1,2,12,4.8,0
C106279,Male,32,58,Month-to-Month,Electronic Check,65.18,3750.75,No Internet,No,No,2,4,4,6.7,0
C106280,Female,40,63,Two Year,Bank Transfer,90.31,5626.86,Fiber Optic,Yes,No,0,3,12,7.0,0
C106281,Female,57,58,One Year,Bank Transfer,74.42,4109.0,Fiber Optic,Yes,No,2,3,31,6.9,0
C106282,Female,36,3,Month-to-Month,Electronic Check,67.82,190.65,Fiber Optic,Yes,No,1,4,30,5.7,1
C106283,Female,31,7,Two Year,Electronic Check,58.17,402.88,DSL,No,No,3,1,15,6.6,0
C106284,Male,42,52,Month-to-Month,Bank Transfer,82.16,4114.51,Fiber Optic,Yes,Yes,0,2,34,7.0,1
C106285,Female,44,62,Month-to-Month,UPI,112.96,6789.05,Fiber Optic,No,Yes,3,1,13,5.1,0
C106286,Female,43,2,One Year,Bank Transfer,91.21,170.92,Fiber Optic,No,Yes,4,1,17,4.5,1
C106287,Male,36,33,Two Year,Bank Transfer,119.56,4120.32,Fiber Optic,No,No,0,6,26,6.6,0
C106288,Female,18,12,Month-to-Month,UPI,100.8,1124.8,DSL,Yes,No,1,2,45,5.3,1
C106289,Male,27,48,Two Year,Bank Transfer,109.43,5422.73,Fiber Optic,No,No,1,3,12,6.5,0
C106290,Male,55,53,Month-to-Month,Credit Card,86.34,4672.73,DSL,No,Yes,0,1,48,7.4,1
C106291,Male,40,41,Month-to-Month,UPI,89.37,3397.65,Fiber Optic,No,No,2,1,4,6.1,0
C106292,Female,34,58,Two Year,Electronic Check,89.95,5491.64,No Internet,Yes,No,1,3,27,5.4,0
C106293,Male,51,68,One Year,Electronic Check,110.93,7633.42,Fiber Optic,No,Yes,2,2,8,8.7,0
C106294,Female,24,23,Month-to-Month,UPI,62.46,1487.04,Fiber Optic,No,Yes,1,1,21,5.4,1
C106295,Female,35,36,Two Year,UPI,86.55,3158.73,No Internet,Yes,No,1,1,22,7.5,0
C106296,Male,40,21,One Year,UPI,71.46,1438.99,No Internet,No,Yes,1,1,12,7.7,0
C106297,Male,33,72,One Year,Electronic Check,85.64,5972.5,Fiber Optic,Yes,Yes,2,2,4,7.5,0
C106298,Female,39,55,One Year,Bank Transfer,86.61,5142.58,DSL,No,Yes,1,7,13,7.3,0
C106299,Male,36,56,One Year,Credit Card,38.56,2265.46,No Internet,No,No,1,3,24,6.1,0
C106300,Female,21,13,Month-to-Month,Electronic Check,124.97,1712.55,Fiber Optic,No,Yes,1,2,18,7.8,0
C106301,Male,40,22,Month-to-Month,Credit Card,82.03,1735.07,Fiber Optic,No,Yes,2,4,16,3.7,1
C106302,Male,22,7,Two Year,Credit Card,62.26,455.49,DSL,Yes,No,1,1,8,9.0,0
C106303,Female,40,24,Month-to-Month,Electronic Check,102.11,2389.13,Fiber Optic,No,Yes,2,1,15,5.9,1
C106304,Male,54,61,Month-to-Month,UPI,88.88,5273.68,DSL,Yes,Yes,0,2,33,7.0,0
C106305,Male,35,5,Month-to-Month,Credit Card,59.18,287.09,Fiber Optic,No,No,0,2,10,8.2,1
C106306,Male,24,50,Month-to-Month,Credit Card,114.39,5361.63,DSL,Yes,Yes,0,3,10,6.2,0
C106307,Male,36,62,One Year,Bank Transfer,49.9,2897.73,DSL,No,No,1,1,6,8.1,0
C106308,Female,28,55,Month-to-Month,UPI,75.77,4295.98,DSL,Yes,Yes,1,0,41,7.3,0
C106309,Female,45,26,Month-to-Month,Credit Card,43.27,1126.2,No Internet,Yes,Yes,1,1,14,6.6,1
C106310,Male,36,10,Two Year,Credit Card,127.77,1341.21,DSL,No,Yes,2,4,13,5.9,0
C106311,Female,59,11,One Year,Electronic Check,102.3,1176.49,Fiber Optic,No,Yes,2,3,9,5.2,0
C106312,Female,52,40,Month-to-Month,Bank Transfer,80.97,3157.5,Fiber Optic,No,Yes,1,1,9,7.5,0
C106313,Male,36,11,Month-to-Month,Credit Card,83.08,860.31,Fiber Optic,Yes,No,1,1,27,6.4,1
C106314,Male,47,4,Two Year,Bank Transfer,50.39,194.41,DSL,Yes,No,1,2,7,8.1,0
C106315,Female,33,2,Two Year,Credit Card,109.7,221.02,Fiber Optic,No,Yes,2,2,12,7.5,0
C106316,Female,38,39,Month-to-Month,Bank Transfer,40.59,1659.23,DSL,No,No,1,0,17,6.7,0
C106317,Female,34,23,One Year,Bank Transfer,99.56,2270.06,Fiber Optic,No,No,0,5,9,7.7,0
C106318,Female,47,45,Month-to-Month,Credit Card,68.51,3129.28,Fiber Optic,No,Yes,0,2,14,8.1,0
C106319,Male,55,42,One Year,Electronic Check,115.58,4895.93,Fiber Optic,Yes,No,2,2,11,6.4,1
C106320,Female,48,42,Month-to-Month,Bank Transfer,60.07,2407.95,No Internet,Yes,No,0,1,28,9.3,0
C106321,Male,49,29,Two Year,UPI,76.94,,DSL,Yes,No,0,5,45,6.2,0
C106322,Female,49,16,Month-to-Month,Electronic Check,121.01,1986.86,Fiber Optic,No,No,2,0,13,7.2,0
C106323,Male,45,67,One Year,Electronic Check,94.43,5871.35,Fiber Optic,No,No,1,1,13,7.5,0
C106324,Male,24,60,Month-to-Month,Electronic Check,97.62,5951.87,Fiber Optic,Yes,No,4,2,8,6.0,0
C106325,Male,58,4,Month-to-Month,Electronic Check,79.16,336.87,DSL,No,Yes,0,3,19,7.3,1
C106326,Female,60,16,Month-to-Month,UPI,80.81,1378.65,Fiber Optic,No,Yes,1,1,9,8.0,0
C106327,Male,35,41,Month-to-Month,Bank Transfer,86.65,3752.18,DSL,No,Yes,0,3,2,7.3,0
C106328,Male,34,6,Month-to-Month,Electronic Check,87.19,499.69,Fiber Optic,No,No,2,1,10,7.2,1
C106329,Male,45,42,Two Year,UPI,88.01,3908.71,DSL,Yes,No,0,1,13,7.1,0
C106330,Male,45,57,One Year,Electronic Check,106.37,5685.95,DSL,No,No,2,2,7,8.4,0
C106331,Female,36,28,One Year,Credit Card,84.68,2303.8,Fiber Optic,Yes,Yes,2,0,26,5.9,0
C106332,Female,23,23,Two Year,Credit Card,73.62,1665.37,Fiber Optic,No,No,3,2,14,7.3,1
C106333,Male,42,42,Month-to-Month,Electronic Check,66.42,2658.43,Fiber Optic,No,No,3,0,19,5.4,0
C106334,Male,45,12,Two Year,Credit Card,85.45,1086.74,DSL,No,Yes,0,2,6,7.2,0
C106335,Female,47,64,Two Year,Electronic Check,99.59,6614.62,No Internet,No,Yes,1,2,24,7.7,0
C106336,Male,42,58,Month-to-Month,Bank Transfer,82.32,4938.24,Fiber Optic,No,Yes,2,0,6,6.8,0
C106337,Male,35,51,Two Year,Electronic Check,99.06,5397.55,Fiber Optic,No,Yes,1,3,9,6.5,0
C106338,Male,50,29,Month-to-Month,Electronic Check,78.81,2380.96,Fiber Optic,Yes,Yes,1,0,15,5.6,1
C106339,Male,39,19,Month-to-Month,Bank Transfer,95.57,1794.86,Fiber Optic,Yes,No,3,3,6,5.8,1
C106340,Male,32,45,Month-to-Month,Bank Transfer,70.23,2974.78,Fiber Optic,No,No,2,1,3,7.3,0
C106341,Female,36,54,Two Year,Credit Card,95.4,5422.1,Fiber Optic,No,No,2,4,15,5.1,0
C106342,Female,18,66,One Year,Credit Card,77.94,5319.84,Fiber Optic,No,No,2,2,35,6.7,0
C106343,Female,36,72,One Year,Electronic Check,38.41,2812.25,Fiber Optic,No,No,3,5,6,4.5,0
C106344,Male,46,13,Month-to-Month,Electronic Check,94.45,1276.01,Fiber Optic,No,Yes,1,1,7,8.1,1
C106345,Male,42,65,Month-to-Month,Credit Card,83.04,5617.82,DSL,Yes,No,1,2,5,4.8,0
C106346,Male,56,12,Two Year,Credit Card,70.62,880.35,DSL,No,Yes,0,4,20,7.3,0
C106347,Female,35,71,Month-to-Month,Credit Card,51.78,3649.37,Fiber Optic,No,Yes,3,0,7,7.2,0
C106348,Female,44,14,Month-to-Month,Bank Transfer,101.27,1425.59,Fiber Optic,No,Yes,4,2,10,5.8,0
C106349,Female,48,42,Month-to-Month,Electronic Check,76.16,3353.9,No Internet,Yes,Yes,1,2,6,7.9,0
C106350,Male,66,48,Month-to-Month,Bank Transfer,86.81,4452.9,Fiber Optic,Yes,Yes,1,3,11,6.7,0
C106351,Male,40,24,One Year,Credit Card,92.82,2233.32,Fiber Optic,Yes,Yes,0,1,10,8.4,0
C106352,Male,25,65,One Year,Electronic Check,110.73,7419.75,Fiber Optic,No,Yes,2,4,6,7.1,0
C106353,Female,48,17,Month-to-Month,Bank Transfer,67.65,1151.38,Fiber Optic,No,Yes,2,4,10,6.2,1
C106354,Female,60,38,Month-to-Month,Electronic Check,68.23,2558.27,Fiber Optic,Yes,Yes,2,0,19,4.8,0
C106355,Female,34,28,Month-to-Month,Electronic Check,91.94,2689.97,DSL,No,No,1,1,36,5.5,1
C106356,Female,48,33,Month-to-Month,UPI,121.56,3785.39,Fiber Optic,No,Yes,2,2,15,6.6,1
C106357,Male,53,24,Two Year,UPI,107.49,2556.92,Fiber Optic,No,No,2,3,16,7.3,0
C106358,Female,50,70,Month-to-Month,Bank Transfer,75.95,5391.76,DSL,Yes,Yes,3,1,14,4.9,0
C106359,Female,40,4,Month-to-Month,Credit Card,70.42,291.05,Fiber Optic,No,No,2,2,39,5.6,1
C106360,Male,30,33,Month-to-Month,Credit Card,112.17,3929.22,Fiber Optic,No,No,0,2,8,7.8,1
C106361,Male,37,10,Month-to-Month,Electronic Check,103.8,981.75,DSL,Yes,No,1,6,29,8.0,1
C106362,Male,44,36,One Year,Credit Card,71.05,2522.74,No Internet,No,Yes,1,2,15,6.8,1
C106363,Male,49,31,Month-to-Month,Electronic Check,105.16,3117.7,Fiber Optic,No,No,0,1,9,9.0,1
C106364,Male,42,4,Month-to-Month,Bank Transfer,114.43,461.26,Fiber Optic,No,Yes,2,2,13,8.0,1
C106365,Female,33,8,Month-to-Month,UPI,63.44,483.53,Fiber Optic,No,Yes,2,2,2,8.1,0
C106366,Male,45,27,One Year,UPI,49.31,1275.94,DSL,Yes,No,1,2,22,7.9,0
C106367,Male,48,36,Two Year,UPI,89.14,3014.63,Fiber Optic,No,Yes,1,1,10,7.7,0
C106368,Male,43,9,Month-to-Month,Electronic Check,40.47,368.02,DSL,Yes,No,0,5,37,6.3,1
C106369,Female,28,43,Two Year,Bank Transfer,73.13,3296.02,Fiber Optic,No,No,0,7,15,5.6,0
C106370,Female,36,24,One Year,UPI,90.27,2036.59,Fiber Optic,No,Yes,3,4,17,4.4,0
C106371,Male,49,37,Month-to-Month,Bank Transfer,79.53,3080.81,Fiber Optic,Yes,No,1,7,4,7.0,0
C106372,Female,21,41,One Year,Electronic Check,40.48,1783.21,DSL,No,Yes,1,2,38,5.6,0
C106373,Female,18,26,Month-to-Month,UPI,88.05,2281.2,DSL,No,No,0,2,7,9.2,1
C106374,Male,56,4,Two Year,Bank Transfer,69.85,280.96,DSL,Yes,Yes,0,2,5,8.6,0
C106375,Male,44,1,Month-to-Month,Electronic Check,35.59,37.08,DSL,Yes,No,1,1,11,8.5,0
C106376,Female,45,20,One Year,Credit Card,97.91,2036.9,Fiber Optic,No,Yes,1,3,8,6.3,0
C106377,Female,25,45,Two Year,Electronic Check,76.99,3247.3,No Internet,No,No,0,1,21,7.4,0
C106378,Female,47,69,Month-to-Month,Bank Transfer,101.51,7372.12,Fiber Optic,Yes,No,1,2,19,7.8,0
C106379,Female,41,52,Month-to-Month,Electronic Check,84.15,4102.27,Fiber Optic,No,No,1,2,11,8.1,0
C106380,Female,19,64,One Year,Credit Card,91.58,5923.3,Fiber Optic,Yes,Yes,3,2,27,3.7,1
C106381,Female,55,21,One Year,UPI,81.92,1721.06,No Internet,Yes,No,0,5,3,5.5,0
C106382,Male,40,72,Two Year,UPI,69.96,5300.94,Fiber Optic,Yes,No,2,1,23,7.9,0
C106383,Male,33,25,Month-to-Month,Bank Transfer,77.07,1814.43,DSL,Yes,No,4,1,38,,1
C106384,Male,33,67,Month-to-Month,Bank Transfer,107.85,7393.45,Fiber Optic,Yes,Yes,0,1,13,6.9,0
C106385,Female,18,26,Month-to-Month,Bank Transfer,106.15,2934.29,DSL,No,Yes,0,0,5,9.1,0
C106386,Female,45,27,Month-to-Month,UPI,130.16,3543.74,Fiber Optic,No,Yes,2,1,11,6.4,1
C106387,Female,41,52,Month-to-Month,UPI,94.64,5209.43,DSL,No,Yes,1,6,19,6.6,1
C106388,Male,36,63,One Year,Bank Transfer,66.38,4438.5,Fiber Optic,No,Yes,3,5,9,5.7,0
C106389,Female,53,45,Month-to-Month,Electronic Check,100.33,4336.32,Fiber Optic,Yes,No,1,4,12,6.8,0
C106390,Male,21,58,Month-to-Month,Credit Card,86.03,5293.04,Fiber Optic,No,Yes,0,4,19,6.2,0
C106391,Male,31,38,Month-to-Month,Bank Transfer,117.56,4597.59,Fiber Optic,Yes,No,3,1,12,6.0,1
C106392,Female,28,35,One Year,UPI,63.07,2334.78,Fiber Optic,No,No,1,3,7,5.6,1
C106393,Female,35,46,Month-to-Month,Bank Transfer,113.98,5045.41,Fiber Optic,Yes,No,2,3,13,5.5,1
C106394,Female,39,71,Month-to-Month,Bank Transfer,115.04,8009.22,DSL,Yes,Yes,5,2,9,4.4,0
C106395,Male,43,3,Month-to-Month,Electronic Check,101.54,309.63,Fiber Optic,No,Yes,2,3,14,6.1,0
C106396,Male,34,6,Month-to-Month,Credit Card,109.64,684.57,No Internet,Yes,No,0,4,5,,0
C106397,Male,27,13,Month-to-Month,Credit Card,109.04,1526.98,No Internet,Yes,Yes,0,2,23,8.8,0
C106398,Male,58,46,Month-to-Month,UPI,85.56,3663.96,Fiber Optic,Yes,No,3,1,18,5.8,0
C106399,Female,67,33,One Year,Bank Transfer,60.08,1995.87,Fiber Optic,No,Yes,1,3,13,7.2,0
C106400,Female,40,62,Month-to-Month,Electronic Check,62.28,3891.04,No Internet,Yes,Yes,1,2,7,6.5,0
C106401,Female,29,63,Month-to-Month,Credit Card,54.19,3635.71,Fiber Optic,No,No,0,1,14,9.3,0
C106402,Male,56,56,Month-to-Month,Electronic Check,107.88,5786.02,Fiber Optic,Yes,Yes,3,0,25,5.9,0
C106403,Female,21,39,Month-to-Month,Electronic Check,65.01,2397.17,DSL,No,Yes,0,2,14,8.2,0
C106404,Male,34,60,Month-to-Month,Electronic Check,80.87,4838.56,Fiber Optic,No,Yes,0,2,2,6.0,0
C106405,Female,30,24,One Year,UPI,91.02,2263.49,No Internet,No,Yes,1,3,22,7.7,1
C106406,Male,24,50,One Year,UPI,84.62,4550.49,DSL,Yes,No,1,1,6,6.9,0
C106407,Male,35,33,Two Year,Credit Card,64.24,2144.27,DSL,No,No,1,3,7,5.5,0
C106408,Male,28,7,Month-to-Month,Credit Card,90.94,659.55,DSL,Yes,Yes,2,1,2,7.4,0
C106409,Female,38,46,One Year,UPI,127.61,5661.93,Fiber Optic,No,Yes,1,2,25,7.4,0
C106410,Male,38,62,Month-to-Month,Bank Transfer,103.17,6577.1,DSL,No,Yes,2,2,9,6.6,0
C106411,Male,31,1,Month-to-Month,Bank Transfer,72.41,69.43,DSL,No,No,0,2,13,7.5,0
C106412,Female,34,65,Month-to-Month,Bank Transfer,109.46,7109.87,Fiber Optic,Yes,Yes,2,2,6,7.3,0
C106413,Male,35,45,Month-to-Month,Credit Card,50.89,2123.91,No Internet,Yes,Yes,0,1,20,8.3,0
C106414,Male,48,55,One Year,UPI,74.97,4006.91,DSL,No,Yes,2,4,2,6.2,0
C106415,Male,36,66,Month-to-Month,Bank Transfer,85.95,5928.46,Fiber Optic,No,Yes,0,2,18,6.5,0
C106416,Male,48,67,One Year,Bank Transfer,100.6,6274.14,Fiber Optic,No,Yes,1,1,16,5.6,0
C106417,Female,45,54,Month-to-Month,Electronic Check,44.15,2314.87,DSL,No,Yes,1,5,16,6.0,0
C106418,Female,45,63,Month-to-Month,UPI,104.58,6241.4,Fiber Optic,Yes,Yes,3,2,7,7.2,1
C106419,Male,55,54,Two Year,Electronic Check,33.07,1822.2,DSL,No,No,3,2,12,5.4,0
C106420,Female,25,52,Month-to-Month,UPI,142.8,7715.23,No Internet,Yes,Yes,1,1,27,6.4,1
C106421,Male,32,54,One Year,UPI,50.52,2557.81,Fiber Optic,No,No,1,0,24,6.1,0
C106422,Male,59,67,Month-to-Month,UPI,68.39,4598.98,DSL,Yes,No,2,1,3,5.4,0
C106423,Male,35,37,Month-to-Month,,124.91,4755.85,DSL,No,Yes,1,1,14,6.8,1
C106424,Male,18,12,Month-to-Month,Bank Transfer,109.95,1422.82,Fiber Optic,No,Yes,2,1,6,5.4,1
C106425,Male,36,59,Two Year,UPI,116.49,6562.64,DSL,Yes,Yes,0,3,3,6.0,0
C106426,Female,40,20,Month-to-Month,UPI,94.67,1764.21,Fiber Optic,Yes,Yes,2,2,30,5.5,1
C106427,Female,18,32,One Year,UPI,110.43,3396.87,DSL,Yes,No,1,5,17,4.4,1
C106428,Male,54,71,Two Year,Electronic Check,98.1,7032.78,DSL,Yes,No,1,3,2,7.3,0
C106429,Female,29,44,Two Year,Credit Card,104.81,4709.89,Fiber Optic,No,No,3,2,5,6.2,1
C106430,Female,42,66,Two Year,UPI,69.13,4474.01,No Internet,No,Yes,1,2,13,7.2,0
C106431,Female,35,55,One Year,Bank Transfer,91.06,4955.35,Fiber Optic,No,No,3,5,7,5.8,0
C106432,Female,23,16,Month-to-Month,Electronic Check,68.55,1105.21,No Internet,Yes,No,1,1,13,9.2,0
C106433,Male,25,71,Two Year,Credit Card,82.53,5536.67,No Internet,No,No,0,1,11,7.9,0
C106434,Female,27,68,Two Year,Electronic Check,42.38,3094.81,DSL,No,Yes,4,4,8,4.1,0
C106435,Female,51,52,One Year,UPI,92.39,4937.41,DSL,Yes,No,1,2,13,6.0,0
C106436,Female,36,37,Month-to-Month,Bank Transfer,105.91,3931.97,Fiber Optic,No,No,1,1,12,7.4,0
C106437,Male,32,46,Month-to-Month,Credit Card,89.08,4249.81,Fiber Optic,Yes,No,0,1,11,7.8,0
C106438,Male,27,41,Month-to-Month,Bank Transfer,94.66,3632.06,Fiber Optic,No,Yes,2,2,18,6.3,0
C106439,Female,52,5,Month-to-Month,UPI,96.36,503.9,Fiber Optic,No,Yes,0,2,11,6.0,0
C106440,Male,56,66,One Year,Electronic Check,75.73,4752.46,DSL,No,No,1,0,3,5.8,0
C106441,Male,52,5,One Year,Electronic Check,109.92,512.67,No Internet,Yes,Yes,0,3,8,8.1,0
C106442,Female,44,63,One Year,Credit Card,77.85,5206.4,DSL,No,Yes,4,3,7,6.2,0
C106443,Male,41,3,Month-to-Month,Bank Transfer,99.06,306.81,DSL,No,No,0,5,11,7.5,0
C106444,Female,23,8,Month-to-Month,UPI,94.09,697.12,Fiber Optic,Yes,Yes,0,2,13,7.6,1
C106445,Female,35,26,Two Year,Electronic Check,77.0,2140.24,No Internet,Yes,Yes,1,1,13,6.3,1
C106446,Female,30,53,One Year,Credit Card,125.46,7179.23,DSL,No,No,5,2,13,3.7,1
C106447,Male,18,29,One Year,Credit Card,54.75,1617.86,DSL,No,No,0,3,6,7.4,0
C106448,Male,51,14,One Year,Bank Transfer,59.48,785.61,No Internet,No,No,2,4,15,5.9,1
C106449,Female,30,5,One Year,UPI,84.7,424.6,No Internet,No,Yes,2,2,8,5.7,0
C106450,Female,52,27,Two Year,Electronic Check,45.97,1276.42,DSL,No,No,1,3,3,7.3,0
C106451,Female,49,68,Month-to-Month,Bank Transfer,44.98,2904.53,No Internet,Yes,No,2,0,21,5.5,1
C106452,Male,45,29,Month-to-Month,UPI,101.21,2882.18,DSL,Yes,Yes,0,1,22,7.3,0
C106453,Male,45,3,Month-to-Month,Electronic Check,100.94,283.87,DSL,No,No,1,1,29,5.9,1
C106454,Female,31,30,One Year,Bank Transfer,65.57,1992.49,DSL,No,Yes,1,5,3,7.2,0
C106455,Male,60,9,Two Year,Electronic Check,64.07,562.19,Fiber Optic,Yes,Yes,2,1,8,8.4,1
C106456,Female,39,1,Month-to-Month,Credit Card,89.16,87.06,Fiber Optic,No,No,0,2,14,7.0,1
C106457,Male,42,23,Month-to-Month,Electronic Check,76.18,1740.91,DSL,No,Yes,1,2,18,6.3,0
C106458,Male,30,67,Month-to-Month,Bank Transfer,52.52,3379.74,No Internet,No,Yes,1,2,5,9.2,0
C106459,Male,27,32,Two Year,Credit Card,108.99,3552.88,Fiber Optic,No,Yes,1,4,3,6.5,0
C106460,Male,44,6,Month-to-Month,Credit Card,68.45,421.98,DSL,No,No,2,0,10,6.2,0
C106461,Female,41,49,Month-to-Month,Credit Card,96.42,4536.41,Fiber Optic,No,No,1,2,9,6.4,0
C106462,Female,29,15,Month-to-Month,Bank Transfer,84.56,1323.3,Fiber Optic,No,Yes,3,5,4,4.9,1
C106463,Male,21,58,Two Year,UPI,78.68,4237.49,DSL,No,Yes,1,1,31,7.8,0
C106464,Female,23,53,One Year,Electronic Check,44.58,2435.24,DSL,No,Yes,1,3,6,6.5,0
C106465,Male,52,30,One Year,Bank Transfer,117.88,3499.47,No Internet,No,No,3,4,10,5.8,0
C106466,Female,31,40,Month-to-Month,Bank Transfer,85.73,3496.0,DSL,Yes,Yes,1,5,19,6.7,0
C106467,Male,34,59,One Year,Credit Card,76.81,4457.83,DSL,No,No,2,5,17,4.8,0
C106468,Female,55,63,Month-to-Month,Credit Card,91.85,5673.38,Fiber Optic,No,No,4,4,23,4.1,0
C106469,Female,25,48,Month-to-Month,Electronic Check,45.18,2045.02,Fiber Optic,No,No,2,2,20,5.9,0
C106470,Female,29,68,Month-to-Month,Credit Card,83.16,,DSL,No,Yes,2,1,3,5.4,0
C106471,Female,29,7,One Year,Electronic Check,43.48,294.63,DSL,Yes,No,0,2,18,7.8,0
C106472,Female,57,47,Two Year,UPI,70.04,3255.18,No Internet,No,Yes,0,1,7,8.7,0
C106473,Female,62,43,Month-to-Month,Credit Card,80.24,3592.86,Fiber Optic,No,Yes,3,3,4,3.3,0
C106474,Female,47,16,Month-to-Month,Electronic Check,90.57,1386.51,DSL,Yes,Yes,1,2,23,6.5,1
C106475,Female,47,22,One Year,Credit Card,86.12,1879.71,Fiber Optic,No,Yes,5,3,1,4.5,1
C106476,Male,31,63,One Year,UPI,58.93,3605.19,Fiber Optic,No,No,0,1,7,9.9,0
C106477,Male,61,46,Month-to-Month,Credit Card,112.4,5348.48,No Internet,No,Yes,0,4,5,7.3,0
C106478,Female,41,45,Month-to-Month,UPI,54.34,2626.28,DSL,No,Yes,0,1,9,9.0,0
C106479,Male,48,41,One Year,Credit Card,96.84,,Fiber Optic,No,No,1,3,8,6.0,0
C106480,Female,37,25,Month-to-Month,,104.66,2615.26,Fiber Optic,No,Yes,1,2,15,7.5,0
C106481,Male,35,50,Two Year,Electronic Check,84.8,4015.45,DSL,No,Yes,3,1,22,5.3,0
C106482,Female,58,67,One Year,Electronic Check,87.9,6328.51,Fiber Optic,No,No,4,5,26,4.7,0
C106483,Male,44,52,Two Year,Bank Transfer,94.68,5231.48,No Internet,Yes,Yes,1,3,14,6.8,0
C106484,Male,55,31,Two Year,Credit Card,78.95,2313.72,Fiber Optic,No,No,0,4,3,7.3,0
C106485,Male,41,37,One Year,Credit Card,95.37,3400.72,DSL,No,No,0,1,14,9.0,0
C106486,Female,28,22,Month-to-Month,Bank Transfer,67.73,1397.32,No Internet,No,No,2,4,13,7.2,0
C106487,Male,31,27,Month-to-Month,UPI,91.91,2662.64,DSL,No,No,1,1,2,6.3,1
C106488,Male,39,2,Two Year,Electronic Check,90.58,168.72,No Internet,No,Yes,1,3,13,7.3,0
C106489,Female,30,22,One Year,Electronic Check,95.13,2057.45,Fiber Optic,No,Yes,2,3,7,7.9,0
C106490,Female,25,53,Month-to-Month,Bank Transfer,53.22,2973.19,Fiber Optic,Yes,Yes,3,2,11,5.5,1
C106491,Male,52,17,One Year,Bank Transfer,95.61,1636.57,Fiber Optic,No,No,1,1,40,6.2,1
C106492,Male,31,56,Month-to-Month,Bank Transfer,60.37,3389.6,DSL,Yes,No,2,1,5,7.5,0
C106493,Male,40,31,Month-to-Month,Bank Transfer,87.48,2661.18,DSL,Yes,Yes,4,2,3,5.2,1
C106494,Female,42,43,Month-to-Month,Bank Transfer,91.54,3626.91,DSL,Yes,No,1,4,7,6.7,0
C106495,Male,31,72,Month-to-Month,Electronic Check,78.55,5338.24,Fiber Optic,No,No,0,2,7,6.5,0
C106496,Male,55,53,Two Year,UPI,41.09,2204.74,DSL,Yes,No,1,1,5,8.1,0
C106497,Male,25,5,Month-to-Month,Electronic Check,89.94,471.45,DSL,No,Yes,1,1,7,7.6,1
C106498,Male,41,2,Month-to-Month,Credit Card,69.13,141.51,DSL,No,Yes,2,2,5,6.8,0
C106499,Female,41,59,One Year,Electronic Check,105.51,6483.96,DSL,Yes,No,0,3,10,7.7,0
C106500,Male,37,4,Two Year,Electronic Check,58.55,223.2,Fiber Optic,No,Yes,0,0,7,7.3,0
C106501,Male,22,34,Month-to-Month,Credit Card,93.7,3217.61,Fiber Optic,No,No,3,0,6,7.9,1
C106502,Male,48,67,One Year,Bank Transfer,71.7,4704.67,No Internet,No,No,4,2,14,5.4,0
C106503,Male,47,6,Month-to-Month,Credit Card,77.53,452.85,No Internet,Yes,Yes,0,1,17,5.9,1
C106504,Male,30,58,Month-to-Month,UPI,110.45,6328.83,Fiber Optic,Yes,Yes,0,4,2,7.1,0
C106505,Female,46,47,Month-to-Month,Bank Transfer,96.02,4781.09,Fiber Optic,Yes,Yes,0,1,4,6.4,0
C106506,Female,42,5,One Year,Electronic Check,81.11,430.54,DSL,No,Yes,0,2,17,7.1,1
C106507,Female,23,61,One Year,Credit Card,71.37,4554.43,DSL,No,Yes,2,2,13,7.5,0
C106508,Female,28,56,Month-to-Month,Electronic Check,85.33,4683.59,Fiber Optic,Yes,No,0,0,5,8.6,0
C106509,Female,52,35,Month-to-Month,Electronic Check,46.12,1491.37,Fiber Optic,No,No,0,3,18,6.7,0
C106510,Male,42,13,Month-to-Month,UPI,84.04,1069.29,Fiber Optic,Yes,Yes,2,6,12,5.2,1
C106511,Female,31,26,Two Year,Credit Card,69.33,1896.48,DSL,Yes,Yes,2,3,34,5.6,0
C106512,Female,28,64,One Year,Bank Transfer,90.28,5406.36,Fiber Optic,Yes,Yes,2,2,4,6.0,0
C106513,Female,32,11,One Year,UPI,76.64,865.77,No Internet,No,No,3,2,6,6.1,0
C106514,Male,33,62,Month-to-Month,Credit Card,73.51,4819.33,No Internet,No,No,0,1,13,8.6,0
C106515,Male,28,47,Month-to-Month,Bank Transfer,94.82,4433.65,Fiber Optic,No,Yes,1,1,12,6.8,0
C106516,Female,18,70,Month-to-Month,Bank Transfer,82.15,5329.36,Fiber Optic,No,Yes,1,2,5,6.9,0
C106517,Female,52,58,Month-to-Month,UPI,33.47,1942.21,DSL,Yes,Yes,1,2,9,8.5,0
C106518,Female,50,10,Month-to-Month,Electronic Check,30.03,309.55,DSL,No,Yes,4,0,21,7.2,0
C106519,Male,23,16,Two Year,UPI,79.82,1309.09,Fiber Optic,Yes,No,2,1,10,7.3,0
C106520,Male,40,12,Two Year,Electronic Check,41.81,502.68,DSL,No,Yes,0,1,5,7.6,0
C106521,Male,27,71,One Year,Bank Transfer,150.97,10895.25,Fiber Optic,Yes,No,0,1,7,,0
C106522,Female,35,50,Month-to-Month,Electronic Check,71.92,3467.56,DSL,No,No,1,2,11,7.5,1
C106523,Male,34,15,Month-to-Month,UPI,124.49,1781.4,DSL,Yes,Yes,1,2,6,7.4,0
C106524,Male,33,59,Month-to-Month,Credit Card,54.18,3394.28,Fiber Optic,No,No,0,4,17,6.2,0
C106525,Female,62,70,Month-to-Month,Bank Transfer,92.81,6276.89,No Internet,No,No,0,2,18,7.1,0
C106526,Male,33,62,Month-to-Month,UPI,69.36,4432.72,DSL,No,No,3,3,11,6.7,0
C106527,Female,28,72,Two Year,Electronic Check,45.37,3101.41,No Internet,No,Yes,0,7,43,6.5,0
C106528,Male,29,62,One Year,Credit Card,84.8,5198.76,Fiber Optic,No,No,3,1,16,5.0,0
C106529,Female,51,50,Month-to-Month,Credit Card,70.12,3305.04,Fiber Optic,No,Yes,2,1,13,6.9,0
C106530,Female,18,54,Month-to-Month,Electronic Check,111.2,5807.43,Fiber Optic,No,Yes,1,1,27,7.5,0
C106531,Female,29,54,Month-to-Month,Credit Card,78.93,4043.54,Fiber Optic,Yes,Yes,0,3,9,7.0,1
C106532,Female,55,28,Month-to-Month,Credit Card,56.4,1694.36,No Internet,No,Yes,0,2,16,7.1,0
C106533,Male,41,51,Two Year,Electronic Check,98.91,4653.64,DSL,Yes,Yes,3,1,15,5.7,0
C106534,Male,40,33,One Year,Bank Transfer,119.9,3860.26,No Internet,Yes,Yes,1,1,23,7.4,0
C106535,Male,64,1,Month-to-Month,Credit Card,76.05,77.62,DSL,No,Yes,1,1,35,6.8,0
C106536,Female,41,69,Month-to-Month,UPI,89.72,6565.4,Fiber Optic,No,Yes,2,2,9,6.7,0
C106537,Female,30,1,Month-to-Month,UPI,76.97,83.08,Fiber Optic,No,No,0,1,20,7.2,1
C106538,Male,35,55,One Year,Bank Transfer,68.56,3836.41,Fiber Optic,Yes,Yes,0,3,14,7.9,0
C106539,Female,24,45,Month-to-Month,UPI,79.55,3819.22,DSL,No,Yes,1,3,6,5.8,1
C106540,Male,53,40,Month-to-Month,UPI,89.39,3832.19,Fiber Optic,Yes,No,1,1,9,6.4,0
C106541,Female,45,61,Month-to-Month,Bank Transfer,54.13,3321.45,Fiber Optic,No,Yes,0,2,18,6.8,0
C106542,Female,51,36,Month-to-Month,UPI,45.07,1522.8,No Internet,No,Yes,1,1,9,6.6,0
C106543,Male,53,24,Month-to-Month,UPI,57.5,1380.41,DSL,No,Yes,1,3,17,7.5,1
C106544,Male,33,14,Month-to-Month,Electronic Check,62.3,869.97,Fiber Optic,Yes,No,1,0,5,8.9,1
C106545,Male,27,1,Month-to-Month,Credit Card,73.16,73.72,Fiber Optic,Yes,Yes,2,0,19,8.4,0
C106546,Female,37,47,Month-to-Month,Electronic Check,122.2,5607.92,DSL,No,Yes,3,3,5,6.4,1
C106547,Male,28,21,Month-to-Month,Bank Transfer,88.5,1908.63,No Internet,No,Yes,0,2,15,8.0,0
C106548,Male,40,39,Month-to-Month,Bank Transfer,85.47,3314.57,Fiber Optic,No,Yes,2,1,7,8.5,0
C106549,Male,52,3,Two Year,UPI,76.9,233.33,No Internet,Yes,No,0,2,14,8.8,0
C106550,Male,36,16,Month-to-Month,Bank Transfer,89.09,1380.23,Fiber Optic,Yes,Yes,3,2,11,6.3,1
C106551,Female,40,68,Month-to-Month,Credit Card,72.62,4890.97,No Internet,No,Yes,1,1,22,5.3,1
C106552,Female,37,26,Month-to-Month,Electronic Check,72.98,1962.26,DSL,Yes,No,4,3,9,5.3,1
C106553,Male,48,54,Month-to-Month,Electronic Check,66.01,3340.59,No Internet,No,Yes,3,2,30,5.4,0
C106554,Female,30,13,Month-to-Month,Credit Card,64.83,883.4,DSL,No,No,2,2,2,7.6,0
C106555,Female,18,61,Two Year,UPI,86.24,5195.93,Fiber Optic,Yes,Yes,2,0,10,5.2,0
C106556,Male,44,20,Month-to-Month,Bank Transfer,87.03,1872.92,Fiber Optic,No,No,0,2,10,6.4,0
C106557,Male,50,27,Two Year,UPI,71.9,1951.01,DSL,Yes,No,0,3,4,7.1,0
C106558,Female,43,2,Two Year,UPI,69.02,128.25,Fiber Optic,No,Yes,2,1,9,5.7,1
C106559,Female,30,10,Two Year,Electronic Check,107.02,1072.11,Fiber Optic,Yes,No,0,2,32,6.6,0
C106560,Male,24,60,Month-to-Month,,77.35,4662.66,Fiber Optic,No,No,0,1,5,9.0,0
C106561,Male,44,19,Month-to-Month,Credit Card,70.3,1371.26,Fiber Optic,No,Yes,1,3,18,8.9,0
C106562,Male,40,15,One Year,Electronic Check,131.6,1868.08,DSL,No,No,3,4,13,5.5,0
C106563,Female,36,47,Month-to-Month,Electronic Check,25.0,1170.62,No Internet,No,No,1,2,10,4.4,0
C106564,Male,60,24,One Year,Electronic Check,81.54,1921.6,No Internet,Yes,Yes,0,2,16,6.7,0
C106565,Male,27,16,Two Year,Electronic Check,72.75,1241.76,No Internet,Yes,Yes,3,1,3,5.8,1
C106566,Female,59,60,Two Year,Bank Transfer,111.72,6484.48,DSL,No,Yes,1,2,7,7.6,0
C106567,Female,38,49,Month-to-Month,Credit Card,103.88,4697.73,No Internet,No,No,0,0,5,9.6,0
C106568,Male,18,4,Month-to-Month,Electronic Check,89.8,359.04,DSL,No,Yes,0,2,8,6.1,0
C106569,Male,36,66,Month-to-Month,Electronic Check,82.71,5863.07,No Internet,No,Yes,0,2,14,7.3,0
C106570,Female,50,49,Month-to-Month,Credit Card,62.86,3150.34,Fiber Optic,No,No,0,2,5,7.8,0
C106571,Male,34,31,Month-to-Month,Bank Transfer,100.36,3161.34,No Internet,No,No,0,4,24,6.4,0
C106572,Male,20,66,One Year,UPI,78.71,5471.06,Fiber Optic,No,No,0,3,3,6.9,0
C106573,Female,36,54,One Year,Electronic Check,108.76,5548.99,DSL,No,Yes,1,2,23,5.5,0
C106574,Male,28,2,Two Year,Electronic Check,78.85,154.01,DSL,Yes,No,1,2,6,5.5,0
C106575,Female,44,61,Month-to-Month,Bank Transfer,63.62,3699.71,DSL,Yes,No,3,4,27,5.6,0
C106576,Female,47,15,One Year,Electronic Check,94.33,1388.74,DSL,Yes,Yes,1,1,14,6.5,1
C106577,Male,25,60,One Year,Credit Card,76.08,4240.67,DSL,No,Yes,2,1,8,6.3,0
C106578,Male,30,43,Two Year,UPI,66.98,2838.85,DSL,Yes,No,1,0,29,6.1,0
C106579,Female,47,40,Two Year,Electronic Check,72.21,2725.69,DSL,Yes,No,1,3,9,5.7,0
C106580,Female,28,30,Month-to-Month,Electronic Check,103.98,3179.66,Fiber Optic,Yes,Yes,0,4,7,5.8,0
C106581,Female,25,63,Two Year,Electronic Check,84.49,5306.12,DSL,Yes,No,1,2,21,6.2,0
C106582,Female,24,24,Month-to-Month,Electronic Check,59.01,1454.21,DSL,No,Yes,2,7,16,5.2,0
C106583,Male,42,44,Two Year,Electronic Check,103.34,4504.46,DSL,No,No,2,3,23,7.2,1
C106584,Female,42,14,One Year,Credit Card,65.71,938.52,Fiber Optic,No,Yes,3,2,49,4.2,1
C106585,Male,30,28,Month-to-Month,Bank Transfer,83.24,2181.48,Fiber Optic,Yes,No,0,4,7,7.9,1
C106586,Male,38,14,Two Year,Electronic Check,68.22,903.88,No Internet,No,Yes,5,4,11,5.5,0
C106587,Male,56,56,Month-to-Month,Electronic Check,104.07,6263.71,Fiber Optic,Yes,Yes,3,2,10,6.1,0
C106588,Male,26,34,Two Year,Credit Card,74.43,2668.36,Fiber Optic,No,No,1,5,3,7.2,0
C106589,Female,18,12,One Year,Credit Card,114.66,1388.9,Fiber Optic,No,Yes,1,1,18,7.6,1
C106590,Male,43,56,One Year,Credit Card,110.41,6676.31,Fiber Optic,No,Yes,2,1,34,5.4,0
C106591,Male,37,61,Month-to-Month,Credit Card,75.26,4249.98,Fiber Optic,Yes,Yes,2,3,11,6.3,0
C106592,Male,29,61,Month-to-Month,Bank Transfer,95.22,6252.51,No Internet,Yes,No,1,2,14,6.7,0
C106593,Female,46,40,Two Year,Bank Transfer,115.93,4310.67,Fiber Optic,No,No,2,2,18,6.8,0
C106594,Female,48,20,Month-to-Month,Credit Card,88.75,1815.45,No Internet,Yes,Yes,1,2,15,9.2,0
C106595,Male,18,42,Two Year,Electronic Check,87.12,3707.89,DSL,No,Yes,2,2,7,8.8,0
C106596,Male,30,7,One Year,UPI,78.13,579.75,DSL,No,No,3,2,18,5.6,0
C106597,Male,66,68,One Year,Electronic Check,91.37,6296.63,No Internet,Yes,Yes,0,6,6,5.2,1
C106598,Female,45,31,One Year,UPI,84.45,2501.01,Fiber Optic,No,Yes,3,3,4,,1
C106599,Female,46,70,Month-to-Month,Credit Card,74.46,4974.82,Fiber Optic,No,Yes,1,3,7,6.6,0
C106600,Female,52,47,Month-to-Month,Bank Transfer,98.55,4805.18,No Internet,No,Yes,1,2,22,8.2,0
C106601,Female,38,51,One Year,Credit Card,90.66,4870.94,No Internet,Yes,No,2,4,10,4.4,0
C106602,Male,48,58,Two Year,Credit Card,70.8,4097.27,DSL,No,No,2,3,8,6.3,0
C106603,Female,47,22,One Year,Bank Transfer,89.93,2075.46,Fiber Optic,No,Yes,3,2,13,6.8,0
C106604,Female,44,24,Month-to-Month,Credit Card,83.63,1896.77,DSL,Yes,Yes,1,5,7,5.6,0
C106605,Male,34,34,Two Year,Electronic Check,124.22,4245.04,Fiber Optic,Yes,Yes,1,0,13,7.6,0
C106606,Male,40,63,One Year,Credit Card,49.81,3126.94,DSL,No,No,4,4,14,3.8,0
C106607,Female,31,60,Month-to-Month,Electronic Check,91.45,5776.09,Fiber Optic,No,No,1,5,21,6.6,0
C106608,Female,38,19,One Year,Electronic Check,85.22,1727.76,No Internet,Yes,Yes,3,3,12,7.1,0
C106609,Male,24,24,One Year,Credit Card,110.65,2491.29,Fiber Optic,Yes,Yes,4,4,7,5.3,0
C106610,Female,29,64,One Year,UPI,76.11,4935.46,Fiber Optic,Yes,No,1,0,12,6.6,0
C106611,Female,35,20,One Year,Credit Card,84.4,1665.32,Fiber Optic,Yes,Yes,2,1,8,6.6,1
C106612,Male,27,27,Month-to-Month,Bank Transfer,104.53,2811.9,Fiber Optic,Yes,No,1,2,27,5.7,0
C106613,Male,32,58,Month-to-Month,Bank Transfer,67.95,4151.81,Fiber Optic,No,No,0,6,23,6.3,0
C106614,Male,36,44,Month-to-Month,UPI,111.41,5036.05,Fiber Optic,Yes,Yes,0,4,3,9.0,0
C106615,Female,43,65,One Year,Credit Card,61.66,4013.05,DSL,No,No,0,3,21,6.7,0
C106616,Male,49,46,Month-to-Month,Bank Transfer,61.6,2861.6,DSL,No,No,1,3,4,7.8,0
C106617,Male,32,54,Month-to-Month,Credit Card,83.13,4743.62,DSL,No,No,5,1,16,4.1,1
C106618,Male,54,39,Two Year,Bank Transfer,81.46,3348.29,Fiber Optic,No,No,1,1,11,7.6,0
C106619,Female,49,7,Month-to-Month,Bank Transfer,95.47,651.42,Fiber Optic,No,Yes,1,0,4,7.6,0
C106620,Male,44,54,One Year,Electronic Check,105.06,5322.24,Fiber Optic,No,Yes,0,1,28,7.0,0
C106621,Male,40,43,Month-to-Month,Credit Card,101.7,4132.86,DSL,Yes,No,1,2,12,5.7,0
C106622,Male,42,20,Month-to-Month,Credit Card,55.92,1086.63,No Internet,Yes,No,1,3,15,6.0,1
C106623,Female,52,25,Month-to-Month,Electronic Check,83.53,2243.76,Fiber Optic,No,No,3,5,11,4.4,1
C106624,Female,53,43,Two Year,Credit Card,81.66,3754.17,No Internet,Yes,Yes,1,4,4,4.4,0
C106625,Male,54,27,Month-to-Month,Credit Card,101.44,2914.72,No Internet,Yes,Yes,1,2,4,6.9,1
C106626,Female,38,25,Month-to-Month,Bank Transfer,88.67,2239.35,Fiber Optic,No,Yes,2,1,26,7.8,0
C106627,Female,45,36,Month-to-Month,Electronic Check,67.82,2440.7,Fiber Optic,Yes,Yes,1,0,7,6.7,0
C106628,Female,54,66,Month-to-Month,Credit Card,69.26,4387.49,DSL,Yes,No,3,1,13,6.2,0
C106629,Female,31,9,Two Year,Bank Transfer,62.0,573.94,DSL,Yes,Yes,2,2,14,7.5,0
C106630,Male,34,53,One Year,Credit Card,82.43,4634.98,Fiber Optic,Yes,Yes,0,2,4,5.6,0
C106631,Male,38,21,Month-to-Month,UPI,72.85,1613.25,Fiber Optic,Yes,No,1,1,5,6.8,0
C106632,Female,49,50,Month-to-Month,Electronic Check,72.26,3763.66,Fiber Optic,No,No,0,3,1,8.1,0
C106633,Female,49,16,Month-to-Month,Electronic Check,94.83,1455.14,No Internet,Yes,Yes,1,2,13,5.9,0
C106634,Female,35,66,One Year,Electronic Check,57.27,3825.75,Fiber Optic,Yes,No,1,3,4,8.6,0
C106635,Male,20,26,Month-to-Month,Credit Card,99.19,2465.44,Fiber Optic,No,No,0,2,18,7.5,0
C106636,Female,41,44,One Year,Electronic Check,111.15,5128.34,DSL,Yes,Yes,0,3,6,8.1,0
C106637,Female,27,29,One Year,Bank Transfer,94.82,2935.57,DSL,No,Yes,2,2,11,6.4,1
C106638,Male,20,46,Month-to-Month,UPI,70.08,3449.51,DSL,No,No,1,3,15,6.4,0
C106639,Male,23,71,One Year,Electronic Check,90.96,6892.22,No Internet,No,No,2,3,7,5.7,0
C106640,Female,42,49,Month-to-Month,UPI,64.03,3029.5,Fiber Optic,No,Yes,1,1,6,7.2,0
C106641,Female,54,15,Month-to-Month,Bank Transfer,84.28,1205.5,Fiber Optic,No,Yes,1,0,26,7.4,0
C106642,Male,38,17,Month-to-Month,Electronic Check,75.58,1199.02,Fiber Optic,No,Yes,2,1,2,4.5,1
C106643,Female,41,9,Month-to-Month,Bank Transfer,89.04,833.31,Fiber Optic,Yes,No,1,4,2,5.0,1
C106644,Male,52,32,Two Year,Electronic Check,79.97,2748.24,Fiber Optic,Yes,Yes,0,2,5,7.3,0
C106645,Male,19,66,One Year,Bank Transfer,52.58,3258.69,DSL,No,No,1,2,4,7.4,0
C106646,Female,44,59,Two Year,UPI,63.91,3757.21,No Internet,No,Yes,1,2,16,6.9,0
C106647,Female,38,32,Month-to-Month,UPI,56.81,1751.9,DSL,No,Yes,2,2,14,6.8,0
C106648,Female,45,43,Month-to-Month,Electronic Check,53.98,2406.36,DSL,No,Yes,0,4,5,6.5,0
C106649,Female,32,59,Month-to-Month,Electronic Check,81.01,5058.34,DSL,No,Yes,0,4,20,6.6,0
C106650,Male,28,30,Two Year,UPI,102.28,2995.16,Fiber Optic,No,No,0,5,23,6.9,1
C106651,Female,40,11,Month-to-Month,Bank Transfer,96.99,1098.33,Fiber Optic,No,No,2,4,14,5.7,1
C106652,Male,58,26,Month-to-Month,Bank Transfer,50.08,1280.92,DSL,No,No,1,0,8,10.0,0
C106653,Male,48,2,Month-to-Month,Bank Transfer,72.56,155.54,Fiber Optic,No,Yes,2,1,7,6.0,0
C106654,Male,32,34,Month-to-Month,Bank Transfer,58.07,1817.11,DSL,Yes,Yes,2,3,9,6.6,0
C106655,Male,22,41,Month-to-Month,Bank Transfer,42.96,1837.0,DSL,No,No,0,1,21,8.7,1
C106656,Male,18,31,Month-to-Month,UPI,41.76,1199.94,Fiber Optic,Yes,Yes,2,3,8,7.3,0
C106657,Male,54,63,Month-to-Month,Electronic Check,43.9,2865.23,DSL,No,Yes,2,3,11,6.6,0
C106658,Male,27,55,Month-to-Month,Bank Transfer,80.97,4773.96,DSL,No,No,3,2,17,5.4,0
C106659,Male,34,61,One Year,Bank Transfer,84.53,5474.11,Fiber Optic,No,Yes,1,2,20,6.9,0
C106660,Female,54,36,One Year,UPI,83.59,2825.72,DSL,Yes,Yes,1,2,7,8.6,0
C106661,Male,19,40,One Year,UPI,92.36,3441.8,Fiber Optic,No,Yes,0,2,5,6.9,0
C106662,Male,56,23,Month-to-Month,Electronic Check,134.73,,Fiber Optic,No,Yes,2,4,4,5.8,1
C106663,Female,35,26,One Year,Bank Transfer,81.64,2046.05,DSL,Yes,No,3,3,34,5.0,0
C106664,Female,24,18,Month-to-Month,UPI,91.99,1569.98,DSL,Yes,Yes,2,3,10,7.1,1
C106665,Female,35,34,Two Year,Electronic Check,122.29,3980.43,Fiber Optic,No,Yes,0,5,18,6.7,0
C106666,Male,29,28,Month-to-Month,UPI,91.8,2585.13,Fiber Optic,No,No,1,2,12,6.9,0
C106667,Female,43,49,Month-to-Month,Bank Transfer,130.76,5964.37,Fiber Optic,Yes,Yes,1,2,11,6.4,0
C106668,Male,30,64,Month-to-Month,Credit Card,90.02,5324.72,Fiber Optic,Yes,No,1,2,8,7.1,0
C106669,Male,18,71,One Year,UPI,73.95,5323.02,No Internet,No,No,0,1,7,9.2,0
C106670,Male,35,63,Month-to-Month,UPI,102.4,6385.75,No Internet,No,No,4,1,1,7.9,1
C106671,Female,22,62,Month-to-Month,Electronic Check,78.18,5156.75,DSL,No,Yes,1,1,8,6.4,0
C106672,Male,40,42,Month-to-Month,Bank Transfer,46.15,1956.47,DSL,No,Yes,1,0,10,5.8,0
C106673,Male,24,24,Month-to-Month,Electronic Check,94.58,2299.56,DSL,No,Yes,3,4,6,3.2,1
C106674,Male,32,35,Month-to-Month,Credit Card,52.27,1952.09,DSL,No,Yes,3,1,15,7.3,0
C106675,Female,40,55,Month-to-Month,Electronic Check,67.95,3494.95,Fiber Optic,No,Yes,0,4,2,9.6,0
C106676,Female,35,49,Two Year,Electronic Check,96.66,4704.77,DSL,No,Yes,1,1,3,5.5,0
C106677,Male,41,59,Month-to-Month,UPI,108.22,6285.38,DSL,No,Yes,1,1,10,7.0,0
C106678,Female,46,22,One Year,Bank Transfer,66.14,1520.52,Fiber Optic,No,No,2,2,35,6.2,0
C106679,Female,24,61,Month-to-Month,Bank Transfer,88.23,5313.16,DSL,No,Yes,3,0,7,6.2,0
C106680,Female,37,30,Month-to-Month,Electronic Check,79.4,2375.84,No Internet,Yes,Yes,2,6,14,6.7,0
C106681,Male,18,69,Two Year,Bank Transfer,43.58,2993.27,DSL,No,Yes,2,2,13,7.2,0
C106682,Female,41,60,One Year,Credit Card,80.35,5045.95,Fiber Optic,No,No,0,6,9,5.5,0
C106683,Male,34,6,Month-to-Month,Bank Transfer,103.0,635.07,DSL,No,Yes,1,2,4,8.2,0
C106684,Female,26,11,One Year,Electronic Check,73.58,799.9,DSL,Yes,Yes,0,1,14,8.0,0
C106685,Male,42,24,Two Year,Electronic Check,61.93,1384.43,Fiber Optic,Yes,No,3,4,10,5.6,0
C106686,Male,52,51,Two Year,UPI,116.18,6241.94,Fiber Optic,Yes,No,4,0,28,5.1,1
C106687,Male,32,19,One Year,Electronic Check,46.52,953.59,DSL,Yes,Yes,3,0,4,7.0,0
C106688,Female,27,50,One Year,Bank Transfer,48.18,2502.9,DSL,No,No,2,1,10,7.1,0
C106689,Male,40,3,Month-to-Month,Credit Card,86.08,255.46,No Internet,Yes,Yes,2,2,15,5.4,1
C106690,Female,22,3,Two Year,Electronic Check,84.22,248.36,DSL,No,No,2,6,11,6.6,1
C106691,Male,30,31,Month-to-Month,Electronic Check,75.25,2369.21,Fiber Optic,Yes,Yes,1,1,4,6.7,1
C106692,Female,53,47,Month-to-Month,UPI,59.1,2650.46,Fiber Optic,No,Yes,1,1,6,9.5,0
C106693,Female,39,8,Two Year,UPI,108.98,823.94,Fiber Optic,No,Yes,1,3,7,5.5,0
C106694,Female,18,17,Month-to-Month,Credit Card,59.3,945.6,DSL,No,Yes,1,4,6,7.2,0
C106695,Female,18,45,Month-to-Month,Bank Transfer,62.57,3026.93,Fiber Optic,No,Yes,0,4,10,7.1,0
C106696,Female,40,60,Month-to-Month,Credit Card,68.4,4209.02,Fiber Optic,No,Yes,2,3,10,5.5,0
C106697,Male,48,21,Two Year,Electronic Check,88.95,1884.54,Fiber Optic,No,Yes,0,2,20,7.0,0
C106698,Female,19,70,Month-to-Month,Credit Card,80.08,5948.84,Fiber Optic,No,No,3,3,12,5.7,0
C106699,Male,43,21,Month-to-Month,Credit Card,75.54,1542.91,Fiber Optic,No,Yes,0,1,20,8.4,0
C106700,Female,54,58,Month-to-Month,Bank Transfer,76.14,4423.08,DSL,No,Yes,0,1,19,7.7,0
C106701,Female,61,55,Month-to-Month,Credit Card,106.32,5511.49,Fiber Optic,No,Yes,4,3,3,7.0,0
C106702,Male,42,28,Two Year,Bank Transfer,102.15,2908.85,Fiber Optic,No,Yes,1,1,9,7.2,0
C106703,Male,44,46,Month-to-Month,UPI,106.8,5225.91,No Internet,Yes,No,1,5,5,7.0,0
C106704,Male,18,44,Month-to-Month,Electronic Check,82.83,3788.46,Fiber Optic,No,Yes,3,2,17,4.5,1
C106705,Female,63,25,Month-to-Month,Electronic Check,91.68,2318.77,DSL,No,No,2,1,20,5.4,1
C106706,Female,31,71,Month-to-Month,UPI,96.19,6851.9,Fiber Optic,Yes,No,1,3,13,8.0,0
C106707,Female,27,49,One Year,Electronic Check,78.7,3919.12,Fiber Optic,No,Yes,0,0,34,9.3,0
C106708,Female,35,46,Month-to-Month,Bank Transfer,111.66,5242.14,DSL,No,Yes,1,4,1,8.1,0
C106709,Female,56,63,Month-to-Month,Bank Transfer,139.37,8938.43,Fiber Optic,Yes,Yes,2,4,6,6.8,1
C106710,Male,64,12,Month-to-Month,Electronic Check,87.44,1043.73,Fiber Optic,No,Yes,1,1,1,7.5,0
C106711,Male,40,57,Two Year,Electronic Check,87.0,5058.86,Fiber Optic,No,Yes,2,1,5,6.1,0
C106712,Female,50,64,One Year,Credit Card,99.41,6383.5,Fiber Optic,Yes,No,1,2,8,7.3,0
C106713,Female,39,31,Month-to-Month,Electronic Check,63.2,1934.82,DSL,No,Yes,2,1,5,6.4,0
C106714,Female,26,4,Month-to-Month,UPI,105.98,425.4,Fiber Optic,Yes,Yes,2,2,18,6.9,0
C106715,Male,56,54,One Year,Credit Card,127.41,7232.73,Fiber Optic,No,Yes,1,0,22,8.5,0
C106716,Male,31,65,Two Year,Electronic Check,100.77,6976.98,Fiber Optic,No,No,2,1,13,5.9,1
C106717,Male,56,6,One Year,Electronic Check,68.43,419.69,DSL,Yes,Yes,1,4,3,7.2,0
C106718,Male,54,65,Month-to-Month,UPI,89.54,6156.96,DSL,No,Yes,3,2,10,7.6,0
C106719,Male,45,22,Two Year,Bank Transfer,95.12,1926.72,Fiber Optic,No,Yes,1,2,1,6.5,0
C106720,Female,60,17,Month-to-Month,Bank Transfer,56.53,1028.76,Fiber Optic,No,No,0,3,4,8.5,1
C106721,Male,65,59,Month-to-Month,Electronic Check,108.39,5891.64,Fiber Optic,No,Yes,4,2,9,5.1,1
C106722,Female,36,29,Month-to-Month,,64.42,1998.21,DSL,No,No,0,0,15,8.0,1
C106723,Male,28,67,Month-to-Month,UPI,118.89,7557.38,Fiber Optic,Yes,No,4,2,29,4.9,1
C106724,Female,18,17,Month-to-Month,Bank Transfer,105.53,1677.25,DSL,Yes,No,1,2,5,7.7,1
C106725,Male,65,2,Two Year,Electronic Check,111.27,236.26,DSL,No,Yes,2,3,3,7.6,0
C106726,Male,33,32,Month-to-Month,UPI,82.66,2440.55,DSL,No,No,1,3,27,7.6,0
C106727,Male,52,22,One Year,Electronic Check,106.78,2472.16,Fiber Optic,No,Yes,1,0,12,7.3,1
C106728,Female,29,58,Two Year,Credit Card,105.95,5852.68,Fiber Optic,Yes,No,2,1,5,7.4,0
C106729,Female,56,53,One Year,UPI,122.07,6365.56,Fiber Optic,Yes,No,0,1,19,8.6,0
C106730,Male,30,47,One Year,UPI,83.41,3611.85,Fiber Optic,No,Yes,0,1,6,8.9,1
C106731,Male,24,4,Two Year,Bank Transfer,71.76,308.7,Fiber Optic,No,No,1,0,12,7.2,0
C106732,Female,35,38,Month-to-Month,UPI,39.15,1474.08,No Internet,Yes,No,1,1,17,6.0,0
C106733,Male,32,13,Month-to-Month,Bank Transfer,74.17,953.96,No Internet,No,Yes,0,1,11,8.1,0
C106734,Male,45,61,Two Year,Electronic Check,85.97,4844.1,Fiber Optic,Yes,No,2,0,10,6.4,0
C106735,Female,37,64,Month-to-Month,Credit Card,62.13,3776.58,Fiber Optic,No,Yes,2,1,9,7.7,0
C106736,Female,46,33,Month-to-Month,Credit Card,94.33,2961.05,Fiber Optic,Yes,No,2,2,31,5.4,0
C106737,Male,35,38,Month-to-Month,Credit Card,103.32,3618.95,DSL,Yes,Yes,2,5,22,6.2,1
C106738,Male,30,29,One Year,Electronic Check,62.56,1718.54,No Internet,No,Yes,0,3,7,7.8,0
C106739,Female,31,61,Two Year,UPI,89.47,5841.7,DSL,Yes,Yes,2,1,10,5.3,0
C106740,Male,63,32,Month-to-Month,Electronic Check,69.97,2268.69,DSL,No,No,3,1,16,5.9,1
C106741,Male,41,11,Month-to-Month,Bank Transfer,88.85,901.93,Fiber Optic,No,No,2,2,15,5.4,1
C106742,Female,18,18,Month-to-Month,UPI,104.16,1789.45,Fiber Optic,Yes,Yes,2,2,10,6.5,0
C106743,Female,32,45,One Year,Bank Transfer,81.81,3630.86,Fiber Optic,No,Yes,1,2,26,4.3,0
C106744,Male,39,21,Month-to-Month,Electronic Check,65.52,1303.62,DSL,No,No,2,3,12,6.7,1
C106745,Female,60,12,Month-to-Month,UPI,52.37,593.97,DSL,No,No,1,0,4,9.0,0
C106746,Female,50,20,One Year,Electronic Check,63.56,1364.48,DSL,No,Yes,1,1,7,7.6,0
C106747,Male,27,7,One Year,Electronic Check,85.14,642.95,No Internet,Yes,No,1,3,19,8.1,0
C106748,Female,67,71,One Year,Electronic Check,83.45,6041.98,DSL,No,Yes,1,0,16,7.8,0
C106749,Male,38,2,Month-to-Month,Bank Transfer,63.76,135.0,Fiber Optic,No,Yes,1,2,12,7.4,0
C106750,Male,53,43,One Year,UPI,67.27,2862.64,Fiber Optic,No,No,2,1,7,6.8,0
C106751,Female,24,21,Month-to-Month,Electronic Check,93.88,1815.65,Fiber Optic,No,Yes,1,1,6,6.9,0
C106752,Male,18,29,Month-to-Month,UPI,123.82,3638.75,Fiber Optic,No,Yes,1,3,20,4.6,0
C106753,Male,21,32,Month-to-Month,Electronic Check,61.18,1853.16,DSL,No,No,2,4,13,6.3,0
C106754,Male,18,45,Month-to-Month,Credit Card,58.43,2661.45,Fiber Optic,No,No,0,3,12,7.3,1
C106755,Male,63,59,Month-to-Month,Credit Card,58.67,3678.58,No Internet,No,No,2,5,6,5.4,0
C106756,Female,41,3,Month-to-Month,UPI,77.97,243.26,No Internet,Yes,Yes,1,3,27,7.2,0
C106757,Female,27,39,Month-to-Month,Credit Card,67.85,2543.9,Fiber Optic,No,Yes,2,1,5,7.2,0
C106758,Female,43,51,Month-to-Month,Electronic Check,93.4,4999.28,Fiber Optic,No,Yes,2,3,15,5.9,0
C106759,Male,40,8,Month-to-Month,Credit Card,93.14,770.32,No Internet,Yes,Yes,1,3,7,5.9,0
C106760,Male,45,46,Month-to-Month,Credit Card,88.14,4336.77,Fiber Optic,Yes,Yes,1,1,11,7.2,1
C106761,Male,53,66,Month-to-Month,Electronic Check,71.66,4821.19,DSL,No,No,3,0,13,6.1,0
C106762,Male,35,6,One Year,Electronic Check,94.02,607.52,DSL,No,No,1,2,6,6.1,0
C106763,Male,27,58,Month-to-Month,Electronic Check,107.83,6281.91,Fiber Optic,No,Yes,0,6,21,4.6,0
C106764,Female,48,41,One Year,Bank Transfer,71.35,2937.12,Fiber Optic,No,No,1,0,14,8.0,0
C106765,Female,48,54,One Year,Credit Card,71.08,3542.9,DSL,No,No,1,3,38,5.3,0
C106766,Female,39,41,Two Year,Electronic Check,112.71,4943.85,DSL,Yes,No,2,4,4,7.4,0
C106767,Male,64,48,Month-to-Month,Electronic Check,85.98,4081.45,DSL,Yes,Yes,1,5,4,6.5,0
C106768,Female,33,70,Month-to-Month,Electronic Check,114.14,8460.62,Fiber Optic,Yes,Yes,2,0,18,6.6,0
C106769,Male,27,27,One Year,Credit Card,65.93,1747.58,DSL,No,Yes,0,1,14,7.2,0
C106770,Male,43,47,Month-to-Month,Electronic Check,53.78,2700.5,DSL,No,No,0,5,6,7.1,0
C106771,Female,30,23,Month-to-Month,Electronic Check,79.07,1949.32,Fiber Optic,No,Yes,1,1,59,5.3,0
C106772,Female,44,14,Two Year,Electronic Check,66.94,865.33,DSL,Yes,No,0,1,7,9.3,0
C106773,Male,28,61,Two Year,Bank Transfer,91.58,5773.23,Fiber Optic,No,No,1,4,15,5.9,0
C106774,Male,33,67,One Year,Credit Card,103.17,6394.9,Fiber Optic,No,Yes,2,4,6,5.9,0
C106775,Male,61,25,Month-to-Month,Credit Card,65.47,1531.58,DSL,No,No,2,3,9,6.8,0
C106776,Female,33,65,One Year,Electronic Check,53.42,3216.99,No Internet,No,Yes,1,0,11,6.9,0
C106777,Male,28,24,Month-to-Month,Bank Transfer,91.76,2036.74,Fiber Optic,No,Yes,2,3,12,5.2,1
C106778,Female,52,53,Two Year,Electronic Check,119.28,6232.2,Fiber Optic,No,Yes,1,2,9,8.1,0
C106779,Male,25,50,One Year,Electronic Check,124.39,6171.93,Fiber Optic,No,No,2,0,6,5.3,0
C106780,Male,30,1,Month-to-Month,UPI,31.19,31.03,DSL,No,No,2,4,9,5.1,0
C106781,Male,45,39,Month-to-Month,Credit Card,99.08,3651.27,Fiber Optic,No,No,1,4,12,7.5,0
C106782,Male,49,44,One Year,Bank Transfer,111.83,4737.79,DSL,No,Yes,2,0,18,7.1,0
C106783,Male,53,5,Two Year,UPI,73.62,383.03,Fiber Optic,No,No,2,2,8,8.3,0
C106784,Female,29,68,Two Year,UPI,87.99,5839.6,Fiber Optic,No,No,1,5,26,5.6,0
C106785,Female,45,72,Two Year,Bank Transfer,106.37,7365.2,Fiber Optic,No,Yes,1,0,3,6.9,0
C106786,Female,32,65,Month-to-Month,Electronic Check,98.01,6205.6,DSL,Yes,Yes,1,2,7,6.0,1
C106787,Female,31,15,Month-to-Month,Credit Card,78.75,1255.87,Fiber Optic,No,Yes,2,1,17,6.6,1
C106788,Female,52,50,One Year,Credit Card,120.31,6391.94,Fiber Optic,No,Yes,0,0,24,7.7,0
C106789,Female,31,6,Month-to-Month,Electronic Check,79.16,470.24,DSL,Yes,Yes,2,3,7,6.7,1
C106790,Female,41,66,Two Year,Credit Card,71.31,4976.22,Fiber Optic,Yes,No,2,2,10,6.5,0
C106791,Male,40,69,One Year,Credit Card,62.61,4228.19,Fiber Optic,No,No,1,2,18,8.2,0
C106792,Male,25,39,Two Year,Electronic Check,97.85,3558.59,DSL,No,Yes,1,7,3,7.1,0
C106793,Male,50,29,Month-to-Month,Electronic Check,59.38,1709.23,DSL,No,Yes,1,1,14,8.8,0
C106794,Male,45,46,Month-to-Month,Bank Transfer,111.81,5476.58,Fiber Optic,No,No,1,5,19,6.3,0
C106795,Male,18,31,Month-to-Month,UPI,105.79,3053.05,Fiber Optic,No,No,1,2,35,7.8,0
C106796,Female,41,24,Month-to-Month,Electronic Check,50.62,1165.95,Fiber Optic,No,No,1,6,15,7.0,1
C106797,Male,29,15,One Year,Electronic Check,86.02,1197.45,No Internet,Yes,No,0,3,39,6.8,1
C106798,Male,51,20,Month-to-Month,UPI,44.41,925.12,DSL,No,Yes,1,2,30,7.4,0
C106799,Female,21,4,One Year,Electronic Check,53.59,225.03,DSL,No,No,0,3,22,7.0,0
C106800,Male,34,58,Month-to-Month,Credit Card,113.9,7021.62,DSL,No,No,1,1,11,6.1,0
C106801,Male,42,61,Two Year,Credit Card,74.7,4251.15,No Internet,No,No,2,2,12,6.9,0
C106802,Male,39,10,One Year,Electronic Check,61.16,626.54,No Internet,Yes,No,1,1,26,7.3,0
C106803,Male,47,41,Two Year,Bank Transfer,60.35,2485.06,Fiber Optic,Yes,No,2,5,16,4.6,0
C106804,Male,20,53,Month-to-Month,UPI,113.25,5770.47,Fiber Optic,No,No,1,5,9,7.2,0
C106805,Female,58,71,Month-to-Month,Credit Card,105.91,7734.05,DSL,No,Yes,0,2,13,8.3,0
C106806,Female,44,48,Two Year,UPI,89.49,3963.63,Fiber Optic,Yes,No,1,3,20,8.0,0
C106807,Male,54,15,Month-to-Month,Electronic Check,82.22,1159.44,DSL,No,No,0,2,6,7.6,1
C106808,Male,48,7,Month-to-Month,UPI,92.36,689.24,Fiber Optic,Yes,No,0,3,27,6.5,1
C106809,Male,38,72,Two Year,Electronic Check,82.8,6093.88,No Internet,No,No,1,1,11,9.0,0
C106810,Female,23,71,Month-to-Month,Electronic Check,97.89,6514.32,DSL,Yes,Yes,2,3,18,7.0,0
C106811,Male,31,43,Month-to-Month,Electronic Check,61.96,2731.19,DSL,No,No,1,3,25,5.2,1
C106812,Male,57,4,Month-to-Month,UPI,56.02,215.35,Fiber Optic,Yes,Yes,0,4,11,7.5,0
C106813,Female,55,51,Month-to-Month,Bank Transfer,119.01,5911.2,Fiber Optic,Yes,Yes,1,2,17,6.8,1
C106814,Male,31,71,One Year,Credit Card,55.42,3688.8,DSL,No,Yes,2,2,9,6.2,0
C106815,Male,18,59,Month-to-Month,Credit Card,95.05,5811.8,DSL,No,Yes,0,0,13,,0
C106816,Male,35,41,One Year,UPI,89.12,3530.68,DSL,No,Yes,3,2,4,7.2,0
C106817,Female,35,61,Month-to-Month,UPI,74.31,4282.96,DSL,No,Yes,0,2,9,6.5,0
C106818,Female,35,30,Two Year,Bank Transfer,65.74,2122.88,DSL,No,Yes,2,2,22,8.0,0
C106819,Female,44,18,Month-to-Month,Credit Card,85.72,1461.27,DSL,Yes,Yes,0,4,7,7.1,0
C106820,Male,49,30,One Year,Electronic Check,118.87,3636.94,Fiber Optic,No,Yes,0,3,14,8.4,0
C106821,Female,50,7,Two Year,Electronic Check,56.24,370.33,Fiber Optic,Yes,No,4,2,9,4.6,0
C106822,Female,43,52,One Year,Electronic Check,84.45,4712.52,Fiber Optic,No,No,4,6,30,4.7,0
C106823,Female,18,48,Month-to-Month,Electronic Check,125.25,5971.68,Fiber Optic,No,No,0,4,3,6.2,0
C106824,Male,34,23,Month-to-Month,Electronic Check,97.7,2285.2,DSL,Yes,Yes,4,1,37,4.9,1
C106825,Female,66,37,Month-to-Month,Credit Card,59.03,2028.76,Fiber Optic,Yes,No,0,1,31,7.5,0
C106826,Male,42,71,One Year,UPI,72.05,5480.22,Fiber Optic,No,Yes,1,1,15,8.6,0
C106827,Male,42,53,Month-to-Month,UPI,96.63,5255.25,DSL,No,No,1,2,16,6.3,0
C106828,Female,42,45,Two Year,Credit Card,46.84,1986.84,DSL,Yes,No,2,4,18,5.1,0
C106829,Male,43,49,Two Year,Electronic Check,73.47,3615.2,DSL,Yes,Yes,0,7,7,8.1,0
C106830,Female,18,49,Month-to-Month,Electronic Check,70.48,3638.05,Fiber Optic,No,No,1,0,13,7.9,1
C106831,Male,35,47,Month-to-Month,UPI,77.92,3808.13,DSL,Yes,Yes,0,1,26,7.5,0
C106832,Male,38,25,Two Year,Electronic Check,99.8,2661.22,DSL,No,Yes,1,1,16,7.1,0
C106833,Female,53,27,Month-to-Month,Credit Card,72.2,2089.35,No Internet,No,No,2,3,5,7.1,0
C106834,Female,39,12,Month-to-Month,Electronic Check,64.92,720.77,No Internet,Yes,No,0,3,11,7.3,1
C106835,Male,18,23,One Year,Electronic Check,79.13,1860.52,No Internet,Yes,No,2,2,7,5.9,0
C106836,Male,43,17,Month-to-Month,Electronic Check,85.35,1348.05,Fiber Optic,No,No,1,1,13,6.4,1
C106837,Female,28,44,Two Year,Credit Card,71.1,2880.85,Fiber Optic,No,Yes,0,5,26,7.0,0
C106838,Male,23,71,One Year,Bank Transfer,71.05,4706.51,DSL,No,Yes,0,1,11,8.7,0
C106839,Female,28,24,Month-to-Month,Credit Card,53.76,1391.67,Fiber Optic,Yes,Yes,0,3,5,8.0,0
C106840,Female,45,71,Month-to-Month,Credit Card,77.93,5091.54,Fiber Optic,No,Yes,1,0,9,7.4,0
C106841,Male,53,60,Two Year,Electronic Check,110.31,6787.71,DSL,Yes,Yes,1,0,17,8.3,0
C106842,Male,44,53,One Year,Electronic Check,88.69,4785.66,DSL,Yes,No,0,1,12,6.5,0
C106843,Male,46,16,Month-to-Month,Credit Card,68.09,1139.89,DSL,No,No,1,1,7,6.7,0
C106844,Female,44,25,Month-to-Month,Electronic Check,104.38,2681.03,Fiber Optic,No,No,1,2,4,6.6,1
C106845,Male,39,66,Month-to-Month,Electronic Check,120.79,8533.91,Fiber Optic,No,Yes,1,0,16,6.7,1
C106846,Male,46,50,Two Year,UPI,85.04,4493.07,Fiber Optic,Yes,No,1,0,2,7.7,0
C106847,Male,18,69,Month-to-Month,Credit Card,62.67,4172.92,DSL,No,Yes,1,2,2,5.3,0
C106848,Female,39,40,Month-to-Month,Electronic Check,77.2,3274.2,Fiber Optic,No,No,0,2,4,7.7,0
C106849,Male,25,6,Two Year,UPI,101.39,,Fiber Optic,Yes,Yes,0,4,7,7.3,0
C106850,Male,52,64,Month-to-Month,Bank Transfer,102.33,6715.92,DSL,Yes,Yes,2,4,19,6.8,0
C106851,Female,36,28,Month-to-Month,UPI,86.22,2315.81,Fiber Optic,Yes,No,0,4,13,9.3,0
C106852,Female,38,9,Two Year,Credit Card,70.11,675.24,No Internet,No,No,1,1,9,6.0,0
C106853,Female,20,6,Month-to-Month,Electronic Check,101.32,627.9,No Internet,Yes,Yes,0,4,2,9.3,1
C106854,Male,50,17,Two Year,Electronic Check,58.51,991.42,No Internet,No,Yes,2,3,7,5.0,0
C106855,Male,46,40,Month-to-Month,UPI,75.39,3161.65,DSL,No,No,3,1,20,5.1,0
C106856,Female,45,45,Month-to-Month,Electronic Check,109.82,4568.01,Fiber Optic,No,No,4,4,16,5.1,1
C106857,Male,28,43,Month-to-Month,Electronic Check,87.36,3838.13,Fiber Optic,Yes,No,0,2,18,7.2,0
C106858,Female,29,46,Two Year,Bank Transfer,71.41,3038.49,No Internet,No,No,1,0,3,8.0,0
C106859,Female,41,63,Month-to-Month,Bank Transfer,61.85,3726.98,Fiber Optic,No,Yes,0,3,12,8.0,0
C106860,Male,30,1,Month-to-Month,UPI,80.23,77.82,Fiber Optic,No,Yes,1,3,8,8.2,1
C106861,Female,43,59,Month-to-Month,UPI,88.1,5406.33,Fiber Optic,No,No,1,2,29,7.5,1
C106862,Female,18,63,Month-to-Month,Bank Transfer,105.71,7105.68,Fiber Optic,No,No,1,1,5,5.0,1
C106863,Male,32,18,One Year,Credit Card,45.67,804.8,No Internet,Yes,No,1,4,30,6.7,0
C106864,Female,60,65,One Year,Credit Card,70.45,4665.73,Fiber Optic,No,No,2,3,10,6.0,0
C106865,Male,43,20,Two Year,Credit Card,82.77,1728.87,Fiber Optic,No,Yes,1,1,12,7.1,0
C106866,Male,40,56,Two Year,Credit Card,96.65,5711.9,Fiber Optic,No,Yes,0,1,14,8.0,0
C106867,Male,62,54,One Year,Credit Card,67.49,3914.29,Fiber Optic,No,No,1,4,3,7.5,0
C106868,Female,18,48,One Year,Electronic Check,68.47,3435.05,DSL,No,Yes,3,3,9,5.0,0
C106869,Female,28,54,Month-to-Month,Credit Card,108.01,5396.27,No Internet,No,No,0,1,13,9.7,0
C106870,Male,33,16,Two Year,UPI,78.72,1179.31,DSL,Yes,No,2,4,22,7.1,0
C106871,Male,48,20,Month-to-Month,UPI,76.88,1619.73,Fiber Optic,Yes,No,4,3,8,5.2,0
C106872,Female,49,47,Month-to-Month,Bank Transfer,87.19,3953.48,DSL,No,No,2,1,21,7.2,0
C106873,Male,28,7,One Year,Electronic Check,42.88,280.11,No Internet,No,No,3,2,8,6.4,1
C106874,Female,50,23,Two Year,UPI,71.23,1758.25,DSL,No,Yes,0,5,34,5.4,0
C106875,Male,33,33,Month-to-Month,Credit Card,69.3,2243.02,Fiber Optic,Yes,No,3,4,17,4.4,0
C106876,Male,53,40,Two Year,Credit Card,65.52,2564.74,No Internet,Yes,Yes,5,4,6,4.6,0
C106877,Male,26,5,Month-to-Month,UPI,61.88,290.36,DSL,No,Yes,0,3,15,5.9,0
C106878,Female,37,45,Month-to-Month,Credit Card,81.27,3847.63,Fiber Optic,No,No,0,3,10,6.9,1
C106879,Male,32,41,Month-to-Month,UPI,85.71,3486.97,Fiber Optic,Yes,Yes,3,6,15,4.5,1
C106880,Female,51,8,One Year,Electronic Check,74.03,573.52,Fiber Optic,No,No,2,1,44,8.2,1
C106881,Male,32,50,Month-to-Month,UPI,37.48,1972.15,No Internet,No,No,0,2,15,7.2,0
C106882,Male,37,31,Month-to-Month,Credit Card,67.75,2219.15,Fiber Optic,No,No,1,4,8,6.2,1
C106883,Male,44,4,Month-to-Month,Credit Card,66.9,276.76,DSL,Yes,Yes,0,1,9,7.0,0
C106884,Female,45,66,Month-to-Month,Credit Card,59.61,3887.17,Fiber Optic,No,Yes,0,1,19,9.3,0
C106885,Female,49,56,Month-to-Month,Credit Card,115.2,6244.27,Fiber Optic,No,No,1,1,2,6.7,0
C106886,Male,41,5,Month-to-Month,Credit Card,50.79,254.56,Fiber Optic,No,No,1,4,8,8.3,0
C106887,Male,33,54,Month-to-Month,Credit Card,120.18,6550.04,Fiber Optic,No,No,2,1,2,6.3,0
C106888,Male,34,1,Month-to-Month,Credit Card,40.49,40.92,DSL,Yes,Yes,1,2,2,8.2,0
C106889,Male,38,61,Month-to-Month,UPI,52.47,3327.37,DSL,Yes,Yes,0,1,9,7.7,0
C106890,Male,41,7,Month-to-Month,Electronic Check,82.48,536.7,Fiber Optic,No,Yes,1,1,5,8.0,0
C106891,Female,36,30,Month-to-Month,Electronic Check,97.8,3003.71,DSL,No,No,1,2,1,7.7,0
C106892,Female,38,15,Month-to-Month,UPI,63.0,1000.75,DSL,No,Yes,1,3,9,6.8,0
C106893,Male,20,4,Month-to-Month,Credit Card,131.97,496.74,DSL,Yes,Yes,0,2,8,8.2,1
C106894,Male,46,63,Two Year,Electronic Check,46.67,2965.53,DSL,No,No,0,2,8,7.7,0
C106895,Female,40,70,Month-to-Month,Credit Card,88.6,6388.7,DSL,No,Yes,1,4,8,5.5,0
C106896,Female,50,38,Month-to-Month,Credit Card,85.02,3468.98,DSL,No,Yes,1,2,19,6.3,1
C106897,Male,38,47,One Year,Bank Transfer,58.86,2587.71,DSL,No,Yes,1,3,13,5.9,0
C106898,Male,18,60,Month-to-Month,Electronic Check,55.79,3468.93,Fiber Optic,Yes,No,0,3,2,6.3,0
C106899,Male,34,2,One Year,UPI,86.3,174.89,Fiber Optic,No,No,2,0,19,8.4,0
C106900,Male,36,69,Month-to-Month,Bank Transfer,77.77,5230.04,DSL,No,No,3,4,1,6.6,0
C106901,Male,47,8,Month-to-Month,Bank Transfer,59.12,438.96,Fiber Optic,Yes,Yes,4,0,8,4.9,1
C106902,Male,18,51,Month-to-Month,UPI,102.57,5088.23,Fiber Optic,Yes,Yes,1,2,13,,0
C106903,Female,38,19,Two Year,Electronic Check,101.92,2037.56,Fiber Optic,Yes,Yes,1,2,25,6.5,0
C106904,Male,44,31,Month-to-Month,Bank Transfer,97.38,3083.85,DSL,No,Yes,3,3,7,6.3,0
C106905,Male,30,22,Two Year,UPI,58.43,1229.57,DSL,No,Yes,2,5,15,7.5,0
C106906,Male,39,33,One Year,Electronic Check,131.51,4682.14,No Internet,No,Yes,1,4,33,7.1,1
C106907,Female,30,72,Two Year,Bank Transfer,66.27,4959.25,DSL,No,No,1,3,16,7.5,0
C106908,Female,29,37,One Year,UPI,80.9,2844.29,Fiber Optic,Yes,No,0,3,10,8.6,0
C106909,Male,33,12,One Year,Bank Transfer,61.88,775.97,Fiber Optic,No,No,2,1,7,7.0,0
C106910,Male,29,69,One Year,Credit Card,80.16,5824.15,DSL,No,Yes,0,2,15,7.6,0
C106911,Female,46,64,Two Year,Credit Card,61.59,4175.52,Fiber Optic,No,No,2,2,10,7.2,0
C106912,Male,29,25,Month-to-Month,Bank Transfer,77.87,2021.38,DSL,No,No,2,1,11,7.0,0
C106913,Male,27,54,One Year,Credit Card,35.04,1765.12,No Internet,Yes,Yes,1,1,9,6.5,0
C106914,Male,59,29,One Year,Bank Transfer,103.62,3155.81,Fiber Optic,No,Yes,0,2,13,7.4,0
C106915,Male,50,13,Month-to-Month,Credit Card,54.29,754.07,Fiber Optic,Yes,Yes,2,2,4,6.1,0
C106916,Male,18,26,Two Year,Credit Card,84.46,2195.85,No Internet,No,No,4,2,9,4.9,0
C106917,Female,29,22,Month-to-Month,Bank Transfer,75.81,1737.49,Fiber Optic,No,Yes,2,2,6,6.2,1
C106918,Female,41,10,Month-to-Month,Bank Transfer,91.22,912.82,DSL,No,No,1,2,2,7.0,1
C106919,Male,42,48,One Year,Bank Transfer,86.48,4244.51,Fiber Optic,Yes,No,0,1,7,7.4,0
C106920,Female,20,42,One Year,UPI,82.87,3562.39,DSL,Yes,Yes,3,1,17,6.9,0
C106921,Male,52,59,Month-to-Month,Electronic Check,114.89,6727.28,Fiber Optic,Yes,No,3,2,1,6.3,0
C106922,Male,48,53,One Year,Credit Card,65.14,3372.16,DSL,No,Yes,1,2,12,6.0,0
C106923,Female,44,40,One Year,Credit Card,54.39,2153.28,No Internet,No,Yes,2,1,11,6.5,0
C106924,Female,54,62,Month-to-Month,UPI,96.17,6039.88,DSL,No,Yes,0,0,8,7.2,0
C106925,Male,43,6,One Year,UPI,85.13,513.0,Fiber Optic,No,Yes,1,5,8,8.2,1
C106926,Male,43,4,Two Year,Credit Card,94.22,385.44,DSL,Yes,No,2,0,22,7.6,0
C106927,Female,57,55,Month-to-Month,Bank Transfer,54.0,2754.38,DSL,No,No,1,1,14,7.4,0
C106928,Female,51,69,One Year,Bank Transfer,58.59,4016.85,Fiber Optic,No,No,2,0,9,6.7,0
C106929,Female,28,3,Month-to-Month,Credit Card,97.09,271.26,Fiber Optic,No,Yes,1,0,7,7.9,1
C106930,Male,46,7,Two Year,Electronic Check,54.73,398.76,DSL,No,No,3,2,2,7.4,0
C106931,Male,30,12,One Year,Credit Card,58.26,673.15,No Internet,No,Yes,2,3,27,6.6,0
C106932,Male,44,17,Month-to-Month,Electronic Check,96.44,1599.04,Fiber Optic,No,No,0,0,15,9.9,0
C106933,Male,44,67,Month-to-Month,Bank Transfer,72.09,4949.19,Fiber Optic,No,No,3,4,2,5.4,0
C106934,Female,21,70,One Year,Credit Card,82.71,5647.62,No Internet,No,No,0,3,24,6.5,0
C106935,Male,37,36,One Year,Bank Transfer,42.38,1581.76,Fiber Optic,Yes,No,2,2,14,5.0,0
C106936,Male,41,17,Two Year,Credit Card,44.8,805.7,DSL,Yes,No,1,3,7,6.7,0
C106937,Female,33,1,Month-to-Month,Electronic Check,88.37,,Fiber Optic,Yes,No,2,1,10,6.3,1
C106938,Male,42,67,Month-to-Month,Credit Card,69.91,4426.38,No Internet,No,Yes,0,3,12,6.2,0
C106939,Male,48,49,Month-to-Month,Electronic Check,70.37,3420.3,DSL,No,Yes,3,3,6,4.7,0
C106940,Female,38,51,Month-to-Month,Electronic Check,61.35,3245.28,Fiber Optic,No,Yes,0,3,9,6.6,0
C106941,Female,41,71,Month-to-Month,Credit Card,87.32,5973.96,Fiber Optic,Yes,No,0,2,3,6.4,0
C106942,Female,55,43,Two Year,UPI,122.77,5657.98,Fiber Optic,Yes,No,0,1,16,7.6,0
C106943,Male,44,31,Month-to-Month,UPI,83.16,2760.87,No Internet,No,Yes,1,2,11,5.1,0
C106944,Female,40,24,One Year,UPI,86.79,2029.11,Fiber Optic,No,Yes,0,4,21,7.0,0
C106945,Female,27,37,Month-to-Month,Electronic Check,95.89,3612.62,Fiber Optic,No,No,0,1,3,8.7,0
C106946,Male,46,65,One Year,Bank Transfer,53.21,3396.84,Fiber Optic,No,Yes,2,1,16,5.5,0
C106947,Male,42,63,Two Year,Electronic Check,106.4,6945.62,Fiber Optic,No,Yes,0,1,15,8.6,0
C106948,Female,53,56,Month-to-Month,Electronic Check,119.58,7010.45,DSL,Yes,No,2,2,10,5.0,0
C106949,Male,39,18,Month-to-Month,UPI,55.23,941.11,No Internet,No,No,0,2,30,6.7,1
C106950,Female,18,65,Month-to-Month,Credit Card,102.06,6655.7,Fiber Optic,No,Yes,1,1,3,9.3,0
C106951,Male,18,29,Two Year,Credit Card,65.83,1862.07,DSL,No,No,3,4,7,3.8,1
C106952,Male,47,4,Two Year,Bank Transfer,109.38,467.29,Fiber Optic,Yes,Yes,0,1,14,7.4,0
C106953,Male,31,12,Month-to-Month,Electronic Check,88.39,1009.24,No Internet,Yes,Yes,1,2,2,8.8,0
C106954,Female,43,56,One Year,Electronic Check,57.39,3443.43,DSL,Yes,Yes,5,3,12,5.3,0
C106955,Male,39,48,Month-to-Month,Bank Transfer,109.07,5167.74,DSL,No,Yes,1,3,10,8.8,0
C106956,Female,36,19,One Year,Electronic Check,97.72,1967.64,Fiber Optic,No,Yes,0,2,18,7.5,0
C106957,Female,37,26,Two Year,Bank Transfer,59.56,1539.72,No Internet,Yes,No,1,3,8,7.6,0
C106958,Female,28,38,Month-to-Month,Credit Card,62.58,2421.35,Fiber Optic,Yes,No,4,5,10,4.1,1
C106959,Female,38,25,One Year,Electronic Check,59.61,1606.63,Fiber Optic,No,No,1,1,3,8.2,0
C106960,Female,31,56,Month-to-Month,UPI,75.47,,DSL,Yes,No,2,2,6,7.3,0
C106961,Male,34,28,One Year,Credit Card,88.61,2359.93,Fiber Optic,No,No,1,1,5,7.8,0
C106962,Female,34,61,Month-to-Month,Bank Transfer,34.69,2035.95,No Internet,Yes,No,2,5,4,7.2,0
C106963,Female,35,51,One Year,Electronic Check,73.97,3750.19,DSL,Yes,No,2,2,17,5.5,0
C106964,Male,49,12,Month-to-Month,Credit Card,74.24,903.14,Fiber Optic,No,Yes,0,4,6,8.1,0
C106965,Male,36,8,Month-to-Month,Electronic Check,68.64,510.56,Fiber Optic,No,No,2,0,14,7.3,1
C106966,Female,50,58,One Year,Credit Card,83.53,4490.91,Fiber Optic,No,Yes,2,1,11,8.6,0
C106967,Male,56,23,Month-to-Month,Credit Card,97.58,2229.05,DSL,No,No,1,1,48,5.3,1
C106968,Female,48,37,Month-to-Month,Credit Card,122.55,4551.43,No Internet,No,No,0,2,21,7.2,0
C106969,Male,44,11,Month-to-Month,UPI,55.18,566.17,DSL,No,No,0,5,12,6.4,1
C106970,Male,42,17,Month-to-Month,Bank Transfer,79.14,1340.1,DSL,Yes,Yes,2,1,13,4.0,1
C106971,Female,48,56,One Year,Credit Card,74.96,4386.19,Fiber Optic,No,Yes,1,4,9,7.6,0
C106972,Male,39,53,Two Year,Electronic Check,92.09,4919.11,DSL,Yes,Yes,1,2,21,5.9,0
C106973,Male,50,67,Month-to-Month,UPI,63.43,4234.68,No Internet,Yes,No,2,2,12,7.7,0
C106974,Female,45,2,One Year,Electronic Check,103.78,193.33,Fiber Optic,No,Yes,2,2,5,7.3,0
C106975,Male,34,29,One Year,Electronic Check,83.75,2615.49,Fiber Optic,No,Yes,1,3,9,8.2,0
C106976,Female,49,57,Month-to-Month,Electronic Check,71.83,4121.3,Fiber Optic,No,Yes,1,3,26,6.9,0
C106977,Female,39,34,Month-to-Month,UPI,94.96,3202.52,DSL,Yes,Yes,3,1,6,5.7,1
C106978,Female,37,2,Two Year,Electronic Check,108.57,202.33,Fiber Optic,No,No,2,2,5,6.2,0
C106979,Male,32,31,Month-to-Month,Credit Card,83.34,2681.36,DSL,No,No,3,2,1,6.7,1
C106980,Male,40,44,Month-to-Month,Bank Transfer,72.63,3081.0,DSL,No,Yes,0,1,16,6.2,0
C106981,Female,50,56,One Year,UPI,99.08,5175.85,Fiber Optic,Yes,No,0,2,17,8.4,0
C106982,Female,49,54,One Year,Bank Transfer,111.11,6211.19,Fiber Optic,No,Yes,1,3,26,7.5,0
C106983,Female,42,53,Two Year,Credit Card,85.33,4508.53,DSL,No,No,0,4,18,7.9,0
C106984,Female,45,46,Two Year,UPI,84.07,3592.7,Fiber Optic,No,Yes,0,3,19,7.8,1
C106985,Male,53,54,Month-to-Month,Electronic Check,56.13,3200.61,DSL,No,No,0,2,11,7.8,0
C106986,Male,36,31,One Year,UPI,72.22,2219.97,DSL,No,Yes,2,4,10,6.2,0
C106987,Male,25,24,Two Year,Electronic Check,94.17,2131.32,Fiber Optic,No,Yes,2,1,19,4.7,0
C106988,Male,54,25,Month-to-Month,UPI,101.38,2469.07,Fiber Optic,No,Yes,1,3,9,7.7,1
C106989,Male,32,35,One Year,Electronic Check,97.43,3152.93,Fiber Optic,No,Yes,0,3,11,6.2,1
C106990,Female,30,57,Month-to-Month,Credit Card,60.74,3728.11,DSL,No,No,0,3,19,6.3,0
C106991,Male,18,72,Month-to-Month,Electronic Check,101.11,7570.88,Fiber Optic,No,No,0,1,3,9.1,0
C106992,Male,45,69,One Year,Electronic Check,85.83,5494.79,DSL,No,No,2,2,16,6.1,0
C106993,Male,19,28,Two Year,Bank Transfer,109.29,2932.97,Fiber Optic,Yes,Yes,2,0,26,7.7,0
C106994,Female,29,33,Month-to-Month,Bank Transfer,98.61,3241.82,DSL,No,Yes,0,1,6,8.4,0
C106995,Female,45,53,Month-to-Month,UPI,108.58,5954.56,Fiber Optic,No,Yes,2,1,25,5.7,1
C106996,Female,47,16,Two Year,Electronic Check,100.14,1636.86,DSL,No,Yes,2,0,14,5.8,0
C106997,Female,30,26,Month-to-Month,Electronic Check,72.49,1867.02,DSL,Yes,No,1,1,15,7.5,0
C106998,Male,36,12,One Year,UPI,160.0,1934.35,No Internet,No,Yes,1,3,8,5.7,1
C106999,Female,28,31,Month-to-Month,Bank Transfer,85.67,2461.63,Fiber Optic,Yes,Yes,2,0,17,7.0,1
C107000,Male,31,27,Month-to-Month,Credit Card,95.96,2797.76,DSL,No,No,1,3,22,5.9,1
C107001,Male,41,36,Month-to-Month,Credit Card,112.41,4284.41,DSL,No,No,0,1,1,7.6,0
C107002,Female,32,59,Month-to-Month,Electronic Check,79.91,4581.01,DSL,Yes,No,0,2,33,7.5,1
C107003,Female,35,3,Month-to-Month,Credit Card,92.4,259.8,Fiber Optic,No,Yes,1,5,5,6.0,0
C107004,Male,20,32,Month-to-Month,,111.48,3640.72,Fiber Optic,No,Yes,4,0,42,5.9,0
C107005,Male,52,15,Month-to-Month,Bank Transfer,30.2,483.19,DSL,Yes,No,2,1,10,6.4,0
C107006,Female,44,66,Month-to-Month,Bank Transfer,84.01,5708.61,Fiber Optic,No,No,1,3,4,6.1,0
C107007,Male,48,63,Month-to-Month,Electronic Check,88.99,5218.95,DSL,No,Yes,1,2,29,5.6,0
C107008,Male,53,1,Two Year,UPI,97.62,95.74,DSL,No,No,1,1,13,4.7,0
C107009,Male,28,5,Month-to-Month,UPI,75.58,391.11,Fiber Optic,No,Yes,2,1,7,6.3,0
C107010,Male,34,6,Month-to-Month,Bank Transfer,107.93,620.86,Fiber Optic,No,Yes,3,0,7,7.8,0
C107011,Female,18,5,Month-to-Month,Electronic Check,74.37,380.35,DSL,No,No,0,3,11,7.0,0
C107012,Male,75,28,Month-to-Month,Electronic Check,128.15,3636.58,No Internet,No,Yes,1,5,3,6.7,0
C107013,Male,36,69,One Year,Bank Transfer,99.99,6453.65,No Internet,No,Yes,3,2,16,7.3,0
C107014,Male,50,44,Month-to-Month,Credit Card,147.64,6742.8,Fiber Optic,No,Yes,0,2,22,7.0,0
C107015,Female,23,16,One Year,Bank Transfer,81.83,1296.19,Fiber Optic,No,Yes,0,2,23,8.1,0
C107016,Male,50,71,One Year,Electronic Check,59.25,3978.45,DSL,Yes,Yes,1,2,4,7.9,0
C107017,Male,60,22,Month-to-Month,Bank Transfer,65.72,1544.6,DSL,Yes,Yes,1,1,3,8.2,1
C107018,Male,37,23,Month-to-Month,Credit Card,49.74,1188.94,DSL,No,Yes,3,1,23,5.3,0
C107019,Female,26,43,One Year,Electronic Check,72.81,3242.81,Fiber Optic,No,No,3,1,12,6.9,0
C107020,Female,36,68,Month-to-Month,Credit Card,91.4,6162.46,DSL,No,No,1,1,21,7.8,0
C107021,Female,18,43,One Year,Bank Transfer,70.27,3091.15,Fiber Optic,Yes,No,2,2,35,4.2,0
C107022,Female,38,26,Month-to-Month,Credit Card,92.21,2451.44,Fiber Optic,No,Yes,0,2,3,6.7,1
C107023,Female,48,41,Month-to-Month,Electronic Check,82.04,3168.25,Fiber Optic,No,No,2,2,4,5.1,1
C107024,Female,38,70,Two Year,UPI,58.87,4371.36,Fiber Optic,No,No,0,4,21,6.6,0
C107025,Male,35,31,Month-to-Month,Credit Card,131.85,4294.86,DSL,No,Yes,2,2,3,8.1,0
C107026,Male,44,17,One Year,UPI,74.04,1185.65,DSL,No,Yes,4,2,21,4.1,0
C107027,Female,45,9,Month-to-Month,UPI,101.79,890.14,DSL,No,Yes,0,4,14,7.1,0
C107028,Male,18,55,Two Year,Electronic Check,92.22,4722.35,Fiber Optic,No,No,0,4,6,7.4,0
C107029,Male,39,6,Two Year,Credit Card,41.97,245.58,DSL,Yes,Yes,2,3,37,5.8,0
C107030,Female,67,70,One Year,Electronic Check,67.39,,Fiber Optic,Yes,Yes,2,1,13,4.5,0
C107031,Male,22,64,One Year,Bank Transfer,93.46,5506.35,Fiber Optic,No,Yes,0,0,35,8.3,0
C107032,Female,37,4,Two Year,UPI,62.8,251.47,DSL,Yes,No,0,3,12,8.5,0
C107033,Female,61,67,Month-to-Month,Bank Transfer,107.67,7637.76,DSL,No,Yes,1,1,15,7.4,0
C107034,Male,51,56,Two Year,Electronic Check,36.14,1962.72,DSL,No,Yes,2,2,6,7.4,0
C107035,Female,32,18,Month-to-Month,Electronic Check,112.65,2100.43,Fiber Optic,No,Yes,2,0,10,5.7,0
C107036,Male,40,32,Month-to-Month,Electronic Check,75.65,2248.31,Fiber Optic,Yes,No,3,1,10,6.1,1
C107037,Male,38,48,Two Year,Bank Transfer,47.38,2295.05,Fiber Optic,No,Yes,1,3,7,7.8,0
C107038,Female,29,29,One Year,UPI,63.28,1945.79,DSL,No,No,1,1,4,6.1,0
C107039,Female,37,32,Month-to-Month,Bank Transfer,95.4,3007.8,Fiber Optic,Yes,No,2,6,5,6.7,0
C107040,Female,35,25,Two Year,Bank Transfer,80.49,2051.79,Fiber Optic,No,Yes,0,2,35,6.3,1
C107041,Male,39,63,Two Year,Credit Card,93.8,6036.23,Fiber Optic,No,No,1,4,27,7.0,0
C107042,Female,29,9,Month-to-Month,Bank Transfer,116.5,1087.41,DSL,Yes,Yes,2,1,15,5.7,0
C107043,Male,23,71,One Year,Credit Card,128.9,8754.22,DSL,Yes,Yes,1,0,5,5.7,0
C107044,Female,38,14,Month-to-Month,UPI,64.62,940.56,No Internet,No,Yes,1,2,14,8.0,0
C107045,Male,59,20,One Year,Electronic Check,99.69,1910.08,DSL,No,No,3,5,12,4.2,1
C107046,Female,39,10,Month-to-Month,Bank Transfer,81.09,823.6,Fiber Optic,No,No,4,3,5,4.8,1
C107047,Male,34,11,Month-to-Month,Bank Transfer,57.78,601.02,Fiber Optic,Yes,Yes,1,2,17,6.6,1
C107048,Male,47,39,Month-to-Month,Bank Transfer,48.02,1943.57,DSL,Yes,Yes,0,5,19,6.0,0
C107049,Male,36,19,Month-to-Month,Electronic Check,75.38,1383.49,DSL,No,No,3,0,8,6.9,0
C107050,Female,60,19,Month-to-Month,Credit Card,98.3,1912.94,DSL,No,No,2,2,27,8.4,0
C107051,Female,38,43,Month-to-Month,Bank Transfer,60.14,2443.76,No Internet,No,No,1,4,16,5.4,0
C107052,Female,46,61,One Year,UPI,72.4,4226.39,DSL,No,No,0,2,4,8.2,0
C107053,Male,29,70,Month-to-Month,Credit Card,84.74,6232.88,DSL,No,Yes,1,1,35,6.9,0
C107054,Male,44,72,Month-to-Month,Credit Card,25.0,1682.8,DSL,Yes,Yes,3,3,17,5.4,0
C107055,Male,41,65,Month-to-Month,Credit Card,96.86,5890.59,Fiber Optic,No,No,1,1,5,8.1,0
C107056,Female,37,23,One Year,Credit Card,102.68,2465.17,Fiber Optic,No,No,1,2,9,7.1,0
C107057,Male,32,60,Month-to-Month,UPI,95.42,5380.16,DSL,No,No,0,4,12,8.3,0
C107058,Female,30,10,Month-to-Month,Bank Transfer,99.14,1054.06,Fiber Optic,No,Yes,0,3,12,6.3,0
C107059,Female,41,63,Month-to-Month,Electronic Check,76.27,4527.67,DSL,No,No,0,3,21,7.8,0
C107060,Female,46,2,One Year,UPI,94.02,193.5,Fiber Optic,No,Yes,2,4,11,9.3,0
C107061,Female,36,36,Month-to-Month,Electronic Check,108.54,3969.02,Fiber Optic,Yes,No,1,3,12,8.5,1
C107062,Female,41,57,Month-to-Month,Electronic Check,82.49,4873.38,DSL,No,Yes,3,1,6,5.9,0
C107063,Female,38,66,One Year,Electronic Check,92.59,6301.66,DSL,No,No,2,4,7,5.8,0
C107064,Male,39,20,Month-to-Month,Bank Transfer,85.11,1665.6,Fiber Optic,Yes,No,1,3,19,5.5,1
C107065,Female,36,42,Two Year,UPI,117.58,5290.88,Fiber Optic,No,Yes,1,0,3,5.6,0
C107066,Male,38,21,Two Year,Electronic Check,79.83,1678.67,Fiber Optic,No,No,5,2,2,3.8,1
C107067,Male,70,66,Month-to-Month,Credit Card,114.88,8154.53,Fiber Optic,No,No,0,2,18,7.2,1
C107068,Male,42,38,One Year,Bank Transfer,50.63,1887.31,DSL,Yes,Yes,2,2,8,6.4,0
C107069,Male,46,69,Month-to-Month,Credit Card,96.91,6715.94,Fiber Optic,No,Yes,3,1,2,7.1,0
C107070,Male,43,24,Month-to-Month,Electronic Check,107.27,2609.13,DSL,Yes,Yes,0,4,11,8.0,0
C107071,Male,35,26,Two Year,Electronic Check,95.82,2516.53,Fiber Optic,No,No,0,3,8,6.4,0
C107072,Female,54,2,Month-to-Month,Credit Card,85.51,175.45,DSL,No,No,1,2,11,7.9,1
C107073,Male,35,46,Month-to-Month,Bank Transfer,88.19,3918.05,No Internet,Yes,No,0,1,25,6.8,0
C107074,Male,51,34,Two Year,Electronic Check,92.85,2937.15,Fiber Optic,Yes,Yes,1,3,5,7.1,1
C107075,Male,34,62,Month-to-Month,Electronic Check,73.99,4366.04,DSL,No,Yes,1,1,21,7.5,0
C107076,Female,26,41,Month-to-Month,Electronic Check,101.85,4216.09,Fiber Optic,No,Yes,0,2,10,8.3,0
C107077,Female,42,15,Month-to-Month,Credit Card,104.29,1653.88,Fiber Optic,Yes,Yes,1,5,3,5.4,1
C107078,Female,25,55,Month-to-Month,Electronic Check,74.18,4063.61,Fiber Optic,No,Yes,1,1,9,4.8,0
C107079,Female,44,3,Month-to-Month,UPI,105.56,307.62,Fiber Optic,No,Yes,1,2,2,,0
C107080,Male,24,38,One Year,Credit Card,78.77,3104.01,DSL,Yes,Yes,0,1,16,7.9,0
C107081,Female,34,51,Two Year,Credit Card,55.92,2804.13,DSL,No,No,2,1,17,7.2,0
C107082,Male,21,17,Month-to-Month,Credit Card,104.34,1865.16,DSL,No,Yes,3,0,12,8.8,0
C107083,Male,72,49,Month-to-Month,Electronic Check,84.88,3834.29,No Internet,No,No,0,7,13,6.2,0
C107084,Female,18,21,Two Year,Credit Card,108.34,2135.39,Fiber Optic,No,No,0,3,17,6.5,1
C107085,Male,38,24,One Year,UPI,64.37,1446.65,DSL,Yes,No,1,4,18,7.4,0
C107086,Female,52,40,One Year,Electronic Check,112.87,4178.87,DSL,Yes,Yes,1,2,13,5.9,0
C107087,Female,50,20,Month-to-Month,Electronic Check,80.18,1518.44,No Internet,Yes,Yes,4,0,23,6.5,0
C107088,Male,48,35,Month-to-Month,Electronic Check,106.01,3999.48,Fiber Optic,No,Yes,0,2,13,7.4,0
C107089,Male,34,48,Month-to-Month,Bank Transfer,58.5,2799.7,DSL,No,No,2,2,11,5.2,0
C107090,Male,54,33,Month-to-Month,Electronic Check,104.49,3405.29,Fiber Optic,Yes,Yes,0,1,10,7.9,0
C107091,Female,49,56,Month-to-Month,Credit Card,99.73,5951.42,Fiber Optic,Yes,No,0,2,18,7.1,0
C107092,Female,41,41,Month-to-Month,Credit Card,86.04,3694.11,Fiber Optic,Yes,Yes,2,4,23,6.1,0
C107093,Male,41,54,Month-to-Month,Credit Card,54.22,2821.16,DSL,No,No,0,1,6,7.3,0
C107094,Male,34,44,Month-to-Month,Electronic Check,89.98,4151.95,DSL,No,No,1,1,4,6.9,0
C107095,Female,27,72,Month-to-Month,Credit Card,114.42,7688.15,Fiber Optic,No,Yes,1,3,15,6.4,1
C107096,Female,53,11,Month-to-Month,Electronic Check,60.38,687.12,Fiber Optic,No,No,2,4,11,4.4,1
C107097,Male,54,14,Two Year,Electronic Check,81.81,1057.09,DSL,Yes,Yes,1,6,21,5.3,1
C107098,Male,27,42,One Year,Credit Card,97.99,3924.74,Fiber Optic,Yes,No,1,1,1,7.6,0
C107099,Female,36,12,One Year,Bank Transfer,53.57,682.69,DSL,No,No,1,1,9,7.0,0
C107100,Male,36,17,Month-to-Month,UPI,124.24,2069.32,Fiber Optic,No,Yes,1,2,23,7.6,1
C107101,Male,38,25,Month-to-Month,UPI,102.76,2556.62,No Internet,No,Yes,1,3,6,6.0,1
C107102,Female,39,26,Month-to-Month,Credit Card,100.95,2686.39,Fiber Optic,No,No,1,3,13,4.6,1
C107103,Female,49,47,Month-to-Month,Bank Transfer,89.17,4321.01,DSL,No,Yes,0,1,12,6.9,0
C107104,Male,29,25,Two Year,Bank Transfer,72.22,1703.11,Fiber Optic,No,No,1,4,4,5.7,1
C107105,Male,28,60,Month-to-Month,Credit Card,79.34,,Fiber Optic,No,No,2,3,7,8.4,0
C107106,Male,53,60,One Year,Electronic Check,57.74,3502.22,Fiber Optic,Yes,Yes,0,1,17,7.8,0
C107107,Male,32,27,Month-to-Month,Credit Card,76.57,2100.07,Fiber Optic,No,Yes,1,0,3,6.8,0
C107108,Female,23,43,Two Year,UPI,90.35,3972.55,DSL,Yes,Yes,1,1,23,7.7,0
C107109,Male,32,20,Month-to-Month,Credit Card,79.9,1688.25,DSL,Yes,No,2,0,1,5.3,1
C107110,Female,34,63,Two Year,Credit Card,79.05,4749.34,Fiber Optic,No,Yes,0,1,8,7.2,0
C107111,Female,57,25,Month-to-Month,Bank Transfer,89.28,2378.91,Fiber Optic,No,No,3,4,6,5.0,0
C107112,Male,49,27,Month-to-Month,Bank Transfer,99.14,2797.03,Fiber Optic,No,No,2,3,19,7.4,1
C107113,Male,52,52,Two Year,Bank Transfer,56.45,2805.71,DSL,Yes,No,0,0,26,6.0,0
C107114,Male,48,10,Month-to-Month,Bank Transfer,108.69,1138.86,DSL,No,No,2,2,7,6.5,1
C107115,Female,49,50,Two Year,Bank Transfer,79.11,3958.24,DSL,No,Yes,1,0,1,7.6,0
C107116,Female,30,30,Month-to-Month,UPI,84.62,2569.29,DSL,No,Yes,0,2,14,7.0,0
C107117,Male,36,1,Month-to-Month,Credit Card,70.65,76.22,No Internet,No,No,0,0,5,9.6,1
C107118,Female,26,54,Month-to-Month,Bank Transfer,94.6,4710.47,Fiber Optic,No,Yes,0,3,6,6.6,0
C107119,Female,35,4,One Year,Credit Card,37.78,161.67,No Internet,No,Yes,0,1,35,8.3,0
C107120,Female,46,7,One Year,Bank Transfer,83.13,602.9,Fiber Optic,Yes,Yes,2,1,13,7.0,1
C107121,Male,40,30,Month-to-Month,UPI,67.18,1966.54,Fiber Optic,Yes,No,0,2,10,9.6,0
C107122,Female,54,65,One Year,Credit Card,81.77,5510.01,DSL,Yes,No,3,3,10,5.1,0
C107123,Female,24,29,Month-to-Month,Credit Card,82.98,2291.93,Fiber Optic,No,No,2,3,9,5.9,1
C107124,Male,44,25,Two Year,Credit Card,59.92,1501.22,DSL,No,Yes,0,0,18,7.7,0
C107125,Male,23,40,Month-to-Month,Credit Card,70.32,2955.01,Fiber Optic,No,No,0,3,9,6.5,1
C107126,Male,39,26,Month-to-Month,UPI,64.81,1606.72,No Internet,No,No,1,1,10,7.0,0
C107127,Male,47,17,Month-to-Month,Electronic Check,97.95,1681.29,Fiber Optic,No,Yes,0,1,30,7.6,1
C107128,Male,35,31,Two Year,Credit Card,92.91,2669.34,No Internet,Yes,Yes,1,2,25,5.7,1
C107129,Female,45,61,Month-to-Month,UPI,55.42,3562.75,DSL,No,Yes,4,4,8,4.9,0
C107130,Male,26,8,Month-to-Month,Electronic Check,114.28,892.35,Fiber Optic,No,Yes,0,1,16,6.8,1
C107131,Male,18,69,One Year,Electronic Check,94.71,6354.79,Fiber Optic,No,No,0,3,6,7.1,0
C107132,Female,45,1,Two Year,Electronic Check,77.07,74.06,Fiber Optic,No,No,2,4,2,5.1,1
C107133,Male,59,71,Month-to-Month,UPI,69.72,5123.62,DSL,Yes,Yes,0,1,0,7.0,0
C107134,Male,26,46,Month-to-Month,Electronic Check,87.86,3830.9,No Internet,Yes,Yes,0,2,34,7.4,0
C107135,Female,53,20,One Year,Electronic Check,102.79,1902.49,Fiber Optic,No,No,0,1,15,8.8,0
C107136,Female,39,40,Month-to-Month,Credit Card,126.01,4861.68,Fiber Optic,No,Yes,0,2,12,8.7,0
C107137,Female,22,2,Month-to-Month,Bank Transfer,84.8,174.02,DSL,No,Yes,2,4,9,7.2,1
C107138,Female,24,61,Month-to-Month,,115.32,6528.29,Fiber Optic,No,No,1,1,9,7.0,1
C107139,Male,38,71,One Year,Electronic Check,114.42,8029.15,Fiber Optic,No,Yes,3,2,22,5.2,1
C107140,Female,33,30,One Year,UPI,101.76,3202.61,DSL,No,Yes,4,2,9,4.3,0
C107141,Male,22,30,Two Year,Electronic Check,94.11,2790.27,Fiber Optic,Yes,Yes,0,2,10,8.8,1
C107142,Female,18,45,Month-to-Month,Electronic Check,95.02,4311.78,Fiber Optic,Yes,Yes,1,1,9,5.7,0
C107143,Male,28,24,Month-to-Month,Credit Card,93.86,2226.5,DSL,Yes,No,1,1,20,8.2,0
C107144,Female,40,56,Month-to-Month,Bank Transfer,83.86,4451.19,Fiber Optic,No,Yes,1,5,4,7.3,0
C107145,Female,38,61,Two Year,Credit Card,112.81,7399.73,DSL,No,No,4,3,26,6.3,0
C107146,Female,32,13,Month-to-Month,UPI,102.68,1268.7,Fiber Optic,No,No,1,2,23,6.9,1
C107147,Male,40,56,Two Year,Credit Card,60.07,3428.67,Fiber Optic,Yes,Yes,1,5,19,5.3,0
C107148,Male,50,15,Month-to-Month,UPI,67.11,970.03,DSL,Yes,Yes,0,4,16,6.7,0
C107149,Female,43,11,Month-to-Month,Electronic Check,107.1,1239.04,Fiber Optic,Yes,Yes,1,2,3,6.5,1
C107150,Female,37,12,Month-to-Month,UPI,116.38,1462.24,Fiber Optic,Yes,No,1,2,30,5.2,1
C107151,Male,49,3,Two Year,Electronic Check,107.25,319.48,DSL,Yes,No,1,2,9,7.2,0
C107152,Female,26,24,Two Year,Credit Card,92.83,2117.25,Fiber Optic,No,Yes,1,2,17,5.8,0
C107153,Female,35,9,Two Year,Credit Card,79.57,664.35,DSL,Yes,No,1,3,6,6.5,0
C107154,Male,36,46,One Year,Credit Card,91.55,4195.61,Fiber Optic,Yes,No,0,1,30,6.6,0
C107155,Female,23,71,Month-to-Month,UPI,113.73,7640.88,Fiber Optic,No,No,0,5,21,7.1,1
C107156,Male,33,60,Month-to-Month,Credit Card,64.77,4165.52,Fiber Optic,Yes,No,0,2,22,6.4,0
C107157,Male,18,11,Month-to-Month,Electronic Check,98.05,1015.85,DSL,No,Yes,1,4,43,7.9,0
C107158,Male,61,10,One Year,Electronic Check,114.84,1099.83,DSL,No,No,1,3,5,6.3,0
C107159,Female,27,3,Month-to-Month,UPI,94.55,295.83,DSL,No,No,1,5,13,6.0,0
C107160,Female,57,19,One Year,Credit Card,82.58,1551.73,Fiber Optic,No,Yes,2,3,8,4.5,0
C107161,Male,38,2,Month-to-Month,Credit Card,87.41,170.84,No Internet,Yes,Yes,1,1,3,7.6,1
C107162,Female,45,17,One Year,UPI,108.57,1805.15,Fiber Optic,No,No,1,3,5,7.6,0
C107163,Female,32,2,Two Year,UPI,60.99,122.56,DSL,No,No,2,4,11,6.9,1
C107164,Female,40,53,One Year,Bank Transfer,65.67,3500.06,DSL,No,Yes,1,5,22,7.2,0
C107165,Male,46,16,Two Year,Credit Card,25.0,388.74,Fiber Optic,Yes,No,3,2,11,6.6,1
C107166,Female,46,10,Month-to-Month,Electronic Check,111.82,1152.93,No Internet,Yes,Yes,1,2,2,4.8,1
C107167,Male,47,68,Month-to-Month,Bank Transfer,96.7,6351.08,DSL,Yes,Yes,0,2,30,6.6,0
C107168,Male,34,43,Two Year,UPI,105.77,4358.76,Fiber Optic,No,Yes,1,3,6,7.8,0
C107169,Male,32,58,Month-to-Month,UPI,80.83,4963.62,Fiber Optic,Yes,Yes,0,4,20,6.9,0
C107170,Male,19,60,Month-to-Month,Bank Transfer,60.42,3400.05,Fiber Optic,No,Yes,2,2,8,6.1,0
C107171,Female,44,24,Month-to-Month,Bank Transfer,63.2,1630.82,DSL,No,Yes,1,3,1,9.0,0
C107172,Male,51,16,One Year,Bank Transfer,63.57,1027.83,Fiber Optic,Yes,No,1,2,16,5.8,0
C107173,Female,57,9,One Year,UPI,120.51,1158.78,Fiber Optic,No,Yes,1,2,12,5.3,0
C107174,Male,42,6,Month-to-Month,Electronic Check,44.31,286.37,Fiber Optic,No,Yes,2,3,12,6.0,0
C107175,Male,29,65,Two Year,Credit Card,86.71,5560.82,Fiber Optic,Yes,No,1,1,11,8.2,0
C107176,Female,18,24,Two Year,Credit Card,79.98,1825.28,DSL,Yes,Yes,2,4,11,5.4,0
C107177,Female,51,10,Month-to-Month,UPI,100.91,1079.65,No Internet,Yes,No,2,1,10,4.9,1
C107178,Male,18,27,One Year,Electronic Check,53.76,1532.76,DSL,Yes,Yes,4,1,16,7.4,0
C107179,Male,34,3,Two Year,UPI,36.62,104.25,No Internet,No,No,2,3,35,7.2,0
C107180,Male,35,38,Month-to-Month,Electronic Check,146.64,5261.65,DSL,Yes,Yes,2,2,18,6.9,1
C107181,Male,37,17,Month-to-Month,Electronic Check,84.17,1543.2,DSL,No,No,1,3,8,5.8,0
C107182,Female,38,48,Month-to-Month,Credit Card,54.17,2632.7,No Internet,No,Yes,2,2,11,6.4,0
C107183,Female,40,49,Two Year,UPI,98.89,4809.81,Fiber Optic,No,No,1,4,33,8.1,0
C107184,Male,18,43,Month-to-Month,Bank Transfer,51.41,2254.61,Fiber Optic,No,No,2,1,23,5.7,1
C107185,Female,38,7,One Year,Electronic Check,92.78,684.27,Fiber Optic,No,Yes,0,1,17,,0
C107186,Female,18,68,One Year,Electronic Check,129.87,8145.14,Fiber Optic,No,Yes,2,3,5,6.5,0
C107187,Male,47,21,Month-to-Month,Electronic Check,53.37,1049.2,No Internet,No,Yes,0,2,14,9.1,1
C107188,Male,31,25,Month-to-Month,Electronic Check,89.66,2307.26,No Internet,Yes,Yes,0,1,9,7.7,0
C107189,Female,18,61,Month-to-Month,Credit Card,73.35,4602.53,DSL,No,Yes,1,2,5,5.4,0
C107190,Female,28,28,Month-to-Month,Credit Card,67.24,2028.92,Fiber Optic,No,Yes,2,3,11,6.4,1
C107191,Male,31,52,Month-to-Month,Bank Transfer,56.08,2695.4,DSL,Yes,Yes,1,2,43,5.6,0
C107192,Male,52,13,Month-to-Month,Electronic Check,85.84,1040.77,Fiber Optic,Yes,Yes,0,2,3,8.5,0
C107193,Male,40,34,One Year,UPI,95.82,3247.58,DSL,No,Yes,1,1,15,5.3,0
C107194,Female,42,67,Month-to-Month,Credit Card,75.29,5172.16,DSL,No,Yes,1,2,19,7.1,0
C107195,Female,52,4,Month-to-Month,Credit Card,61.39,236.07,Fiber Optic,No,No,0,2,6,7.1,0
C107196,Male,37,44,Month-to-Month,Bank Transfer,78.59,3323.08,No Internet,No,Yes,0,1,22,6.9,0
C107197,Female,47,15,Month-to-Month,Electronic Check,28.19,391.65,DSL,Yes,No,1,1,15,5.5,0
C107198,Female,46,8,One Year,Electronic Check,40.27,298.78,DSL,Yes,No,4,1,16,6.4,0
C107199,Female,23,5,Month-to-Month,Electronic Check,112.97,527.78,Fiber Optic,Yes,Yes,1,3,16,6.9,0
C107200,Male,56,66,Month-to-Month,Bank Transfer,52.77,3242.74,DSL,No,No,1,1,13,7.8,0
C107201,Male,21,46,One Year,Electronic Check,113.81,5553.73,Fiber Optic,No,Yes,0,2,5,7.1,0
C107202,Male,49,65,Month-to-Month,Credit Card,126.87,8124.11,DSL,Yes,No,1,2,10,8.4,0
C107203,Male,20,66,Month-to-Month,Bank Transfer,89.24,6133.5,Fiber Optic,No,No,1,4,41,4.5,0
C107204,Female,45,26,One Year,Credit Card,85.14,2081.63,DSL,No,Yes,1,3,25,7.0,0
C107205,Male,60,31,Month-to-Month,Credit Card,106.18,3034.06,Fiber Optic,No,Yes,2,3,5,7.4,1
C107206,Male,35,51,Month-to-Month,Electronic Check,86.51,4763.74,Fiber Optic,No,No,1,3,20,7.9,1
C107207,Male,35,41,Month-to-Month,Bank Transfer,99.64,4279.41,DSL,Yes,No,2,3,7,6.4,1
C107208,Male,45,51,Month-to-Month,Bank Transfer,100.97,5423.5,Fiber Optic,No,Yes,2,1,8,5.9,0
C107209,Female,34,19,One Year,Bank Transfer,84.91,1639.66,No Internet,No,Yes,3,1,10,6.6,0
C107210,Male,60,3,Two Year,Bank Transfer,70.66,201.72,DSL,No,No,1,3,5,7.2,0
C107211,Male,40,38,Two Year,Credit Card,134.47,4720.47,Fiber Optic,No,Yes,0,2,5,7.0,0
C107212,Male,34,70,Month-to-Month,Credit Card,58.09,4226.85,Fiber Optic,No,Yes,1,3,22,7.3,0
C107213,Male,32,45,Two Year,Bank Transfer,127.52,6024.14,Fiber Optic,Yes,No,1,4,7,5.8,0
C107214,Male,27,71,One Year,UPI,99.43,7038.13,Fiber Optic,Yes,Yes,1,4,11,6.9,0
C107215,Female,30,41,Month-to-Month,Bank Transfer,67.78,2833.2,DSL,Yes,Yes,2,5,6,5.6,0
C107216,Female,34,25,Two Year,Bank Transfer,61.32,1650.38,DSL,No,Yes,4,1,8,6.7,0
C107217,Female,32,50,One Year,Credit Card,81.06,3947.6,Fiber Optic,No,No,2,3,4,5.2,0
C107218,Female,30,1,Month-to-Month,Bank Transfer,102.15,107.87,No Internet,No,Yes,1,0,8,7.9,0
C107219,Female,63,54,Month-to-Month,Electronic Check,97.11,5556.83,DSL,Yes,Yes,3,3,21,5.7,1
C107220,Female,26,13,One Year,Credit Card,72.65,881.49,DSL,Yes,No,4,0,6,6.8,1
C107221,Male,40,40,Month-to-Month,Electronic Check,64.02,2550.62,Fiber Optic,No,No,1,5,21,7.2,0
C107222,Male,45,21,Month-to-Month,Credit Card,45.15,960.21,No Internet,No,Yes,3,3,13,4.3,1
C107223,Male,46,41,Two Year,Electronic Check,82.54,3191.73,Fiber Optic,Yes,No,1,2,23,5.9,0
C107224,Female,37,61,Month-to-Month,Bank Transfer,88.21,5304.4,Fiber Optic,Yes,No,2,4,39,5.8,1
C107225,Female,35,33,Month-to-Month,Electronic Check,116.21,3806.09,Fiber Optic,No,No,0,2,10,8.0,0
C107226,Female,43,29,Two Year,UPI,43.08,1204.89,Fiber Optic,Yes,No,0,3,5,7.0,0
C107227,Male,41,55,Month-to-Month,Credit Card,111.35,5722.71,Fiber Optic,No,Yes,3,4,14,5.9,0
C107228,Female,35,32,Month-to-Month,UPI,101.33,3163.98,Fiber Optic,No,No,2,1,23,6.0,0
C107229,Male,19,11,One Year,Credit Card,66.24,741.63,No Internet,No,Yes,3,1,3,5.6,0
C107230,Male,32,52,Month-to-Month,UPI,44.83,,No Internet,No,Yes,1,5,8,8.0,0
C107231,Male,24,36,Two Year,Electronic Check,84.47,2912.03,DSL,Yes,Yes,0,1,2,7.9,0
C107232,Male,30,31,Month-to-Month,Credit Card,119.43,3523.66,Fiber Optic,Yes,No,1,3,17,6.9,0
C107233,Female,38,14,One Year,Bank Transfer,39.4,543.42,Fiber Optic,Yes,No,2,1,7,6.5,0
C107234,Male,42,63,Month-to-Month,Electronic Check,133.09,9012.65,Fiber Optic,No,Yes,1,0,2,7.6,0
C107235,Male,59,52,Month-to-Month,Bank Transfer,121.17,6432.56,DSL,Yes,Yes,1,0,9,7.2,0
C107236,Female,32,54,Month-to-Month,Electronic Check,79.55,4024.61,DSL,No,No,1,3,5,6.6,0
C107237,Female,47,50,Month-to-Month,Credit Card,57.57,2711.79,Fiber Optic,Yes,No,2,6,4,4.6,1
C107238,Female,42,54,Month-to-Month,Electronic Check,103.32,5664.45,Fiber Optic,No,No,0,0,2,8.8,0
C107239,Male,54,35,One Year,Electronic Check,37.89,1272.72,DSL,No,Yes,5,0,8,4.5,0
C107240,Female,45,30,Two Year,Electronic Check,54.71,1728.69,DSL,No,Yes,1,2,13,5.9,0
C107241,Female,26,55,Month-to-Month,UPI,95.62,4896.75,No Internet,No,Yes,0,8,5,6.7,1
C107242,Male,18,1,Month-to-Month,Bank Transfer,85.71,82.09,DSL,No,Yes,0,3,15,8.0,1
C107243,Female,42,15,Month-to-Month,UPI,64.24,984.38,Fiber Optic,Yes,No,3,0,15,6.3,1
C107244,Male,32,25,Month-to-Month,UPI,106.94,2740.51,Fiber Optic,Yes,Yes,2,4,14,5.1,0
C107245,Male,26,20,Month-to-Month,Credit Card,93.93,1942.78,Fiber Optic,No,No,2,1,18,5.7,1
C107246,Female,23,71,Month-to-Month,Credit Card,73.65,5536.06,Fiber Optic,No,No,1,2,12,7.0,0
C107247,Female,40,16,Month-to-Month,UPI,77.33,1330.11,Fiber Optic,Yes,No,1,2,16,8.1,1
C107248,Male,56,52,One Year,Credit Card,85.39,4227.78,Fiber Optic,No,Yes,3,3,6,5.8,0
C107249,Female,33,65,One Year,UPI,26.43,1651.7,Fiber Optic,No,No,0,3,15,7.3,0
C107250,Female,45,70,Month-to-Month,Credit Card,99.46,6844.54,No Internet,No,Yes,0,1,12,7.4,0
C107251,Female,37,1,Month-to-Month,Credit Card,93.18,91.43,DSL,Yes,Yes,1,2,5,6.2,1
C107252,Male,23,16,Month-to-Month,Electronic Check,70.04,1094.36,DSL,No,Yes,3,2,13,5.1,1
C107253,Female,47,27,Two Year,Electronic Check,91.22,2290.41,Fiber Optic,No,Yes,1,2,8,5.2,0
C107254,Male,25,18,Month-to-Month,Credit Card,83.24,1585.29,Fiber Optic,No,Yes,1,6,11,6.2,1
C107255,Female,38,44,One Year,Credit Card,116.22,5247.4,Fiber Optic,Yes,Yes,1,3,11,5.1,1
C107256,Male,34,50,One Year,Electronic Check,74.47,3894.67,Fiber Optic,No,Yes,2,2,4,6.6,0
C107257,Male,49,14,One Year,Electronic Check,94.65,1431.06,No Internet,Yes,Yes,3,8,24,5.0,0
C107258,Female,25,52,Two Year,Credit Card,70.55,3662.41,DSL,No,Yes,2,2,7,5.3,0
C107259,Male,43,50,Two Year,Credit Card,103.6,4875.9,Fiber Optic,No,Yes,2,2,17,9.2,0
C107260,Male,28,17,Month-to-Month,UPI,65.41,1171.22,DSL,Yes,No,1,1,22,7.2,0
C107261,Male,32,3,Two Year,UPI,79.26,247.01,Fiber Optic,No,No,0,1,7,8.5,0
C107262,Female,18,62,One Year,UPI,55.02,3557.62,DSL,No,Yes,0,4,5,8.0,0
C107263,Male,63,21,Month-to-Month,Bank Transfer,98.86,1963.47,Fiber Optic,No,Yes,2,2,12,5.3,0
C107264,Female,45,33,One Year,Credit Card,70.7,2428.15,DSL,No,Yes,3,1,7,6.4,0
C107265,Male,29,1,Two Year,UPI,95.72,97.14,DSL,No,Yes,1,2,27,8.1,0
C107266,Male,25,70,Month-to-Month,Electronic Check,109.91,7140.49,No Internet,Yes,Yes,1,5,32,7.5,0
C107267,Male,32,56,Two Year,Electronic Check,88.43,4787.38,Fiber Optic,Yes,No,1,6,2,8.0,0
C107268,Male,47,4,One Year,Electronic Check,45.45,173.66,DSL,No,No,2,4,18,4.3,1
C107269,Male,18,22,Month-to-Month,UPI,64.47,1370.94,No Internet,No,Yes,2,4,10,6.2,0
C107270,Male,36,58,One Year,Credit Card,102.01,5632.38,DSL,No,Yes,2,3,22,6.5,0
C107271,Female,59,44,One Year,Credit Card,89.78,3885.76,DSL,Yes,Yes,1,3,45,7.0,0
C107272,Female,24,57,Month-to-Month,UPI,60.92,3315.21,DSL,No,Yes,1,0,17,6.5,0
C107273,Male,39,40,One Year,Credit Card,111.9,4401.59,DSL,No,Yes,0,1,18,9.5,0
C107274,Male,64,56,One Year,UPI,97.29,5026.84,No Internet,No,No,1,0,9,7.5,0
C107275,Female,46,63,Two Year,Credit Card,101.62,6643.73,DSL,No,Yes,1,3,18,5.7,0
C107276,Male,40,39,Month-to-Month,Bank Transfer,78.19,2974.79,Fiber Optic,No,No,2,0,3,6.6,0
C107277,Male,44,7,Month-to-Month,Bank Transfer,143.18,968.19,Fiber Optic,No,Yes,1,3,18,7.7,1
C107278,Female,33,14,One Year,Electronic Check,78.98,1169.22,DSL,Yes,Yes,1,0,22,8.2,0
C107279,Female,54,18,Month-to-Month,Electronic Check,98.7,1847.29,Fiber Optic,No,No,2,1,29,6.8,1
C107280,Female,33,55,Month-to-Month,Electronic Check,84.09,4893.64,No Internet,No,Yes,1,2,11,7.0,1
C107281,Male,18,56,One Year,Bank Transfer,39.18,2324.99,Fiber Optic,Yes,No,1,2,15,6.1,0
C107282,Male,33,57,Two Year,Electronic Check,64.55,3814.55,No Internet,No,No,1,0,18,7.4,0
C107283,Female,26,58,Month-to-Month,Bank Transfer,84.33,4544.9,DSL,No,No,0,4,6,7.8,0
C107284,Male,35,25,Two Year,Bank Transfer,102.13,2388.06,No Internet,No,Yes,2,0,7,7.0,0
C107285,Male,35,70,Two Year,Credit Card,46.36,3023.66,Fiber Optic,Yes,Yes,3,1,27,7.0,0
C107286,Female,52,3,Month-to-Month,Bank Transfer,72.88,209.82,No Internet,No,Yes,0,4,6,6.4,0
C107287,Male,46,21,One Year,Electronic Check,104.5,2322.25,DSL,Yes,Yes,0,1,27,6.5,0
C107288,Female,41,32,Month-to-Month,UPI,62.25,1844.84,Fiber Optic,No,No,0,3,32,6.0,0
C107289,Female,38,2,Two Year,Electronic Check,83.04,154.3,No Internet,No,Yes,0,1,7,6.6,1
C107290,Female,25,20,Month-to-Month,Credit Card,87.99,1652.13,Fiber Optic,Yes,Yes,0,2,11,7.1,0
C107291,Male,18,18,Month-to-Month,UPI,87.15,1588.37,Fiber Optic,No,Yes,1,4,19,6.9,0
C107292,Male,39,54,Month-to-Month,UPI,52.26,2740.38,DSL,No,No,1,0,16,9.1,0
C107293,Male,48,36,Month-to-Month,Bank Transfer,89.66,3455.41,DSL,Yes,No,1,2,26,5.7,0
C107294,Male,37,61,Month-to-Month,Credit Card,63.96,3673.91,No Internet,No,No,2,2,14,5.9,0
C107295,Female,32,60,Month-to-Month,Bank Transfer,83.44,5250.38,Fiber Optic,No,Yes,1,3,9,7.1,0
C107296,Male,44,36,Month-to-Month,Credit Card,114.44,4215.33,Fiber Optic,Yes,No,3,0,20,7.8,0
C107297,Male,37,44,Month-to-Month,Electronic Check,66.11,2980.12,No Internet,Yes,No,3,1,37,7.2,0
C107298,Male,58,68,Month-to-Month,Bank Transfer,107.72,7151.24,Fiber Optic,No,Yes,1,4,14,6.5,0
C107299,Female,53,66,One Year,UPI,61.53,3739.04,Fiber Optic,Yes,No,3,1,16,6.3,0
C107300,Male,50,44,Month-to-Month,Credit Card,110.69,4766.34,No Internet,No,Yes,1,3,32,7.7,0
C107301,Male,47,29,Month-to-Month,Bank Transfer,58.71,1730.21,DSL,Yes,No,1,2,18,5.9,0
C107302,Male,23,48,One Year,Electronic Check,73.54,3663.97,Fiber Optic,No,Yes,0,1,10,10.0,0
C107303,Female,46,36,Month-to-Month,Electronic Check,76.28,2769.38,DSL,No,Yes,4,1,29,3.5,1
C107304,Male,43,8,Month-to-Month,Bank Transfer,72.5,624.64,No Internet,No,No,0,1,19,5.3,0
C107305,Female,45,5,Month-to-Month,Electronic Check,125.8,637.71,No Internet,Yes,No,2,3,19,6.6,1
C107306,Female,44,47,Two Year,UPI,72.32,3172.29,Fiber Optic,Yes,No,0,2,11,7.1,0
C107307,Male,43,43,Two Year,UPI,84.05,3819.43,Fiber Optic,No,No,0,3,11,7.4,0
C107308,Female,70,10,Month-to-Month,Bank Transfer,79.94,818.94,Fiber Optic,No,No,4,6,13,4.0,1
C107309,Male,37,10,One Year,UPI,88.3,885.42,Fiber Optic,Yes,Yes,2,1,19,5.6,0
C107310,Female,49,6,Month-to-Month,Electronic Check,126.18,790.89,Fiber Optic,No,Yes,2,1,5,7.3,0
C107311,Female,32,16,Month-to-Month,UPI,80.97,1334.96,DSL,Yes,Yes,1,1,15,5.6,1
C107312,Male,47,60,Month-to-Month,Credit Card,71.11,4573.0,Fiber Optic,No,Yes,2,4,11,7.5,0
C107313,Male,49,26,Two Year,Bank Transfer,46.74,1208.28,DSL,Yes,No,1,0,21,6.4,1
C107314,Male,42,21,Month-to-Month,Credit Card,123.5,2680.95,No Internet,Yes,Yes,1,1,9,6.2,1
C107315,Female,58,58,One Year,Credit Card,89.64,5165.13,Fiber Optic,No,No,3,2,2,6.3,0
C107316,Male,27,41,Two Year,Bank Transfer,95.01,3757.08,DSL,Yes,Yes,2,0,6,8.0,0
C107317,Female,32,30,Month-to-Month,Credit Card,90.15,2626.39,DSL,No,Yes,3,3,23,5.3,1
C107318,Male,41,5,Two Year,Credit Card,82.04,416.24,Fiber Optic,Yes,Yes,2,3,2,7.4,0
C107319,Female,49,10,Two Year,Electronic Check,74.35,705.49,DSL,No,Yes,5,2,5,5.4,1
C107320,Male,40,11,One Year,Bank Transfer,76.33,840.35,Fiber Optic,No,No,3,1,22,4.6,1
C107321,Female,53,63,Month-to-Month,Credit Card,67.39,4376.94,Fiber Optic,No,No,1,3,16,7.6,0
C107322,Male,30,7,One Year,Electronic Check,71.21,501.38,DSL,No,No,0,2,7,6.6,0
C107323,Female,24,59,Two Year,Electronic Check,82.04,4888.78,Fiber Optic,No,No,1,2,12,7.7,0
C107324,Male,42,12,One Year,Electronic Check,25.0,286.2,DSL,No,No,2,3,19,6.4,0
C107325,Male,37,64,Month-to-Month,Bank Transfer,86.27,5660.55,No Internet,No,No,1,1,15,6.6,0
C107326,Male,45,41,Two Year,Bank Transfer,74.34,3095.45,Fiber Optic,No,Yes,0,1,15,6.1,0
C107327,Female,38,60,Two Year,UPI,113.02,6817.48,DSL,No,Yes,1,4,5,9.3,0
C107328,Male,34,72,Month-to-Month,Bank Transfer,108.41,8050.41,DSL,Yes,Yes,2,3,6,6.5,0
C107329,Female,37,28,One Year,Credit Card,79.93,2310.01,DSL,Yes,No,2,3,11,7.4,0
C107330,Male,38,63,Month-to-Month,UPI,33.18,2154.56,Fiber Optic,No,Yes,0,0,11,8.1,0
C107331,Female,34,3,Month-to-Month,UPI,114.95,,Fiber Optic,No,Yes,1,2,8,7.9,1
C107332,Female,36,32,Month-to-Month,Electronic Check,93.8,3044.34,Fiber Optic,No,Yes,2,5,2,6.4,1
C107333,Male,33,21,Month-to-Month,UPI,61.44,1331.28,Fiber Optic,No,No,0,0,6,8.0,0
C107334,Male,48,55,One Year,Bank Transfer,109.39,,Fiber Optic,Yes,No,3,2,29,3.1,0
C107335,Male,40,18,One Year,Credit Card,25.0,427.89,No Internet,Yes,Yes,1,2,7,6.7,0
C107336,Male,65,53,Month-to-Month,Credit Card,73.64,3605.58,DSL,No,Yes,3,1,21,5.6,0
C107337,Male,40,61,Month-to-Month,Credit Card,126.04,7821.91,Fiber Optic,No,Yes,0,4,5,6.1,0
C107338,Female,31,50,Month-to-Month,Bank Transfer,90.51,4323.09,No Internet,No,No,4,1,21,4.6,0
C107339,Female,70,8,One Year,Electronic Check,84.49,711.35,DSL,Yes,Yes,1,4,11,5.8,0
C107340,Female,43,12,Month-to-Month,Electronic Check,79.25,1017.25,DSL,No,Yes,0,1,18,6.7,1
C107341,Male,50,51,Month-to-Month,Credit Card,86.4,4645.07,Fiber Optic,No,No,1,1,33,7.5,0
C107342,Female,45,66,Two Year,Electronic Check,118.03,7379.29,No Internet,Yes,Yes,0,3,23,5.5,0
C107343,Male,45,41,Month-to-Month,Credit Card,25.0,1077.23,DSL,No,No,1,2,7,5.3,0
C107344,Male,44,22,One Year,UPI,86.53,1805.74,DSL,Yes,No,3,0,12,7.4,0
C107345,Male,25,9,Month-to-Month,Bank Transfer,73.68,641.7,DSL,Yes,No,2,2,15,6.4,0
C107346,Male,42,11,Month-to-Month,UPI,83.74,969.51,DSL,Yes,Yes,3,2,10,8.0,0
C107347,Male,22,13,Month-to-Month,Bank Transfer,44.25,542.6,Fiber Optic,No,No,2,2,13,5.9,0
C107348,Female,36,56,One Year,Electronic Check,81.96,4360.51,No Internet,No,No,3,2,60,5.8,0
C107349,Female,29,28,Month-to-Month,UPI,69.94,2066.45,Fiber Optic,No,Yes,0,2,7,7.9,0
C107350,Male,42,64,Month-to-Month,Electronic Check,102.85,7095.47,DSL,Yes,Yes,1,3,9,4.8,0
C107351,Male,42,64,One Year,UPI,62.15,4064.06,DSL,No,No,0,1,18,8.1,0
C107352,Male,44,70,Month-to-Month,Bank Transfer,47.55,3391.0,Fiber Optic,Yes,Yes,3,3,22,6.2,0
C107353,Female,41,55,Month-to-Month,UPI,42.98,2379.25,No Internet,No,No,1,2,5,7.5,0
C107354,Male,31,37,Two Year,Electronic Check,72.93,2588.13,Fiber Optic,No,Yes,5,2,8,4.4,0
C107355,Female,35,33,Month-to-Month,UPI,102.73,3139.38,DSL,No,Yes,1,2,2,6.2,0
C107356,Female,49,25,Two Year,Bank Transfer,70.36,1745.01,DSL,No,Yes,1,3,7,7.2,0
C107357,Female,51,23,Two Year,Electronic Check,105.48,2560.72,Fiber Optic,Yes,Yes,0,4,42,6.2,1
C107358,Male,24,60,Month-to-Month,UPI,66.86,4261.0,Fiber Optic,No,Yes,2,0,14,7.1,0
C107359,Female,20,56,Two Year,UPI,104.59,5862.28,Fiber Optic,No,No,1,6,3,6.5,0
C107360,Female,29,63,Two Year,Bank Transfer,97.27,6559.1,No Internet,No,Yes,0,3,30,7.9,0
C107361,Male,51,8,Two Year,Credit Card,91.99,743.44,DSL,Yes,Yes,1,1,17,5.7,0
C107362,Female,53,17,One Year,Credit Card,72.02,1275.17,DSL,Yes,Yes,0,3,8,6.7,1
C107363,Female,27,57,Two Year,Bank Transfer,77.1,4353.86,Fiber Optic,No,No,0,2,9,9.9,0
C107364,Male,42,62,One Year,UPI,74.37,4302.66,Fiber Optic,Yes,Yes,2,1,7,,0
C107365,Male,60,11,Two Year,Credit Card,86.6,1004.08,No Internet,No,No,0,3,11,7.2,0
C107366,Male,43,67,One Year,Electronic Check,78.63,5641.72,No Internet,Yes,No,2,3,11,5.8,0
C107367,Female,55,40,Two Year,Credit Card,98.95,4099.57,No Internet,No,No,1,2,14,5.8,0
C107368,Male,50,40,Month-to-Month,Bank Transfer,39.09,1540.83,No Internet,No,No,1,4,8,6.1,0
C107369,Female,27,56,One Year,Bank Transfer,81.73,4840.76,DSL,Yes,Yes,1,6,12,4.9,0
C107370,Female,36,53,Two Year,Credit Card,106.92,5785.54,Fiber Optic,No,Yes,5,1,16,4.7,0
C107371,Female,38,28,Month-to-Month,Electronic Check,84.97,2189.89,Fiber Optic,No,No,0,2,1,9.0,1
C107372,Male,39,42,Month-to-Month,Electronic Check,60.7,2726.96,No Internet,Yes,No,1,2,12,7.4,0
C107373,Female,49,46,Month-to-Month,Credit Card,82.27,3761.98,No Internet,No,Yes,2,5,21,7.4,0
C107374,Male,43,18,Two Year,Credit Card,106.36,1814.73,Fiber Optic,No,Yes,0,3,2,8.6,0
C107375,Male,18,23,Two Year,Credit Card,92.49,2019.38,DSL,Yes,Yes,4,0,16,5.3,1
C107376,Female,22,26,Month-to-Month,UPI,98.0,2483.27,DSL,No,Yes,3,1,19,7.3,1
C107377,Male,18,29,Two Year,Credit Card,68.4,1838.4,DSL,No,Yes,2,3,15,5.2,0
C107378,Female,40,52,Month-to-Month,Credit Card,78.66,3963.04,No Internet,Yes,Yes,2,2,19,7.7,0
C107379,Male,41,46,Month-to-Month,Credit Card,105.93,4554.03,DSL,Yes,No,0,3,22,6.4,0
C107380,Male,41,1,One Year,Bank Transfer,39.89,37.99,DSL,No,Yes,2,2,2,5.1,1
C107381,Male,26,63,Month-to-Month,Electronic Check,137.75,8009.05,Fiber Optic,No,No,0,2,8,6.7,0
C107382,Female,46,16,Month-to-Month,UPI,61.36,1010.19,Fiber Optic,No,Yes,4,1,13,6.2,1
C107383,Female,47,25,One Year,Electronic Check,84.47,2137.29,Fiber Optic,No,Yes,0,1,11,6.7,0
C107384,Female,23,62,Month-to-Month,Bank Transfer,65.94,3821.51,Fiber Optic,Yes,No,0,1,18,8.7,0
C107385,Male,20,16,One Year,Bank Transfer,96.64,1614.37,Fiber Optic,No,Yes,3,7,5,5.9,1
C107386,Male,38,69,Month-to-Month,Electronic Check,85.16,6052.84,DSL,Yes,Yes,1,2,19,5.7,0
C107387,Female,60,70,Two Year,UPI,102.15,6755.11,Fiber Optic,Yes,Yes,1,3,12,5.6,1
C107388,Male,58,34,Two Year,Electronic Check,88.68,2793.89,Fiber Optic,No,No,3,4,9,5.0,0
C107389,Male,45,53,One Year,Credit Card,74.35,3710.45,Fiber Optic,No,No,1,1,1,7.4,0
C107390,Female,29,23,Month-to-Month,Credit Card,80.3,1733.69,DSL,Yes,No,1,4,12,6.2,0
C107391,Male,49,43,Two Year,UPI,93.13,4075.29,DSL,Yes,No,1,0,13,8.1,0
C107392,Female,33,44,Month-to-Month,Electronic Check,80.83,3301.15,Fiber Optic,Yes,Yes,2,3,13,4.7,0
C107393,Female,29,32,Month-to-Month,Credit Card,79.24,2458.98,DSL,Yes,Yes,2,1,2,7.4,0
C107394,Male,18,23,Month-to-Month,Electronic Check,89.85,2019.93,Fiber Optic,No,Yes,2,2,17,5.6,0
C107395,Male,39,20,Two Year,Bank Transfer,84.19,1572.18,DSL,Yes,No,2,0,20,4.5,1
C107396,Male,30,19,Two Year,Bank Transfer,88.87,1646.19,Fiber Optic,No,Yes,4,2,36,4.8,1
C107397,Female,39,72,Two Year,Electronic Check,105.86,7702.68,Fiber Optic,No,No,2,1,8,5.1,1
C107398,Female,18,29,One Year,Electronic Check,68.01,1916.18,Fiber Optic,No,Yes,1,1,6,7.0,0
C107399,Male,40,18,Month-to-Month,Electronic Check,84.68,1629.27,Fiber Optic,No,Yes,2,0,25,,1
C107400,Male,18,69,Two Year,UPI,70.53,4699.9,DSL,No,Yes,1,3,19,7.6,0
C107401,Female,51,12,Month-to-Month,UPI,105.93,1301.86,Fiber Optic,No,No,1,2,37,5.9,1
C107402,Female,44,10,Month-to-Month,Credit Card,85.08,856.07,DSL,No,Yes,0,4,22,6.5,0
C107403,Male,35,37,Month-to-Month,UPI,74.87,2714.86,No Internet,No,No,3,2,29,5.3,0
C107404,Male,45,55,Month-to-Month,Credit Card,115.78,6845.63,Fiber Optic,Yes,Yes,2,2,14,6.0,1
C107405,Male,26,4,Two Year,Credit Card,95.7,404.78,DSL,Yes,No,0,8,13,4.2,0
C107406,Female,39,63,Month-to-Month,Credit Card,63.68,3819.7,Fiber Optic,Yes,No,2,2,7,6.3,0
C107407,Female,48,12,Month-to-Month,Bank Transfer,65.81,849.42,Fiber Optic,Yes,No,1,1,35,6.3,0
C107408,Male,18,18,One Year,Electronic Check,106.72,1773.15,Fiber Optic,No,Yes,0,0,11,7.6,0
C107409,Female,33,8,Month-to-Month,Credit Card,54.82,404.24,Fiber Optic,No,Yes,0,2,3,7.0,0
C107410,Male,38,32,Month-to-Month,UPI,83.88,2510.41,DSL,Yes,Yes,3,0,11,3.8,1
C107411,Male,36,49,Two Year,UPI,89.16,4267.94,No Internet,No,Yes,0,1,16,8.3,0
C107412,Male,55,63,Month-to-Month,Electronic Check,95.0,5855.68,DSL,No,No,1,2,1,7.5,0
C107413,Female,25,59,One Year,Bank Transfer,60.02,3289.51,Fiber Optic,Yes,Yes,0,2,3,8.7,0
C107414,Male,31,67,Month-to-Month,Electronic Check,80.18,5580.96,Fiber Optic,Yes,No,3,3,12,4.9,0
C107415,Female,18,39,Month-to-Month,Electronic Check,56.16,2127.47,No Internet,Yes,Yes,0,2,4,9.8,0
C107416,Male,56,50,One Year,Electronic Check,68.35,3662.47,DSL,No,No,0,3,0,8.2,0
C107417,Male,35,71,Month-to-Month,Credit Card,95.29,7304.93,Fiber Optic,No,No,1,1,19,6.9,1
C107418,Male,33,26,Month-to-Month,Credit Card,57.68,1545.32,DSL,No,No,2,3,23,5.7,0
C107419,Female,37,23,Month-to-Month,Electronic Check,82.38,1778.11,DSL,No,Yes,0,2,22,6.4,1
C107420,Male,46,63,Month-to-Month,Electronic Check,75.15,4747.46,DSL,No,Yes,1,1,9,5.6,0
C107421,Female,42,66,Month-to-Month,Credit Card,48.25,3329.59,No Internet,Yes,Yes,3,1,9,7.2,0
C107422,Male,70,39,Month-to-Month,Electronic Check,69.68,2899.37,DSL,Yes,No,4,3,12,4.8,1
C107423,Male,43,66,Month-to-Month,Electronic Check,94.55,6167.05,DSL,No,Yes,0,2,16,6.2,0
C107424,Male,32,46,Two Year,UPI,94.27,3989.67,No Internet,No,No,0,2,35,8.2,0
C107425,Male,31,15,Month-to-Month,Credit Card,125.3,1851.48,No Internet,No,Yes,0,2,3,8.0,1
C107426,Male,33,16,Month-to-Month,Bank Transfer,73.19,1184.65,No Internet,Yes,No,1,4,16,7.8,0
C107427,Male,20,72,One Year,Credit Card,64.37,4346.19,Fiber Optic,No,Yes,2,1,12,6.5,0
C107428,Female,38,16,Two Year,Electronic Check,75.68,1239.19,Fiber Optic,No,No,0,4,8,8.5,0
C107429,Female,47,39,Month-to-Month,Credit Card,62.42,2458.81,DSL,Yes,Yes,2,1,16,9.9,0
C107430,Male,31,11,Month-to-Month,UPI,76.31,836.43,DSL,No,Yes,2,0,7,6.5,0
C107431,Male,28,36,Month-to-Month,Electronic Check,79.8,2892.27,Fiber Optic,No,No,0,2,12,8.4,0
C107432,Male,56,18,Month-to-Month,UPI,111.11,1849.53,DSL,No,Yes,4,2,9,4.5,1
C107433,Male,21,23,Month-to-Month,Bank Transfer,42.99,1028.78,DSL,No,No,1,2,37,8.1,0
C107434,Male,18,49,Month-to-Month,UPI,95.99,4853.09,Fiber Optic,Yes,Yes,6,0,9,4.8,1
C107435,Female,24,42,Month-to-Month,UPI,52.11,2083.84,DSL,No,No,2,1,7,8.1,0
C107436,Male,20,44,Month-to-Month,UPI,95.82,3930.5,Fiber Optic,No,No,3,1,11,6.4,0
C107437,Male,43,1,Month-to-Month,Electronic Check,91.87,90.29,No Internet,No,No,2,3,12,5.6,0
C107438,Male,34,7,One Year,Electronic Check,112.53,820.16,Fiber Optic,Yes,Yes,0,3,12,9.3,0
C107439,Male,35,48,Month-to-Month,Credit Card,68.36,3226.34,Fiber Optic,No,Yes,2,2,11,7.7,1
C107440,Female,52,16,Month-to-Month,Bank Transfer,93.13,1543.16,DSL,No,No,1,1,7,6.8,0
C107441,Male,30,48,Month-to-Month,Bank Transfer,75.37,3777.77,Fiber Optic,Yes,Yes,1,0,17,7.2,0
C107442,Male,47,43,Month-to-Month,Electronic Check,94.33,3761.49,Fiber Optic,No,No,0,4,5,8.4,0
C107443,Female,56,51,Two Year,Bank Transfer,64.59,3238.95,DSL,Yes,Yes,3,2,21,6.7,0
C107444,Male,33,66,Two Year,Electronic Check,86.74,6172.11,Fiber Optic,Yes,No,2,1,43,6.3,1
C107445,Female,47,31,Month-to-Month,Credit Card,85.32,2444.45,DSL,No,Yes,1,2,3,7.7,0
C107446,Female,35,39,Month-to-Month,Bank Transfer,124.23,5151.13,Fiber Optic,No,Yes,0,1,6,8.6,0
C107447,Male,49,9,One Year,UPI,49.53,418.45,Fiber Optic,No,Yes,2,1,9,7.7,1
C107448,Female,19,41,Month-to-Month,Bank Transfer,115.03,4799.63,No Internet,Yes,Yes,0,1,43,5.2,0
C107449,Male,18,63,Two Year,UPI,69.53,4695.6,Fiber Optic,Yes,No,2,1,16,6.5,0
C107450,Female,33,14,Month-to-Month,UPI,64.05,913.34,No Internet,Yes,Yes,1,3,9,6.3,1
C107451,Male,27,58,One Year,Credit Card,66.29,3654.2,Fiber Optic,Yes,No,1,1,1,9.7,0
C107452,Male,32,64,Month-to-Month,Electronic Check,126.34,7707.29,DSL,No,Yes,4,3,16,4.4,1
C107453,Female,35,28,Month-to-Month,Electronic Check,77.01,1994.18,No Internet,Yes,No,0,2,14,6.8,1
C107454,Female,47,4,Month-to-Month,UPI,76.27,298.04,Fiber Optic,Yes,No,2,3,21,6.2,1
C107455,Female,33,34,One Year,Credit Card,63.85,2200.34,DSL,Yes,Yes,2,4,25,5.9,0
C107456,Female,28,4,One Year,Credit Card,87.14,365.87,Fiber Optic,Yes,Yes,1,2,4,8.4,0
C107457,Male,34,70,Two Year,Electronic Check,45.2,3205.88,Fiber Optic,No,No,1,0,15,8.4,0
C107458,Male,29,58,Month-to-Month,Electronic Check,77.81,4810.52,DSL,No,Yes,1,3,19,7.0,0
C107459,Male,27,4,One Year,Electronic Check,89.32,368.22,DSL,No,Yes,1,2,26,6.6,0
C107460,Male,19,50,Month-to-Month,Credit Card,73.62,3712.17,DSL,Yes,Yes,1,1,7,7.6,0
C107461,Male,39,5,One Year,Bank Transfer,98.03,467.1,DSL,No,No,1,4,4,6.1,1
C107462,Female,31,45,Month-to-Month,Credit Card,61.19,2879.17,No Internet,Yes,No,3,3,17,6.8,0
C107463,Male,50,35,One Year,UPI,84.04,2848.67,Fiber Optic,No,Yes,1,4,6,6.9,0
C107464,Male,21,27,Two Year,Bank Transfer,57.55,1509.32,DSL,No,Yes,2,4,13,5.5,0
C107465,Male,31,2,Two Year,UPI,112.31,210.46,Fiber Optic,Yes,Yes,0,0,10,9.0,0
C107466,Female,60,54,Month-to-Month,Electronic Check,64.14,3214.67,Fiber Optic,No,No,2,2,6,7.9,0
C107467,Female,27,72,Month-to-Month,Credit Card,121.17,8661.81,Fiber Optic,No,Yes,0,1,14,7.8,0
C107468,Female,35,48,Two Year,Electronic Check,59.86,2699.83,DSL,No,No,1,4,4,6.0,0
C107469,Male,23,49,Two Year,UPI,99.83,4765.34,Fiber Optic,No,No,1,3,15,,0
C107470,Female,22,1,Month-to-Month,Electronic Check,59.4,62.61,DSL,Yes,No,2,4,31,6.2,1
C107471,Male,57,33,Two Year,UPI,59.74,1917.63,Fiber Optic,No,No,3,0,9,6.2,0
C107472,Female,40,35,Two Year,UPI,83.59,2982.07,DSL,No,Yes,1,3,10,5.6,0
C107473,Male,40,54,Month-to-Month,Credit Card,50.59,2885.26,DSL,Yes,Yes,2,2,19,5.9,0
C107474,Male,18,56,One Year,Credit Card,130.43,6894.07,DSL,No,Yes,0,4,15,6.2,0
C107475,Male,42,15,One Year,Bank Transfer,95.4,1533.25,Fiber Optic,No,Yes,0,5,13,7.2,0
C107476,Female,52,69,One Year,Bank Transfer,89.77,6253.8,Fiber Optic,No,Yes,1,5,21,5.5,0
C107477,Male,52,4,Month-to-Month,Bank Transfer,31.74,131.75,Fiber Optic,Yes,No,4,0,11,5.3,0
C107478,Female,46,64,Month-to-Month,Electronic Check,95.53,6464.3,Fiber Optic,Yes,Yes,0,4,13,7.4,0
C107479,Male,24,22,Month-to-Month,Bank Transfer,96.84,2225.6,DSL,No,Yes,0,4,25,7.4,0
C107480,Male,42,24,One Year,Electronic Check,76.72,1765.02,Fiber Optic,No,Yes,1,3,12,7.9,0
C107481,Male,46,47,Two Year,Credit Card,87.69,3957.29,Fiber Optic,Yes,Yes,1,3,9,7.4,0
C107482,Male,18,6,One Year,Electronic Check,97.68,555.92,Fiber Optic,No,Yes,0,0,11,8.6,1
C107483,Male,25,27,Month-to-Month,UPI,119.3,3064.03,Fiber Optic,Yes,No,3,4,13,3.5,1
C107484,Male,49,10,Two Year,Credit Card,63.93,670.45,Fiber Optic,No,Yes,3,1,13,7.0,0
C107485,Female,49,39,Month-to-Month,Credit Card,100.16,3943.98,DSL,No,No,2,2,7,6.7,0
C107486,Male,19,37,Two Year,Electronic Check,96.3,3351.41,No Internet,No,Yes,1,0,13,6.0,0
C107487,Female,48,54,One Year,UPI,50.43,2640.0,DSL,No,Yes,0,3,12,7.3,0
C107488,Female,39,51,One Year,Electronic Check,49.07,2333.33,Fiber Optic,No,Yes,2,4,11,3.6,1
C107489,Female,47,60,One Year,Credit Card,58.99,3725.02,DSL,Yes,Yes,1,3,3,6.8,0
C107490,Male,30,72,Month-to-Month,UPI,65.4,4795.73,DSL,Yes,No,1,1,7,7.5,0
C107491,Male,46,51,Month-to-Month,Electronic Check,50.36,2430.46,DSL,No,Yes,2,2,13,7.6,0
C107492,Male,48,62,Month-to-Month,Bank Transfer,87.72,5732.05,DSL,Yes,Yes,0,1,19,7.2,0
C107493,Female,34,49,One Year,Electronic Check,50.28,2620.21,DSL,No,No,1,4,12,5.5,0
C107494,Female,38,51,Month-to-Month,Credit Card,96.31,5073.29,Fiber Optic,No,No,0,4,20,7.9,0
C107495,Male,30,28,One Year,Credit Card,82.1,2297.93,Fiber Optic,Yes,Yes,2,0,5,7.9,0
C107496,Male,58,36,Two Year,UPI,79.37,2981.83,Fiber Optic,Yes,No,1,1,10,6.7,0
C107497,Female,37,25,Month-to-Month,Electronic Check,109.63,2689.57,Fiber Optic,Yes,No,2,1,10,6.9,1
C107498,Male,27,36,One Year,Credit Card,103.76,3703.86,No Internet,No,Yes,1,0,10,8.9,0
C107499,Female,29,60,Two Year,UPI,90.51,5369.34,DSL,No,No,2,2,13,5.1,0
C107500,Female,40,7,Month-to-Month,UPI,48.09,362.22,DSL,No,No,0,3,9,7.6,0
C107501,Female,47,65,Two Year,Credit Card,64.91,4104.63,Fiber Optic,No,Yes,0,0,4,10.0,0
C107502,Male,22,36,Month-to-Month,Electronic Check,66.98,2409.94,DSL,No,Yes,1,3,15,6.1,0
C107503,Male,60,30,Month-to-Month,Credit Card,126.26,4021.88,Fiber Optic,No,No,2,1,11,7.8,0
C107504,Female,42,47,Two Year,Bank Transfer,51.96,2280.14,DSL,No,Yes,2,2,8,6.1,0
C107505,Female,44,29,Two Year,Electronic Check,98.37,2756.73,Fiber Optic,No,No,1,2,10,4.7,0
C107506,Male,37,5,Month-to-Month,Bank Transfer,48.99,254.79,DSL,Yes,Yes,2,1,9,5.8,1
C107507,Male,38,65,Month-to-Month,Credit Card,88.28,5957.06,DSL,No,No,2,3,7,6.8,1
C107508,Female,36,69,Two Year,Electronic Check,67.24,4681.82,Fiber Optic,Yes,No,2,7,42,4.8,0
C107509,Female,50,63,Two Year,Bank Transfer,90.66,5889.45,No Internet,No,Yes,1,1,20,6.6,0
C107510,Female,38,56,One Year,Bank Transfer,54.62,2952.82,DSL,No,No,0,1,10,8.2,1
C107511,Female,47,17,Month-to-Month,Bank Transfer,75.38,1311.83,Fiber Optic,Yes,Yes,1,2,30,8.6,1
C107512,Male,33,51,One Year,Bank Transfer,71.73,3393.37,DSL,Yes,No,2,2,24,5.1,0
C107513,Male,40,37,Month-to-Month,Electronic Check,58.61,2337.06,DSL,Yes,No,1,2,18,6.2,0
C107514,Female,28,9,Two Year,Bank Transfer,56.06,515.87,No Internet,No,Yes,1,4,17,7.1,0
C107515,Female,53,38,Month-to-Month,UPI,74.01,2668.09,Fiber Optic,No,No,1,2,24,5.7,0
C107516,Male,28,53,One Year,Credit Card,84.46,4634.9,DSL,Yes,Yes,0,1,10,8.7,0
C107517,Male,34,13,Month-to-Month,Credit Card,25.0,332.24,DSL,No,Yes,2,2,6,6.9,0
C107518,Female,34,53,Month-to-Month,,89.25,5081.63,Fiber Optic,No,No,2,4,11,5.2,0
C107519,Male,34,49,One Year,Electronic Check,42.02,1989.45,DSL,No,Yes,4,2,12,3.9,0
C107520,Male,47,70,Month-to-Month,Credit Card,96.95,6304.77,Fiber Optic,No,Yes,2,2,16,6.3,0
C107521,Male,34,35,Two Year,UPI,138.65,4606.85,Fiber Optic,Yes,Yes,2,3,4,5.8,0
C107522,Female,55,16,One Year,Credit Card,70.59,1114.76,DSL,No,No,3,2,20,5.0,0
C107523,Female,28,13,Month-to-Month,UPI,94.22,1173.42,Fiber Optic,No,Yes,1,2,28,7.1,1
C107524,Male,40,11,One Year,Electronic Check,64.66,738.94,Fiber Optic,Yes,Yes,0,4,11,7.4,0
C107525,Female,29,2,One Year,Credit Card,74.89,138.94,No Internet,No,Yes,0,2,18,6.5,1
C107526,Female,43,19,Month-to-Month,UPI,38.81,693.57,DSL,Yes,No,0,0,11,7.3,0
C107527,Female,38,45,Month-to-Month,Electronic Check,99.5,4340.41,DSL,No,No,1,0,20,7.0,0
C107528,Female,36,46,Month-to-Month,UPI,47.89,2224.18,DSL,Yes,No,2,4,18,6.3,0
C107529,Male,52,47,Month-to-Month,Credit Card,71.13,3231.76,DSL,No,No,1,3,19,5.0,0
C107530,Male,30,49,Month-to-Month,UPI,112.7,5576.82,DSL,No,No,1,3,13,5.2,0
C107531,Male,45,42,Two Year,UPI,70.75,2881.87,DSL,Yes,No,2,4,12,5.9,0
C107532,Male,29,33,One Year,Credit Card,76.6,2632.96,DSL,No,Yes,0,1,3,9.0,0
C107533,Male,39,41,Month-to-Month,Bank Transfer,91.84,3910.98,Fiber Optic,No,No,3,4,9,4.7,1
C107534,Female,24,69,One Year,Credit Card,116.58,8417.46,Fiber Optic,No,No,0,7,12,7.1,0
C107535,Female,30,19,One Year,UPI,77.63,1582.74,Fiber Optic,Yes,No,1,1,10,7.0,0
C107536,Female,37,39,Month-to-Month,Credit Card,125.96,5168.55,Fiber Optic,No,Yes,1,5,24,5.0,1
C107537,Male,60,7,Month-to-Month,UPI,98.67,727.04,Fiber Optic,No,Yes,0,1,2,8.2,0
C107538,Male,39,39,One Year,Electronic Check,105.41,4032.76,Fiber Optic,Yes,Yes,0,3,8,7.1,0
C107539,Male,58,34,Month-to-Month,Bank Transfer,93.8,3092.84,DSL,Yes,No,3,1,1,8.5,0
C107540,Male,41,44,Two Year,Electronic Check,79.68,3349.87,DSL,No,No,0,2,4,9.1,0
C107541,Male,33,69,Month-to-Month,Electronic Check,74.08,5065.45,No Internet,Yes,Yes,3,4,19,5.6,0
C107542,Female,56,68,One Year,Credit Card,70.64,4708.46,DSL,No,No,2,1,27,4.1,0
C107543,Female,43,63,One Year,Credit Card,72.62,4371.06,Fiber Optic,No,Yes,2,1,3,7.1,0
C107544,Male,30,71,Month-to-Month,Electronic Check,68.27,4460.79,Fiber Optic,Yes,Yes,4,3,22,3.5,1
C107545,Male,44,48,Month-to-Month,Credit Card,65.58,3125.48,DSL,No,No,3,0,10,5.6,0
C107546,Female,34,3,One Year,UPI,82.93,267.92,Fiber Optic,No,Yes,2,0,10,7.3,0
C107547,Male,18,34,Two Year,Credit Card,71.83,2532.08,Fiber Optic,Yes,No,4,0,5,4.8,0
C107548,Female,49,9,One Year,Credit Card,52.65,507.18,DSL,No,No,0,1,3,8.0,0
C107549,Female,51,61,Two Year,UPI,99.17,6049.68,Fiber Optic,Yes,No,0,1,25,5.5,0
C107550,Female,60,20,Month-to-Month,Credit Card,112.29,2420.66,DSL,No,No,1,0,26,6.3,1
C107551,Male,43,40,Month-to-Month,Electronic Check,118.75,4521.37,DSL,No,No,1,1,12,6.6,1
C107552,Female,35,12,One Year,Bank Transfer,89.48,1082.81,DSL,No,No,0,0,12,8.5,0
C107553,Male,48,28,Month-to-Month,Electronic Check,55.78,1501.98,Fiber Optic,No,Yes,1,3,21,6.4,0
C107554,Female,48,48,Month-to-Month,Electronic Check,115.32,5295.09,DSL,Yes,No,1,2,7,6.2,0
C107555,Male,58,7,One Year,Credit Card,98.12,734.71,Fiber Optic,Yes,No,3,5,8,6.0,1
C107556,Male,37,14,Two Year,Credit Card,95.87,1358.66,No Internet,No,No,1,1,6,9.5,0
C107557,Male,36,19,Month-to-Month,Bank Transfer,120.07,2129.31,Fiber Optic,No,Yes,2,3,3,7.4,0
C107558,Female,29,54,Month-to-Month,Credit Card,123.37,6520.78,Fiber Optic,Yes,Yes,4,3,7,6.2,1
C107559,Female,44,60,Two Year,Bank Transfer,87.12,5509.93,Fiber Optic,No,No,1,3,5,7.0,0
C107560,Female,19,67,Month-to-Month,Bank Transfer,70.95,4444.63,Fiber Optic,No,Yes,2,4,29,5.7,1
C107561,Female,47,34,Month-to-Month,Electronic Check,112.93,3545.9,Fiber Optic,No,No,1,0,19,6.1,0
C107562,Male,45,41,One Year,Electronic Check,25.0,1081.7,DSL,Yes,Yes,0,2,24,4.8,1
C107563,Female,45,31,Month-to-Month,Electronic Check,59.48,1897.42,DSL,Yes,Yes,1,0,5,6.0,1
C107564,Male,40,39,Month-to-Month,Bank Transfer,120.28,4368.28,DSL,No,Yes,5,3,6,6.0,1
C107565,Female,56,52,Month-to-Month,UPI,65.33,3225.25,No Internet,No,Yes,2,0,9,9.3,0
C107566,Female,48,47,Month-to-Month,Credit Card,121.85,5333.77,Fiber Optic,No,No,4,1,9,6.4,0
C107567,Male,31,20,One Year,UPI,73.86,1375.44,Fiber Optic,Yes,Yes,2,2,6,6.6,0
C107568,Female,31,52,Month-to-Month,Electronic Check,51.69,2859.94,DSL,No,Yes,0,1,25,6.9,0
C107569,Male,27,71,Month-to-Month,UPI,95.6,7063.04,Fiber Optic,No,Yes,0,4,14,6.0,0
C107570,Male,45,62,One Year,UPI,103.19,6411.03,Fiber Optic,Yes,No,0,2,10,7.9,0
C107571,Female,26,5,Two Year,Credit Card,69.87,339.23,DSL,No,Yes,0,4,18,7.4,1
C107572,Male,51,57,Two Year,Electronic Check,93.62,5431.42,Fiber Optic,No,No,2,2,38,5.4,0
C107573,Female,54,4,Two Year,Credit Card,87.55,338.19,DSL,Yes,Yes,0,4,2,7.3,0
C107574,Male,27,11,Month-to-Month,Electronic Check,96.83,1004.15,Fiber Optic,No,Yes,2,5,24,5.9,1
C107575,Male,36,19,Month-to-Month,Credit Card,144.34,2736.65,No Internet,No,Yes,1,3,7,7.3,0
C107576,Female,38,27,One Year,Bank Transfer,76.33,2174.76,Fiber Optic,No,Yes,2,2,22,5.3,1
C107577,Female,49,29,Month-to-Month,Bank Transfer,88.7,2648.35,DSL,No,Yes,1,2,13,6.5,0
C107578,Female,57,18,One Year,Credit Card,66.48,1251.18,DSL,No,Yes,2,4,20,4.5,1
C107579,Female,18,37,Month-to-Month,Credit Card,60.74,2131.89,Fiber Optic,No,No,0,4,16,8.0,1
C107580,Female,34,61,Month-to-Month,UPI,87.64,5740.85,Fiber Optic,No,Yes,3,2,4,5.8,0
C107581,Male,35,47,Month-to-Month,Electronic Check,43.9,1923.13,DSL,No,Yes,0,4,16,7.3,1
C107582,Male,21,20,Month-to-Month,UPI,90.13,1805.6,DSL,Yes,Yes,1,3,4,8.0,0
C107583,Male,32,70,One Year,Credit Card,84.12,5767.93,DSL,Yes,No,1,3,1,7.3,0
C107584,Female,43,49,One Year,Electronic Check,73.3,3644.72,Fiber Optic,No,No,0,1,16,8.3,0
C107585,Female,35,15,Month-to-Month,Electronic Check,70.19,1127.1,No Internet,Yes,No,1,2,9,7.0,1
C107586,Male,19,18,Two Year,Electronic Check,107.79,1819.33,DSL,Yes,Yes,2,2,7,6.0,1
C107587,Female,72,38,Month-to-Month,Electronic Check,83.84,2998.37,Fiber Optic,Yes,Yes,1,3,6,7.6,0
C107588,Female,41,22,Two Year,Credit Card,57.58,1233.28,DSL,Yes,Yes,2,3,8,7.0,0
C107589,Male,39,60,One Year,Credit Card,76.02,4664.27,Fiber Optic,No,Yes,1,2,16,6.7,0
C107590,Male,25,66,One Year,Credit Card,103.25,6428.9,DSL,No,Yes,0,4,3,6.9,0
C107591,Female,41,26,Two Year,Electronic Check,129.57,3169.68,Fiber Optic,Yes,Yes,1,1,9,6.8,0
C107592,Female,36,64,Two Year,Bank Transfer,78.95,5288.62,DSL,Yes,No,1,2,17,,0
C107593,Female,18,58,Month-to-Month,Bank Transfer,85.4,5186.86,DSL,No,Yes,2,0,1,8.4,0
C107594,Male,25,3,Month-to-Month,UPI,70.4,217.3,DSL,No,No,0,2,2,7.4,0
C107595,Female,48,30,Month-to-Month,Electronic Check,74.24,2195.31,DSL,No,Yes,3,1,10,6.1,1
C107596,Male,61,19,Month-to-Month,UPI,57.9,1113.07,DSL,No,Yes,2,4,13,7.0,1
C107597,Male,42,10,One Year,Electronic Check,75.3,766.86,No Internet,No,No,2,3,17,4.9,1
C107598,Female,51,46,One Year,Electronic Check,68.67,3249.34,DSL,No,No,1,1,30,7.4,0
C107599,Male,36,19,Month-to-Month,Bank Transfer,46.91,853.3,DSL,Yes,Yes,0,2,12,6.6,0
C107600,Female,37,58,Month-to-Month,Credit Card,95.65,5561.57,Fiber Optic,No,Yes,3,1,5,5.1,0
C107601,Male,51,6,One Year,Electronic Check,63.89,413.9,Fiber Optic,No,Yes,1,5,8,7.4,0
C107602,Female,58,51,Month-to-Month,Electronic Check,25.0,1208.89,Fiber Optic,No,Yes,1,1,8,7.8,0
C107603,Female,54,14,One Year,Bank Transfer,76.93,1004.22,DSL,No,Yes,2,6,16,5.2,1
C107604,Male,25,58,Month-to-Month,Credit Card,74.97,4048.53,Fiber Optic,No,Yes,2,1,7,9.3,0
C107605,Female,37,8,Month-to-Month,Electronic Check,77.06,632.96,Fiber Optic,Yes,Yes,4,1,41,4.1,1
C107606,Male,41,2,Two Year,UPI,107.14,225.07,Fiber Optic,No,Yes,1,1,26,5.6,0
C107607,Female,35,18,Month-to-Month,Credit Card,43.64,752.5,No Internet,Yes,Yes,1,1,3,8.5,0
C107608,Male,43,57,One Year,Credit Card,111.7,5892.41,DSL,No,Yes,1,3,5,7.9,0
C107609,Male,48,35,Month-to-Month,Credit Card,94.41,3417.85,Fiber Optic,No,No,3,5,7,4.8,1
C107610,Male,50,66,Month-to-Month,Electronic Check,108.89,7471.16,Fiber Optic,No,No,1,3,14,7.3,0
C107611,Male,58,56,Two Year,Electronic Check,62.6,3373.03,Fiber Optic,No,No,0,1,16,7.4,0
C107612,Female,34,43,One Year,UPI,125.33,4970.97,DSL,No,Yes,1,5,14,6.8,0
C107613,Male,22,72,Two Year,Electronic Check,80.37,6063.96,Fiber Optic,No,Yes,2,3,3,5.9,0
C107614,Male,42,8,Two Year,Bank Transfer,68.33,534.48,No Internet,No,No,0,2,42,6.0,1
C107615,Male,61,5,Month-to-Month,Electronic Check,96.41,483.57,Fiber Optic,Yes,Yes,1,2,30,6.0,0
C107616,Male,32,13,Two Year,Electronic Check,82.44,1140.31,No Internet,No,Yes,2,2,30,5.6,1
C107617,Female,46,7,Month-to-Month,Electronic Check,85.94,573.24,No Internet,No,No,3,1,14,5.7,1
C107618,Female,46,21,Month-to-Month,Credit Card,84.4,1667.56,DSL,No,Yes,0,2,21,7.1,1
C107619,Male,40,37,One Year,Credit Card,40.25,1508.8,No Internet,Yes,Yes,4,4,20,4.3,0
C107620,Female,38,45,Month-to-Month,Credit Card,96.83,4473.13,DSL,No,Yes,3,2,14,6.2,0
C107621,Female,27,52,Two Year,Bank Transfer,102.4,5234.08,Fiber Optic,No,Yes,1,0,21,7.0,0
C107622,Male,18,48,Month-to-Month,Bank Transfer,56.62,2514.21,No Internet,Yes,Yes,0,4,7,6.2,0
C107623,Female,25,62,Month-to-Month,Bank Transfer,61.57,3566.45,Fiber Optic,No,Yes,0,3,10,8.2,0
C107624,Male,33,51,Month-to-Month,Credit Card,88.65,4353.02,DSL,No,Yes,0,2,20,7.3,0
C107625,Female,51,4,Month-to-Month,Credit Card,93.1,355.74,Fiber Optic,Yes,No,1,2,6,4.4,0
C107626,Female,37,56,Month-to-Month,UPI,114.73,6234.64,Fiber Optic,No,Yes,0,0,4,7.9,0
C107627,Male,32,34,Month-to-Month,Credit Card,105.26,3601.01,DSL,No,Yes,2,1,20,5.6,0
C107628,Female,27,45,One Year,Electronic Check,131.48,5496.15,Fiber Optic,Yes,Yes,0,2,9,6.8,0
C107629,Female,46,16,Two Year,Credit Card,67.58,1033.95,DSL,No,Yes,1,4,7,6.4,0
C107630,Male,54,9,Month-to-Month,Electronic Check,66.88,630.82,Fiber Optic,No,Yes,2,2,10,5.4,0
C107631,Female,51,16,Month-to-Month,Electronic Check,48.13,729.22,No Internet,No,Yes,2,2,12,7.6,0
C107632,Male,45,31,Month-to-Month,Electronic Check,68.78,2063.7,Fiber Optic,No,No,0,0,7,9.0,0
C107633,Female,20,13,Month-to-Month,Bank Transfer,111.74,1442.64,Fiber Optic,No,Yes,1,1,18,8.3,1
C107634,Female,34,5,Month-to-Month,Credit Card,50.46,238.67,Fiber Optic,No,No,0,5,12,8.3,0
C107635,Male,61,47,Month-to-Month,Electronic Check,43.67,2137.49,DSL,Yes,No,2,4,9,7.7,0
C107636,Male,51,39,One Year,UPI,72.71,2621.55,Fiber Optic,Yes,Yes,1,6,10,7.2,0
C107637,Female,20,18,Month-to-Month,Credit Card,79.63,1416.94,DSL,Yes,No,1,0,9,8.6,0
C107638,Male,37,20,Month-to-Month,Bank Transfer,91.03,1834.22,DSL,Yes,No,0,5,3,5.8,1
C107639,Male,42,2,Two Year,Credit Card,89.05,167.39,Fiber Optic,Yes,Yes,0,2,14,6.4,0
C107640,Male,29,40,One Year,UPI,62.13,2559.85,No Internet,Yes,Yes,0,1,7,5.6,0
C107641,Male,18,30,Month-to-Month,Bank Transfer,108.74,3052.0,Fiber Optic,No,Yes,2,2,4,7.4,0
C107642,Male,39,10,One Year,Credit Card,71.22,718.6,DSL,No,Yes,1,1,14,,0
C107643,Male,29,64,One Year,UPI,25.0,1701.64,DSL,No,Yes,0,3,11,8.6,0
C107644,Male,29,42,One Year,Bank Transfer,101.37,4029.34,Fiber Optic,Yes,No,1,5,12,6.0,0
C107645,Female,34,53,Two Year,Credit Card,95.58,5123.26,DSL,No,Yes,0,2,3,8.3,0
C107646,Male,36,53,Month-to-Month,UPI,97.77,5450.74,DSL,Yes,No,0,2,18,6.5,0
C107647,Male,38,40,One Year,Electronic Check,69.22,2642.66,Fiber Optic,Yes,Yes,2,3,16,4.1,0
C107648,Male,27,16,Two Year,Electronic Check,98.09,1448.62,Fiber Optic,No,Yes,1,1,13,6.3,0
C107649,Female,35,48,One Year,UPI,107.31,4756.44,No Internet,Yes,Yes,1,2,3,8.0,0
C107650,Male,18,61,Two Year,Bank Transfer,117.81,6893.19,Fiber Optic,Yes,Yes,1,4,12,6.1,0
C107651,Male,42,38,Month-to-Month,Credit Card,68.54,2694.55,DSL,No,Yes,2,0,5,5.3,1
C107652,Male,18,44,Two Year,Electronic Check,64.07,2746.54,Fiber Optic,Yes,Yes,2,0,6,6.7,0
C107653,Female,35,15,Two Year,Electronic Check,52.61,786.54,DSL,No,Yes,1,1,12,6.5,0
C107654,Female,49,61,One Year,Credit Card,25.0,1417.1,Fiber Optic,Yes,No,2,4,23,6.7,0
C107655,Female,25,7,Month-to-Month,Electronic Check,75.75,562.61,No Internet,No,No,1,2,19,6.7,0
C107656,Female,47,30,Two Year,Electronic Check,48.21,1425.46,DSL,No,Yes,2,3,2,5.7,0
C107657,Female,52,36,Two Year,Bank Transfer,100.54,3786.27,DSL,No,No,0,3,10,7.4,0
C107658,Male,18,11,Month-to-Month,Electronic Check,53.18,539.73,Fiber Optic,Yes,No,1,2,51,4.7,1
C107659,Female,36,70,Month-to-Month,Credit Card,77.52,5599.86,DSL,No,No,1,3,27,5.3,1
C107660,Male,18,29,Two Year,Credit Card,48.95,1419.87,Fiber Optic,No,Yes,1,0,12,7.8,0
C107661,Female,37,6,One Year,UPI,106.46,614.23,Fiber Optic,No,Yes,1,0,18,6.6,0
C107662,Female,38,51,Month-to-Month,Credit Card,119.86,6323.94,Fiber Optic,Yes,No,2,1,7,7.0,0
C107663,Male,18,38,Two Year,Electronic Check,101.83,3863.63,No Internet,No,Yes,1,2,2,7.7,0
C107664,Male,61,22,Month-to-Month,Electronic Check,110.68,2474.41,Fiber Optic,No,Yes,1,6,7,5.1,0
C107665,Male,41,54,Two Year,Bank Transfer,104.49,5854.6,Fiber Optic,No,No,0,3,10,6.9,0
C107666,Female,28,40,One Year,Electronic Check,105.38,3938.31,DSL,No,Yes,3,1,20,6.3,0
C107667,Female,56,7,Two Year,UPI,70.57,508.96,DSL,No,Yes,1,3,10,6.9,0
C107668,Female,18,40,Month-to-Month,Credit Card,25.0,988.38,DSL,No,No,2,1,11,7.4,0
C107669,Male,23,24,Two Year,Credit Card,80.18,2056.84,DSL,No,No,1,6,3,8.2,0
C107670,Female,18,41,One Year,Bank Transfer,81.17,3529.55,Fiber Optic,No,No,2,5,2,6.6,0
C107671,Female,60,51,Month-to-Month,Electronic Check,101.61,5391.57,Fiber Optic,No,No,3,0,18,6.1,1
C107672,Female,42,39,Month-to-Month,Credit Card,103.67,4193.94,No Internet,Yes,Yes,2,0,3,5.6,0
C107673,Female,46,43,One Year,Electronic Check,90.2,4117.41,No Internet,No,Yes,3,1,10,4.0,0
C107674,Male,42,69,One Year,UPI,38.95,2814.75,Fiber Optic,No,Yes,2,3,5,4.8,0
C107675,Female,45,59,Two Year,Credit Card,55.45,3513.61,Fiber Optic,No,Yes,1,0,13,6.8,0
C107676,Female,39,25,One Year,Bank Transfer,73.85,1953.55,DSL,Yes,No,0,4,8,7.9,0
C107677,Female,41,25,Two Year,UPI,99.93,2430.09,Fiber Optic,No,No,1,1,2,7.6,0
C107678,Male,39,24,One Year,Bank Transfer,72.26,1789.16,Fiber Optic,Yes,Yes,2,2,11,7.1,0
C107679,Male,31,62,Month-to-Month,Credit Card,76.77,5038.4,Fiber Optic,No,No,2,1,10,6.4,0
C107680,Female,37,43,Month-to-Month,Bank Transfer,111.37,5026.57,Fiber Optic,No,Yes,1,1,13,6.9,0
C107681,Female,41,59,Month-to-Month,Credit Card,83.79,5040.64,Fiber Optic,No,No,0,0,21,7.0,0
C107682,Female,39,54,Month-to-Month,Credit Card,114.78,6201.71,Fiber Optic,Yes,No,2,1,25,5.5,1
C107683,Male,20,26,Month-to-Month,Credit Card,83.67,2030.42,Fiber Optic,No,No,1,2,6,7.3,0
C107684,Male,22,54,One Year,Electronic Check,76.58,4016.52,Fiber Optic,No,No,2,2,14,6.7,0
C107685,Female,51,61,Month-to-Month,Bank Transfer,60.64,3761.3,Fiber Optic,No,Yes,1,0,29,6.8,0
C107686,Female,34,44,One Year,Credit Card,54.84,2443.07,DSL,No,Yes,1,3,20,7.3,0
C107687,Male,45,9,Month-to-Month,Electronic Check,64.85,606.96,DSL,No,Yes,4,4,23,5.7,0
C107688,Male,25,42,Month-to-Month,UPI,115.89,5160.28,DSL,No,No,1,1,19,6.6,1
C107689,Female,20,29,Month-to-Month,UPI,133.22,3901.59,No Internet,Yes,Yes,1,1,7,6.6,0
C107690,Male,28,58,One Year,Credit Card,72.45,4298.08,No Internet,No,Yes,2,3,6,6.3,0
C107691,Female,35,63,Month-to-Month,UPI,112.46,7000.92,Fiber Optic,No,No,2,1,15,6.9,0
C107692,Male,30,49,Month-to-Month,UPI,95.21,4335.86,DSL,Yes,Yes,3,0,18,5.4,0
C107693,Female,54,11,Month-to-Month,UPI,73.51,786.24,Fiber Optic,Yes,No,1,0,8,7.1,0
C107694,Female,40,54,One Year,Electronic Check,63.34,3441.99,Fiber Optic,No,No,3,2,14,6.8,0
C107695,Female,60,30,One Year,Electronic Check,84.42,2529.76,DSL,No,No,2,2,0,5.4,0
C107696,Male,43,66,Month-to-Month,Credit Card,55.52,3701.37,Fiber Optic,Yes,No,1,2,8,6.7,0
C107697,Female,18,65,Month-to-Month,UPI,141.56,9386.03,Fiber Optic,No,Yes,1,2,9,8.0,0
C107698,Male,51,58,Month-to-Month,UPI,97.1,5243.46,Fiber Optic,Yes,Yes,1,3,6,9.0,0
C107699,Male,20,57,Month-to-Month,Bank Transfer,114.15,5998.86,Fiber Optic,No,Yes,0,3,12,7.6,0
C107700,Female,41,37,Two Year,Credit Card,86.01,3043.84,Fiber Optic,No,Yes,1,1,34,6.2,0
C107701,Female,29,54,Month-to-Month,Electronic Check,111.87,6077.8,DSL,Yes,Yes,1,3,8,7.6,0
C107702,Female,64,69,Month-to-Month,Electronic Check,112.25,7547.23,Fiber Optic,No,No,2,4,34,5.9,1
C107703,Male,55,24,Month-to-Month,Bank Transfer,88.59,2153.92,DSL,Yes,Yes,1,0,9,6.8,0
C107704,Male,29,63,One Year,UPI,40.18,2587.24,No Internet,No,Yes,2,2,19,5.9,0
C107705,Male,36,51,Two Year,Credit Card,58.88,2846.63,Fiber Optic,No,No,2,1,18,6.3,0
C107706,Female,41,15,Month-to-Month,Credit Card,97.33,1480.29,Fiber Optic,No,No,1,1,19,6.6,1
C107707,Female,48,47,One Year,UPI,102.15,5181.96,DSL,Yes,No,3,4,16,8.2,0
C107708,Female,38,46,Month-to-Month,Electronic Check,91.03,4497.21,DSL,No,No,0,5,9,6.9,0
C107709,Female,26,30,Two Year,UPI,90.38,2647.74,DSL,No,No,3,0,5,7.2,0
C107710,Male,29,20,Month-to-Month,Bank Transfer,97.39,1855.44,DSL,No,No,0,2,6,7.1,0
C107711,Male,38,57,Month-to-Month,Credit Card,88.87,5394.83,DSL,No,Yes,1,1,23,7.7,0
C107712,Male,53,49,One Year,Bank Transfer,92.23,4701.3,No Internet,No,Yes,0,1,30,,0
C107713,Male,43,56,Two Year,Electronic Check,120.74,6476.66,Fiber Optic,No,No,2,2,36,7.5,0
C107714,Male,29,56,Two Year,Bank Transfer,79.71,4343.44,DSL,Yes,Yes,2,3,5,4.8,0
C107715,Female,46,25,One Year,Electronic Check,120.46,2978.22,Fiber Optic,No,No,2,4,10,4.1,0
C107716,Male,33,9,Month-to-Month,Electronic Check,38.36,339.21,Fiber Optic,No,No,1,2,14,10.0,0
C107717,Female,49,22,Month-to-Month,Bank Transfer,75.71,1696.24,No Internet,No,Yes,1,1,20,7.1,0
C107718,Male,68,37,One Year,Electronic Check,74.66,2861.21,Fiber Optic,No,No,1,1,8,7.2,0
C107719,Female,34,28,Month-to-Month,Bank Transfer,107.89,3214.05,Fiber Optic,No,Yes,0,3,4,6.2,0
C107720,Female,48,14,One Year,Credit Card,57.32,760.91,DSL,Yes,No,0,1,22,7.0,0
C107721,Female,29,30,Month-to-Month,Bank Transfer,64.33,1888.42,DSL,No,Yes,3,0,10,5.8,0
C107722,Male,37,39,Month-to-Month,UPI,50.96,2066.87,DSL,No,No,1,3,17,6.4,0
C107723,Female,38,57,One Year,Electronic Check,92.84,5457.94,DSL,Yes,Yes,0,3,6,7.4,0
C107724,Female,36,5,Month-to-Month,Electronic Check,88.86,472.63,DSL,No,Yes,0,0,20,8.8,0
C107725,Male,68,12,Month-to-Month,Credit Card,91.44,1134.03,DSL,No,No,2,1,14,6.1,1
C107726,Male,34,35,One Year,Bank Transfer,65.31,2145.17,DSL,Yes,No,2,2,16,4.0,0
C107727,Male,45,41,Month-to-Month,UPI,97.82,4151.68,Fiber Optic,No,Yes,0,1,1,8.4,0
C107728,Female,18,63,Two Year,Electronic Check,64.94,3783.42,DSL,No,Yes,0,2,13,5.7,0
C107729,Female,43,42,Month-to-Month,Bank Transfer,81.73,3466.62,DSL,No,No,0,1,19,6.9,0
C107730,Female,52,65,One Year,Electronic Check,120.88,8070.72,Fiber Optic,Yes,Yes,0,1,33,6.3,0
C107731,Male,32,65,Month-to-Month,Bank Transfer,82.17,5618.93,Fiber Optic,No,No,2,1,5,7.0,0
C107732,Male,18,43,Month-to-Month,Credit Card,75.45,3296.58,Fiber Optic,No,No,0,4,10,8.6,0
C107733,Female,38,60,Two Year,Electronic Check,72.0,4413.42,DSL,Yes,No,1,1,10,8.0,0
C107734,Male,38,20,One Year,Electronic Check,87.75,1657.31,DSL,Yes,Yes,1,2,15,8.0,0
C107735,Female,47,63,Month-to-Month,Credit Card,104.27,6109.06,Fiber Optic,No,Yes,0,4,1,8.5,0
C107736,Female,62,24,Month-to-Month,UPI,73.76,1657.49,No Internet,No,No,2,2,4,6.9,1
C107737,Male,33,72,Two Year,Electronic Check,86.72,5974.02,Fiber Optic,No,Yes,0,3,35,6.3,0
C107738,Female,28,35,Month-to-Month,Electronic Check,110.71,3841.98,Fiber Optic,No,Yes,3,2,5,4.7,1
C107739,Male,24,41,Month-to-Month,UPI,77.83,3136.33,Fiber Optic,Yes,No,1,1,14,10.0,1
C107740,Female,40,16,Month-to-Month,Credit Card,87.56,1356.46,Fiber Optic,No,No,2,2,15,5.6,1
C107741,Male,44,6,Two Year,Electronic Check,86.07,548.5,Fiber Optic,Yes,Yes,2,1,41,6.9,0
C107742,Female,31,20,Month-to-Month,Bank Transfer,88.37,1650.89,Fiber Optic,Yes,Yes,0,2,10,7.6,0
C107743,Male,47,56,Month-to-Month,Credit Card,96.74,5109.0,Fiber Optic,No,Yes,0,4,44,6.8,0
C107744,Male,44,8,Month-to-Month,UPI,86.46,684.49,DSL,No,Yes,1,0,5,8.5,0
C107745,Female,39,6,Two Year,Electronic Check,66.66,376.26,DSL,No,No,0,3,6,8.3,0
C107746,Male,27,8,Month-to-Month,UPI,96.6,730.21,DSL,No,Yes,0,2,25,6.4,1
C107747,Female,32,62,Month-to-Month,Electronic Check,83.81,5584.55,Fiber Optic,Yes,Yes,4,3,9,4.8,1
C107748,Male,18,14,Month-to-Month,Credit Card,85.01,1189.04,Fiber Optic,No,Yes,0,3,6,6.6,0
C107749,Female,41,3,Month-to-Month,Bank Transfer,105.75,297.2,Fiber Optic,No,Yes,4,2,42,6.2,0
C107750,Male,38,2,Two Year,Credit Card,87.94,163.27,No Internet,No,No,2,1,1,9.0,0
C107751,Female,40,22,One Year,Credit Card,88.05,2009.93,Fiber Optic,Yes,No,0,1,5,8.4,1
C107752,Male,44,70,Month-to-Month,UPI,82.26,5651.87,DSL,No,Yes,1,2,25,6.2,1
C107753,Male,43,71,One Year,Credit Card,71.57,4906.26,DSL,Yes,No,1,1,12,6.0,0
C107754,Male,37,6,One Year,Credit Card,83.31,514.88,Fiber Optic,No,No,2,1,11,8.9,0
C107755,Female,39,50,One Year,Bank Transfer,76.51,3947.12,Fiber Optic,No,Yes,2,0,26,7.8,0
C107756,Male,21,44,Month-to-Month,Electronic Check,139.48,6000.1,DSL,No,No,3,3,6,5.5,1
C107757,Female,31,8,Month-to-Month,Electronic Check,106.26,911.38,Fiber Optic,Yes,Yes,4,2,10,4.1,1
C107758,Female,39,24,Month-to-Month,Electronic Check,81.41,1922.55,Fiber Optic,No,Yes,1,1,14,7.0,0
C107759,Male,29,27,Month-to-Month,Credit Card,100.22,2653.82,Fiber Optic,Yes,Yes,2,4,16,7.1,0
C107760,Female,48,53,Month-to-Month,Electronic Check,42.82,2370.33,DSL,Yes,Yes,0,2,5,7.7,0
C107761,Male,30,51,Two Year,UPI,75.29,4033.87,Fiber Optic,No,No,0,2,22,8.6,0
C107762,Male,41,28,Two Year,Bank Transfer,114.52,3097.4,Fiber Optic,No,No,2,2,7,6.9,0
C107763,Female,39,59,Month-to-Month,UPI,135.88,8259.45,Fiber Optic,Yes,Yes,2,4,10,6.0,0
C107764,Female,47,69,One Year,UPI,67.45,4757.74,DSL,Yes,Yes,3,2,25,5.6,0
C107765,Female,49,25,Two Year,Electronic Check,86.19,1993.98,DSL,Yes,No,2,3,12,5.5,0
C107766,Male,46,44,Month-to-Month,Electronic Check,63.67,2664.95,DSL,No,No,1,2,3,7.7,0
C107767,Male,18,47,Month-to-Month,Electronic Check,113.65,5000.16,Fiber Optic,Yes,Yes,3,2,6,9.2,0
C107768,Male,52,13,One Year,UPI,42.54,587.11,DSL,No,No,0,2,19,6.5,0
C107769,Female,56,53,Month-to-Month,,93.21,5300.33,Fiber Optic,No,No,0,1,6,5.9,0
C107770,Male,32,53,Month-to-Month,Electronic Check,57.14,3185.89,Fiber Optic,Yes,No,1,0,14,7.2,0
C107771,Female,41,37,Month-to-Month,UPI,78.12,2803.08,DSL,No,Yes,3,5,6,5.4,0
C107772,Male,27,63,Month-to-Month,Bank Transfer,79.47,5295.1,Fiber Optic,No,No,0,1,13,8.4,0
C107773,Male,18,66,One Year,,92.25,5658.09,Fiber Optic,No,Yes,0,2,10,7.1,0
C107774,Male,29,40,Month-to-Month,Electronic Check,106.97,4405.64,DSL,No,No,1,7,18,7.6,0
C107775,Male,32,61,Two Year,Credit Card,87.87,5037.7,DSL,No,No,1,3,13,4.9,0
C107776,Male,34,6,Month-to-Month,Bank Transfer,87.33,483.12,Fiber Optic,No,No,1,1,19,6.7,1
C107777,Female,26,25,Month-to-Month,Bank Transfer,82.79,1962.26,DSL,Yes,Yes,4,1,8,4.8,0
C107778,Female,29,46,One Year,Bank Transfer,80.44,3974.6,DSL,No,No,3,0,10,5.7,0
C107779,Male,38,31,One Year,UPI,103.74,3346.75,Fiber Optic,No,No,1,2,24,7.0,0
C107780,Male,29,63,Two Year,Electronic Check,100.21,6331.46,Fiber Optic,No,Yes,3,2,20,6.3,0
C107781,Male,45,68,One Year,Electronic Check,110.48,8037.87,No Internet,Yes,Yes,1,0,12,7.8,0
C107782,Female,46,39,One Year,Credit Card,69.84,2687.22,Fiber Optic,No,Yes,2,1,5,7.2,0
C107783,Male,67,36,One Year,Credit Card,87.97,2933.98,Fiber Optic,No,Yes,2,4,9,6.0,0
C107784,Female,52,7,Month-to-Month,Credit Card,89.36,634.99,Fiber Optic,No,Yes,0,0,16,5.1,1
C107785,Male,41,66,One Year,UPI,75.13,5219.09,No Internet,Yes,Yes,4,4,7,4.8,0
C107786,Male,31,55,Month-to-Month,Credit Card,75.55,4013.0,DSL,No,No,3,4,15,5.0,1
C107787,Female,42,72,Month-to-Month,Credit Card,100.13,6998.62,Fiber Optic,No,Yes,1,2,23,6.4,0
C107788,Male,42,42,Month-to-Month,Credit Card,59.63,2573.2,DSL,Yes,Yes,1,2,8,7.0,0
C107789,Female,32,27,Two Year,Credit Card,25.98,735.63,DSL,No,No,2,2,12,7.9,0
C107790,Female,47,2,Two Year,UPI,88.9,175.92,No Internet,No,Yes,1,2,9,8.2,0
C107791,Male,21,70,Month-to-Month,Bank Transfer,58.28,3811.3,DSL,No,No,5,2,4,5.3,0
C107792,Male,35,4,One Year,UPI,49.06,203.98,DSL,Yes,No,1,2,16,7.1,0
C107793,Female,45,21,Two Year,Credit Card,86.38,1792.66,Fiber Optic,No,Yes,2,0,5,7.5,0
C107794,Female,35,1,One Year,Electronic Check,122.55,130.59,Fiber Optic,No,No,2,2,20,6.2,1
C107795,Male,36,38,One Year,Credit Card,114.79,4189.74,DSL,Yes,Yes,3,1,17,5.3,0
C107796,Female,36,60,Month-to-Month,Credit Card,81.48,4860.08,Fiber Optic,No,No,2,1,4,6.7,0
C107797,Male,28,14,Month-to-Month,Credit Card,51.09,739.08,DSL,No,Yes,2,4,5,7.9,0
C107798,Male,52,17,Month-to-Month,Electronic Check,102.41,1669.99,DSL,No,Yes,4,2,19,4.9,1
C107799,Male,26,47,Two Year,Credit Card,124.7,5604.77,No Internet,Yes,Yes,1,1,6,7.8,0
C107800,Male,42,56,One Year,Electronic Check,128.76,7474.32,Fiber Optic,Yes,Yes,0,0,6,8.6,0
C107801,Male,43,53,Two Year,Credit Card,85.3,4289.38,Fiber Optic,No,No,1,2,28,8.1,0
C107802,Female,27,18,Month-to-Month,UPI,102.06,1725.14,Fiber Optic,No,Yes,2,3,13,6.2,1
C107803,Male,39,69,One Year,Credit Card,95.95,6365.21,Fiber Optic,No,No,1,3,11,6.5,0
C107804,Male,27,48,One Year,Electronic Check,85.24,4301.22,No Internet,No,Yes,1,0,1,6.7,0
C107805,Male,55,9,One Year,Bank Transfer,61.59,586.58,DSL,No,No,1,4,17,7.8,0
C107806,Female,24,54,Two Year,Bank Transfer,58.66,2967.13,DSL,Yes,Yes,1,1,16,7.5,0
C107807,Female,30,35,Month-to-Month,Credit Card,105.91,3475.35,Fiber Optic,No,No,2,3,14,6.9,0
C107808,Male,23,46,Month-to-Month,Credit Card,85.36,4138.37,DSL,Yes,Yes,0,2,29,7.3,0
C107809,Male,22,1,Month-to-Month,UPI,86.52,,DSL,No,No,3,3,7,5.0,1
C107810,Male,57,41,Month-to-Month,UPI,76.53,3127.79,Fiber Optic,No,No,3,1,12,5.3,1
C107811,Male,45,32,Month-to-Month,Bank Transfer,66.99,2263.41,DSL,No,Yes,3,1,3,7.5,1
C107812,Male,40,40,Month-to-Month,Credit Card,47.53,2019.64,Fiber Optic,No,No,0,1,21,8.6,0
C107813,Male,30,11,Month-to-Month,Electronic Check,49.72,534.73,Fiber Optic,No,Yes,0,0,13,7.4,0
C107814,Male,49,62,One Year,Credit Card,112.1,6955.32,Fiber Optic,No,Yes,3,2,14,5.8,0
C107815,Male,28,46,One Year,Electronic Check,120.61,5611.21,DSL,No,Yes,0,2,24,6.6,0
C107816,Male,48,48,Month-to-Month,Electronic Check,91.85,4602.68,Fiber Optic,Yes,Yes,2,1,3,5.3,0
C107817,Female,28,43,Month-to-Month,UPI,76.87,3283.85,DSL,Yes,No,2,4,22,4.2,0
C107818,Female,30,51,One Year,UPI,74.8,3819.31,Fiber Optic,Yes,Yes,0,3,7,6.3,0
C107819,Female,47,61,Month-to-Month,UPI,66.49,3779.77,Fiber Optic,Yes,Yes,3,1,7,8.2,0
C107820,Male,48,42,Month-to-Month,Bank Transfer,71.55,2790.74,Fiber Optic,No,No,0,2,15,7.2,0
C107821,Male,45,26,One Year,Bank Transfer,113.61,3067.13,No Internet,Yes,Yes,1,2,5,7.4,0
C107822,Male,25,11,Month-to-Month,Credit Card,122.56,1344.33,DSL,No,No,1,4,17,7.9,1
C107823,Female,33,25,Month-to-Month,UPI,49.2,1149.24,No Internet,No,No,1,2,9,7.4,0
C107824,Male,40,40,Month-to-Month,Credit Card,102.09,3914.28,Fiber Optic,Yes,No,1,1,8,6.1,1
C107825,Female,28,25,Month-to-Month,Electronic Check,119.61,3075.09,Fiber Optic,No,Yes,3,5,2,5.5,1
C107826,Female,54,52,Two Year,Bank Transfer,80.77,4203.24,Fiber Optic,No,Yes,2,2,11,8.3,0
C107827,Male,18,3,Month-to-Month,Credit Card,90.09,283.0,Fiber Optic,No,No,1,4,5,7.5,1
C107828,Female,29,39,Two Year,Credit Card,62.5,2395.94,No Internet,Yes,Yes,1,3,8,5.9,0
C107829,Male,32,35,Month-to-Month,Credit Card,115.43,3791.24,Fiber Optic,No,Yes,0,3,14,6.6,0
C107830,Male,18,40,Two Year,Credit Card,105.14,4049.2,Fiber Optic,No,Yes,3,2,5,6.4,0
C107831,Male,21,22,Two Year,Electronic Check,44.84,924.92,DSL,No,No,1,3,51,5.6,0
C107832,Male,46,62,Month-to-Month,Electronic Check,79.67,4924.11,Fiber Optic,Yes,No,0,4,11,7.8,0
C107833,Female,38,19,Month-to-Month,Credit Card,81.77,1547.21,Fiber Optic,Yes,Yes,1,2,4,8.5,0
C107834,Male,57,14,Month-to-Month,Electronic Check,122.45,1597.46,Fiber Optic,No,Yes,0,3,16,7.8,0
C107835,Male,57,50,Month-to-Month,Electronic Check,91.12,4331.11,Fiber Optic,Yes,No,1,2,8,7.8,0
C107836,Female,43,62,Month-to-Month,UPI,85.41,5693.52,Fiber Optic,No,Yes,1,1,11,5.5,0
C107837,Female,42,43,One Year,UPI,103.02,4772.55,DSL,Yes,Yes,3,3,4,4.9,0
C107838,Male,39,55,Two Year,Electronic Check,53.68,2878.07,Fiber Optic,No,Yes,0,1,5,6.9,1
C107839,Female,18,40,Month-to-Month,Electronic Check,47.36,1786.69,DSL,No,Yes,2,0,3,6.1,0
C107840,Female,21,12,One Year,Bank Transfer,110.14,1255.78,DSL,No,No,0,5,14,6.2,0
C107841,Male,39,65,One Year,UPI,71.45,4333.22,DSL,No,Yes,1,1,6,6.8,0
C107842,Male,45,34,Month-to-Month,Credit Card,60.25,1912.64,DSL,No,No,0,1,3,8.5,0
C107843,Male,41,23,One Year,Credit Card,83.32,1822.22,Fiber Optic,No,Yes,1,1,2,7.3,0
C107844,Female,27,71,One Year,Electronic Check,119.64,8454.27,No Internet,Yes,No,1,4,32,5.4,1
C107845,Female,49,7,One Year,Bank Transfer,104.0,752.8,DSL,Yes,Yes,4,0,19,6.1,1
C107846,Female,56,65,Month-to-Month,Credit Card,47.3,2906.28,DSL,No,Yes,1,6,7,6.8,0
C107847,Male,49,18,Month-to-Month,Electronic Check,78.85,1400.44,DSL,No,No,1,1,8,7.2,0
C107848,Male,50,8,One Year,Credit Card,59.16,441.89,DSL,No,No,1,0,23,7.5,0
C107849,Male,31,42,Month-to-Month,Credit Card,107.76,4614.0,DSL,No,Yes,1,1,4,8.1,0
C107850,Male,51,1,One Year,UPI,61.31,60.63,Fiber Optic,No,No,1,6,15,6.0,0
C107851,Female,40,15,Month-to-Month,Bank Transfer,89.97,1414.19,DSL,No,Yes,0,4,6,7.1,0
C107852,Female,44,28,Month-to-Month,Bank Transfer,84.31,2504.88,Fiber Optic,Yes,Yes,0,2,4,8.7,1
C107853,Male,42,36,Month-to-Month,Credit Card,75.95,2621.93,DSL,Yes,No,3,3,6,5.6,1
C107854,Male,37,46,Month-to-Month,Electronic Check,91.67,4149.97,Fiber Optic,No,No,3,2,3,7.7,0
C107855,Male,28,21,Month-to-Month,UPI,115.14,2416.91,Fiber Optic,Yes,Yes,3,2,9,7.6,1
C107856,Male,37,49,Two Year,Credit Card,60.28,3188.27,DSL,Yes,No,3,1,11,7.4,0
C107857,Male,50,39,Month-to-Month,Bank Transfer,65.13,2709.02,Fiber Optic,Yes,Yes,1,4,2,6.2,0
C107858,Male,33,38,Month-to-Month,Bank Transfer,84.7,3460.59,DSL,No,No,1,3,12,6.8,0
C107859,Male,49,9,One Year,UPI,65.38,585.04,Fiber Optic,Yes,No,0,1,9,7.0,0
C107860,Male,47,20,Month-to-Month,Electronic Check,95.31,2058.57,Fiber Optic,No,No,1,5,7,7.2,0
C107861,Male,34,8,Month-to-Month,Bank Transfer,82.15,608.02,Fiber Optic,No,No,0,1,5,6.9,0
C107862,Male,55,14,Month-to-Month,Credit Card,60.1,904.37,DSL,Yes,Yes,0,3,14,7.6,1
C107863,Female,34,62,Month-to-Month,Electronic Check,57.57,3393.67,DSL,Yes,Yes,0,2,6,8.8,0
C107864,Male,56,35,Month-to-Month,UPI,91.94,3464.42,No Internet,No,No,1,2,3,6.4,0
C107865,Female,43,55,One Year,UPI,71.31,3893.72,DSL,No,No,1,3,6,7.8,0
C107866,Male,38,45,Month-to-Month,Electronic Check,54.85,2499.63,No Internet,No,No,1,0,2,7.4,0
C107867,Male,27,21,Two Year,Bank Transfer,73.69,1648.36,DSL,No,No,2,3,2,5.1,0
C107868,Male,37,53,Month-to-Month,Electronic Check,71.83,4101.98,Fiber Optic,No,Yes,0,3,4,5.2,0
C107869,Male,36,54,Two Year,Bank Transfer,80.33,4109.91,No Internet,No,No,1,4,8,6.4,0
C107870,Female,23,43,One Year,Bank Transfer,89.03,3895.05,No Internet,No,Yes,2,3,26,5.9,0
C107871,Male,35,6,Month-to-Month,Bank Transfer,91.6,566.56,Fiber Optic,No,Yes,1,3,5,7.9,0
C107872,Female,28,55,Month-to-Month,Electronic Check,75.53,4292.51,Fiber Optic,No,No,1,0,21,6.2,1
C107873,Female,45,44,Two Year,Bank Transfer,60.06,2520.13,Fiber Optic,No,No,1,1,21,4.6,1
C107874,Female,54,68,One Year,Electronic Check,78.6,4977.09,DSL,Yes,No,1,3,30,6.7,0
C107875,Female,23,4,Month-to-Month,Bank Transfer,55.26,216.66,DSL,No,No,4,1,13,4.8,0
C107876,Female,59,63,Month-to-Month,Electronic Check,72.18,4774.08,Fiber Optic,Yes,No,2,3,2,5.1,1
C107877,Male,36,58,Two Year,Bank Transfer,79.14,4935.77,No Internet,No,Yes,0,3,24,6.6,0
C107878,Female,26,54,Month-to-Month,UPI,88.43,4732.91,DSL,No,Yes,3,1,3,5.8,1
C107879,Male,47,38,Month-to-Month,Electronic Check,109.15,4422.59,DSL,Yes,No,1,3,18,7.3,0
C107880,Male,33,60,Two Year,Bank Transfer,64.34,3997.71,DSL,Yes,Yes,1,3,12,6.8,0
C107881,Male,37,52,Month-to-Month,Credit Card,72.75,3551.78,Fiber Optic,No,No,1,3,11,6.0,0
C107882,Female,33,29,Month-to-Month,Bank Transfer,39.13,1106.71,No Internet,No,Yes,1,0,10,8.7,0
C107883,Female,28,40,One Year,Bank Transfer,93.04,3867.12,Fiber Optic,Yes,Yes,0,2,4,6.2,0
C107884,Male,47,71,Two Year,Electronic Check,53.73,3782.62,DSL,No,Yes,3,1,17,4.7,0
C107885,Female,35,8,Month-to-Month,Electronic Check,104.06,853.26,Fiber Optic,Yes,No,2,2,11,7.4,1
C107886,Male,21,35,Two Year,UPI,91.57,3338.08,Fiber Optic,Yes,No,2,1,5,7.2,0
C107887,Male,45,16,Two Year,UPI,58.45,1007.17,Fiber Optic,No,No,0,2,8,6.1,0
C107888,Male,24,18,Month-to-Month,Bank Transfer,84.1,1615.09,Fiber Optic,Yes,No,3,1,24,5.9,1
C107889,Male,24,59,Month-to-Month,Credit Card,75.55,4346.37,No Internet,No,No,0,2,1,7.8,0
C107890,Male,52,34,Two Year,Credit Card,105.83,3772.51,DSL,No,Yes,1,2,8,5.5,1
C107891,Male,24,4,Month-to-Month,Credit Card,89.75,351.68,No Internet,Yes,Yes,1,2,1,7.5,0
C107892,Female,18,69,Month-to-Month,Electronic Check,62.4,4406.37,DSL,Yes,Yes,0,4,3,6.3,0
C107893,Male,45,65,One Year,UPI,113.85,6881.19,DSL,No,No,3,3,12,4.7,0
C107894,Male,34,61,One Year,Electronic Check,50.59,3226.25,DSL,No,No,1,0,20,5.5,1
C107895,Female,35,46,One Year,Bank Transfer,112.85,5599.06,No Internet,No,No,0,0,19,9.6,0
C107896,Female,34,21,One Year,Credit Card,86.39,1825.49,Fiber Optic,No,No,0,2,13,7.0,0
C107897,Male,41,38,Month-to-Month,Bank Transfer,56.3,2287.46,Fiber Optic,No,No,1,1,22,6.4,0
C107898,Male,29,60,One Year,Electronic Check,73.66,4683.17,Fiber Optic,No,Yes,3,1,48,4.5,0
C107899,Female,56,36,Month-to-Month,Credit Card,100.56,3337.23,Fiber Optic,Yes,Yes,1,5,5,8.5,0
C107900,Female,20,6,Month-to-Month,Credit Card,118.75,665.71,Fiber Optic,No,Yes,0,2,1,5.9,0
C107901,Male,43,39,Month-to-Month,Electronic Check,72.07,2782.09,Fiber Optic,No,Yes,0,1,14,6.3,0
C107902,Male,46,29,Month-to-Month,UPI,69.22,1931.74,DSL,No,Yes,0,5,11,8.3,0
C107903,Female,29,27,Month-to-Month,UPI,57.42,1526.12,DSL,Yes,Yes,2,1,24,5.9,0
C107904,Male,26,69,Month-to-Month,Credit Card,66.24,4578.31,DSL,No,Yes,3,0,4,5.0,0
C107905,Female,50,9,One Year,Credit Card,58.77,527.03,No Internet,No,No,1,2,9,7.0,1
C107906,Male,26,24,Month-to-Month,Bank Transfer,60.21,1366.97,No Internet,Yes,No,1,3,33,7.0,0
C107907,Female,31,63,Month-to-Month,Bank Transfer,85.21,5066.25,DSL,No,Yes,1,2,14,6.5,0
C107908,Male,49,19,Month-to-Month,UPI,66.36,1243.41,Fiber Optic,Yes,No,0,2,17,6.2,1
C107909,Male,38,30,Two Year,Credit Card,75.92,2347.17,DSL,No,No,1,3,8,5.6,0
C107910,Female,18,58,One Year,Bank Transfer,115.26,6782.71,DSL,No,Yes,2,1,4,6.6,0
C107911,Male,59,40,Month-to-Month,Electronic Check,62.46,2332.91,Fiber Optic,No,Yes,1,0,13,7.8,0
C107912,Female,32,68,Two Year,Bank Transfer,107.14,7032.29,Fiber Optic,No,Yes,0,2,41,7.8,0
C107913,Male,33,32,Month-to-Month,Credit Card,63.12,1992.26,Fiber Optic,No,Yes,1,1,17,7.9,1
C107914,Male,41,65,One Year,Bank Transfer,76.01,4808.17,DSL,No,Yes,0,4,44,5.6,0
C107915,Male,46,34,One Year,Credit Card,97.42,3284.19,Fiber Optic,Yes,Yes,1,2,24,7.3,0
C107916,Female,62,31,Month-to-Month,Electronic Check,76.35,2343.72,DSL,Yes,No,3,0,8,5.5,0
C107917,Male,18,59,Month-to-Month,Credit Card,92.79,5766.23,DSL,No,Yes,0,1,8,7.9,0
C107918,Male,48,26,One Year,UPI,53.85,1474.99,No Internet,No,No,1,3,16,5.9,0
C107919,Male,47,22,Month-to-Month,Bank Transfer,80.15,1887.42,DSL,No,Yes,2,1,9,5.5,0
C107920,Female,36,34,Month-to-Month,Bank Transfer,59.84,2042.26,DSL,No,Yes,0,2,9,7.0,0
C107921,Female,47,13,One Year,Bank Transfer,92.69,1161.87,Fiber Optic,No,Yes,0,4,2,8.6,0
C107922,Male,49,55,Month-to-Month,Bank Transfer,102.58,5815.21,DSL,No,Yes,1,5,7,5.5,0
C107923,Male,21,8,Two Year,Electronic Check,107.37,895.27,DSL,No,Yes,0,1,7,8.9,0
C107924,Female,59,62,Month-to-Month,Electronic Check,101.83,6160.74,Fiber Optic,Yes,No,0,6,27,6.1,0
C107925,Male,19,22,Month-to-Month,Credit Card,93.15,2155.71,Fiber Optic,No,No,2,1,7,7.2,1
C107926,Female,24,56,One Year,Electronic Check,86.18,4975.94,No Internet,No,Yes,1,5,28,7.0,0
C107927,Female,35,21,Two Year,Credit Card,88.91,2007.59,Fiber Optic,No,No,1,3,3,6.4,0
C107928,Female,61,49,One Year,Bank Transfer,103.6,4950.75,No Internet,No,Yes,0,2,13,7.7,0
C107929,Male,34,6,Month-to-Month,Electronic Check,40.25,257.83,Fiber Optic,Yes,No,2,0,2,6.6,1
C107930,Female,38,35,Two Year,Electronic Check,90.87,3102.91,Fiber Optic,Yes,Yes,1,3,22,7.1,0
C107931,Female,55,27,Month-to-Month,UPI,79.72,2278.66,DSL,No,No,1,3,3,6.7,0
C107932,Female,34,40,Month-to-Month,UPI,67.13,2611.25,Fiber Optic,Yes,Yes,1,2,12,5.8,0
C107933,Male,24,14,Two Year,Credit Card,25.0,372.88,DSL,Yes,No,2,3,9,6.6,0
C107934,Male,33,52,Month-to-Month,Bank Transfer,58.23,2793.91,DSL,No,No,1,3,9,7.5,0
C107935,Male,54,40,One Year,Electronic Check,109.7,4321.37,No Internet,Yes,Yes,2,3,2,5.1,0
C107936,Male,39,43,Two Year,Credit Card,129.44,5165.3,No Internet,Yes,No,1,3,7,6.6,0
C107937,Female,61,58,Month-to-Month,Bank Transfer,27.52,1572.53,DSL,Yes,Yes,3,2,6,6.7,0
C107938,Male,47,3,Month-to-Month,UPI,104.65,310.02,Fiber Optic,No,Yes,2,6,8,6.5,1
C107939,Male,30,15,Month-to-Month,Credit Card,85.19,1361.23,Fiber Optic,No,Yes,1,1,21,7.8,0
C107940,Male,39,45,Two Year,Credit Card,80.84,3812.28,Fiber Optic,Yes,Yes,2,1,5,5.6,0
C107941,Female,28,11,One Year,Bank Transfer,53.57,567.26,DSL,Yes,Yes,0,1,12,8.5,0
C107942,Female,30,39,Month-to-Month,Bank Transfer,81.25,3338.73,DSL,Yes,Yes,0,4,3,6.7,0
C107943,Male,75,19,Month-to-Month,UPI,32.56,587.11,Fiber Optic,Yes,No,2,4,19,4.5,0
C107944,Male,50,20,Month-to-Month,Bank Transfer,104.19,2147.98,Fiber Optic,No,No,0,2,3,8.0,1
C107945,Male,48,71,One Year,Electronic Check,119.76,8200.09,No Internet,Yes,No,1,5,4,8.2,0
C107946,Female,31,56,Month-to-Month,Electronic Check,62.56,3765.08,DSL,No,No,0,4,21,7.6,0
C107947,Female,57,4,Month-to-Month,Electronic Check,45.87,196.21,No Internet,Yes,Yes,0,1,7,8.8,0
C107948,Female,51,9,One Year,Electronic Check,42.76,372.64,DSL,No,No,2,3,13,5.9,1
C107949,Male,61,25,Month-to-Month,Electronic Check,65.66,1517.9,DSL,No,No,0,4,10,7.1,0
C107950,Female,60,47,Two Year,Credit Card,45.09,2169.18,DSL,No,No,1,4,6,6.6,0
C107951,Male,20,49,Month-to-Month,Electronic Check,78.52,3639.84,DSL,No,Yes,0,3,6,8.6,0
C107952,Female,25,27,One Year,UPI,85.22,2160.14,DSL,Yes,No,3,6,27,4.9,1
C107953,Male,26,28,Month-to-Month,Credit Card,66.41,1980.63,DSL,Yes,No,1,0,9,10.0,0
C107954,Female,27,62,One Year,UPI,81.39,5097.61,Fiber Optic,No,No,2,4,4,5.9,0
C107955,Female,42,16,Two Year,Credit Card,94.18,1611.52,DSL,Yes,Yes,1,5,12,5.7,0
C107956,Female,31,46,One Year,UPI,71.37,3159.34,No Internet,Yes,Yes,2,4,15,,0
C107957,Female,63,46,One Year,Credit Card,109.91,4920.07,DSL,No,Yes,2,4,9,6.4,0
C107958,Male,61,40,One Year,Electronic Check,91.3,3907.22,No Internet,No,No,1,1,22,7.2,0
C107959,Male,38,34,Month-to-Month,Credit Card,84.7,2854.71,No Internet,No,Yes,5,5,5,4.8,1
C107960,Female,61,10,Month-to-Month,Electronic Check,74.54,713.67,DSL,No,No,2,3,12,5.8,0
C107961,Male,56,1,Two Year,Credit Card,96.62,95.31,Fiber Optic,No,Yes,0,3,8,7.2,1
C107962,Male,33,66,One Year,Bank Transfer,103.8,6687.51,DSL,No,Yes,1,2,22,6.9,0
C107963,Male,18,17,Month-to-Month,Credit Card,88.02,,Fiber Optic,No,Yes,0,1,22,6.8,0
C107964,Female,35,47,Month-to-Month,UPI,107.32,4972.26,Fiber Optic,Yes,Yes,1,2,15,5.7,0
C107965,Male,30,24,Month-to-Month,UPI,104.38,2335.58,Fiber Optic,No,Yes,0,0,5,6.7,1
C107966,Male,40,50,Month-to-Month,Bank Transfer,51.63,2625.11,Fiber Optic,No,No,0,1,14,8.7,0
C107967,Male,39,29,Two Year,UPI,104.39,3215.59,DSL,No,No,3,2,9,4.9,0
C107968,Male,39,72,One Year,Electronic Check,76.12,5842.66,DSL,No,Yes,1,4,27,6.8,0
C107969,Female,44,13,Month-to-Month,Electronic Check,54.21,702.73,DSL,Yes,Yes,0,3,14,7.9,0
C107970,Female,23,64,Month-to-Month,Credit Card,111.76,6595.44,Fiber Optic,No,Yes,1,6,30,5.6,0
C107971,Female,43,28,Month-to-Month,Credit Card,73.76,2098.53,DSL,Yes,No,1,1,7,6.3,0
C107972,Male,33,5,Month-to-Month,Bank Transfer,53.27,264.98,DSL,No,No,1,3,13,8.8,0
C107973,Female,40,9,Month-to-Month,UPI,102.59,988.54,Fiber Optic,No,No,1,2,1,7.2,1
C107974,Male,49,14,Two Year,Electronic Check,77.49,1151.85,DSL,No,Yes,3,4,6,5.2,0
C107975,Male,23,10,Month-to-Month,Credit Card,78.28,832.86,DSL,No,Yes,2,1,10,7.1,0
C107976,Female,35,33,Month-to-Month,Electronic Check,99.31,3425.5,Fiber Optic,No,Yes,0,1,3,8.4,0
C107977,Female,37,40,Month-to-Month,Credit Card,41.49,1593.16,No Internet,Yes,Yes,0,2,44,7.9,0
C107978,Female,32,6,Two Year,Electronic Check,89.06,540.89,DSL,Yes,Yes,0,5,29,8.2,0
C107979,Female,49,17,One Year,Credit Card,103.5,1856.94,Fiber Optic,No,No,2,1,8,7.7,0
C107980,Male,29,36,Month-to-Month,Electronic Check,78.37,2950.61,DSL,No,No,0,4,15,7.0,0
C107981,Male,31,70,Month-to-Month,UPI,82.22,6053.57,DSL,Yes,Yes,1,6,6,7.0,0
C107982,Female,29,61,Two Year,Electronic Check,112.89,6861.58,No Internet,No,Yes,1,3,3,5.9,0
C107983,Male,51,49,Month-to-Month,Credit Card,51.62,2434.58,Fiber Optic,No,No,2,1,6,7.8,1
C107984,Male,32,69,One Year,UPI,93.74,6015.89,No Internet,Yes,Yes,1,0,8,6.9,0
C107985,Female,44,71,Month-to-Month,Bank Transfer,92.85,6358.71,Fiber Optic,Yes,No,1,1,18,7.0,0
C107986,Female,62,24,One Year,Bank Transfer,59.19,1311.35,Fiber Optic,No,Yes,2,2,15,5.5,0
C107987,Male,37,51,Month-to-Month,UPI,79.76,3954.83,DSL,Yes,Yes,1,5,2,6.9,0
C107988,Female,51,42,Two Year,Credit Card,98.13,4419.86,No Internet,Yes,Yes,1,3,26,6.9,0
C107989,Female,58,19,Two Year,Electronic Check,88.44,1617.87,DSL,No,No,0,4,2,7.7,0
C107990,Female,50,62,Month-to-Month,Credit Card,81.91,5428.08,Fiber Optic,No,No,2,3,6,7.0,0
C107991,Male,38,67,Month-to-Month,Bank Transfer,75.98,5475.76,Fiber Optic,No,Yes,2,1,8,4.8,0
C107992,Male,46,30,Month-to-Month,Credit Card,92.78,2606.53,Fiber Optic,No,Yes,0,3,16,7.5,1
C107993,Male,23,38,Two Year,Credit Card,76.73,3061.16,DSL,No,Yes,0,2,11,8.5,0
C107994,Male,29,6,Month-to-Month,UPI,93.88,603.73,Fiber Optic,Yes,No,0,2,12,8.2,0
C107995,Male,31,22,Month-to-Month,Electronic Check,65.16,1367.07,No Internet,No,Yes,2,3,17,6.6,0
C107996,Male,65,11,Month-to-Month,Credit Card,76.74,828.62,No Internet,No,Yes,1,2,5,8.7,0
C107997,Male,28,72,One Year,Credit Card,101.27,7685.74,No Internet,No,Yes,1,2,10,6.7,0
C107998,Female,28,29,Month-to-Month,Electronic Check,116.58,3186.43,Fiber Optic,Yes,Yes,0,3,12,8.0,0
C107999,Male,25,8,One Year,Credit Card,58.72,474.27,No Internet,Yes,Yes,2,4,16,5.3,0
C108000,Female,45,35,Two Year,Credit Card,57.56,1931.25,Fiber Optic,Yes,No,2,0,14,,0
C108001,Female,40,72,One Year,UPI,38.0,2852.04,Fiber Optic,Yes,No,1,2,5,5.4,0
C108002,Male,51,72,Month-to-Month,,81.83,6003.69,Fiber Optic,No,Yes,2,3,16,6.2,0
C108003,Female,46,45,Month-to-Month,Credit Card,123.23,5649.76,Fiber Optic,No,No,0,2,6,9.7,0
C108004,Female,21,33,Month-to-Month,Electronic Check,97.1,3417.69,Fiber Optic,No,No,2,3,9,8.6,1
C108005,Male,28,5,Month-to-Month,Electronic Check,104.13,535.01,Fiber Optic,No,No,1,2,24,6.4,1
C108006,Female,54,62,Month-to-Month,Electronic Check,86.26,5046.35,Fiber Optic,Yes,No,1,5,5,6.5,0
C108007,Male,36,37,Month-to-Month,Electronic Check,99.44,3487.34,Fiber Optic,Yes,No,4,0,7,3.8,0
C108008,Female,52,17,Month-to-Month,UPI,69.42,1137.58,DSL,No,Yes,0,2,10,5.5,1
C108009,Male,36,22,Month-to-Month,Electronic Check,78.8,1605.44,DSL,No,No,1,3,2,8.0,1
C108010,Female,26,32,One Year,UPI,97.89,3064.84,Fiber Optic,Yes,No,0,1,13,5.7,0
C108011,Male,34,14,Month-to-Month,UPI,113.8,1563.35,Fiber Optic,No,No,1,1,20,7.0,1
C108012,Female,26,20,Two Year,Bank Transfer,90.49,1870.46,DSL,No,Yes,2,0,17,6.7,0
C108013,Male,31,22,Month-to-Month,UPI,84.58,1809.61,Fiber Optic,Yes,No,0,1,8,7.4,0
C108014,Female,40,30,Month-to-Month,UPI,52.77,1673.41,No Internet,No,No,1,1,6,7.3,0
C108015,Female,44,54,Month-to-Month,Bank Transfer,73.63,3902.35,DSL,No,Yes,2,2,11,4.7,0
C108016,Male,19,33,One Year,Credit Card,100.23,3571.87,Fiber Optic,No,Yes,1,2,6,5.3,0
C108017,Female,38,5,Month-to-Month,UPI,69.5,346.11,DSL,No,No,3,2,5,5.9,0
C108018,Male,31,18,Month-to-Month,UPI,52.31,999.94,DSL,No,No,1,4,12,5.7,0
C108019,Female,30,63,Month-to-Month,Electronic Check,98.66,5937.98,Fiber Optic,No,No,3,2,25,6.6,1
C108020,Male,40,46,Month-to-Month,Credit Card,78.96,3343.62,DSL,No,Yes,2,3,7,6.9,0
C108021,Female,31,7,Two Year,Credit Card,58.54,410.64,DSL,No,No,2,1,17,7.2,1
C108022,Female,55,29,Month-to-Month,Credit Card,31.89,927.02,No Internet,No,Yes,1,3,32,6.6,0
C108023,Male,52,57,One Year,Credit Card,90.85,5555.43,Fiber Optic,No,Yes,1,3,12,8.2,0
C108024,Male,52,47,One Year,Credit Card,71.3,3187.72,DSL,No,Yes,0,1,22,6.3,0
C108025,Male,32,9,Month-to-Month,Electronic Check,135.16,1157.5,No Internet,Yes,Yes,2,0,6,5.3,1
C108026,Female,26,59,Two Year,Bank Transfer,110.33,6425.58,DSL,Yes,Yes,1,1,36,6.7,0
C108027,Male,39,71,Month-to-Month,Credit Card,65.43,4658.63,Fiber Optic,No,Yes,0,2,4,9.3,0
C108028,Female,36,71,Month-to-Month,Bank Transfer,111.3,8081.6,Fiber Optic,No,No,1,5,6,7.3,1
C108029,Female,31,43,Month-to-Month,Bank Transfer,92.13,,Fiber Optic,Yes,Yes,0,1,18,7.9,0
C108030,Male,24,59,One Year,Electronic Check,112.94,6412.85,Fiber Optic,No,Yes,0,5,5,7.9,1
C108031,Female,38,6,Two Year,Credit Card,139.61,883.29,DSL,No,Yes,0,2,10,7.1,0
C108032,Male,33,53,One Year,Bank Transfer,78.59,4162.04,Fiber Optic,No,Yes,2,1,16,6.8,0
C108033,Male,46,64,Two Year,Credit Card,80.26,5491.31,Fiber Optic,Yes,Yes,1,1,6,7.7,0
C108034,Female,46,4,Two Year,Credit Card,59.19,243.71,No Internet,No,Yes,0,3,20,5.0,0
C108035,Male,51,1,Month-to-Month,UPI,99.07,92.13,DSL,Yes,Yes,0,0,13,6.6,0
C108036,Male,23,70,Month-to-Month,Electronic Check,108.02,7086.23,Fiber Optic,No,Yes,1,4,11,8.5,0
C108037,Female,43,31,Month-to-Month,Electronic Check,123.87,4067.03,Fiber Optic,No,No,0,2,15,7.4,1
C108038,Male,29,65,One Year,Credit Card,99.03,6138.95,Fiber Optic,No,No,1,1,29,8.3,1
C108039,Female,23,69,Month-to-Month,Bank Transfer,43.82,2862.96,DSL,No,No,1,1,1,7.5,0
C108040,Female,33,19,One Year,Credit Card,122.92,2480.33,Fiber Optic,No,Yes,0,3,7,9.8,0
C108041,Male,51,69,Two Year,Electronic Check,97.07,7184.87,Fiber Optic,Yes,Yes,0,2,18,6.7,0
C108042,Male,34,69,One Year,Credit Card,69.43,4907.44,DSL,Yes,No,2,2,13,6.9,0
C108043,Female,57,49,One Year,Bank Transfer,65.08,2985.63,Fiber Optic,No,No,2,1,0,7.3,0
C108044,Male,45,31,Two Year,Bank Transfer,110.71,3169.58,Fiber Optic,No,Yes,0,2,11,7.7,0
C108045,Male,33,60,One Year,UPI,49.35,3007.82,DSL,No,Yes,2,3,11,5.8,0
C108046,Female,52,71,Month-to-Month,Bank Transfer,130.04,8581.3,Fiber Optic,Yes,Yes,1,1,4,6.5,1
C108047,Male,43,55,Month-to-Month,Credit Card,89.57,4964.38,Fiber Optic,Yes,Yes,2,2,7,7.1,0
C108048,Female,27,38,Month-to-Month,Electronic Check,31.51,1178.57,DSL,No,Yes,0,2,25,5.9,0
C108049,Male,60,33,Month-to-Month,UPI,88.17,2692.05,No Internet,No,Yes,2,3,9,7.6,0
C108050,Male,41,6,Month-to-Month,Credit Card,85.54,550.52,DSL,No,Yes,2,2,9,6.0,1
C108051,Male,38,13,Month-to-Month,Bank Transfer,80.78,967.63,Fiber Optic,No,No,1,4,11,9.0,1
C108052,Female,28,20,One Year,Credit Card,129.84,2536.21,Fiber Optic,No,Yes,3,2,7,6.4,1
C108053,Female,52,37,Month-to-Month,Electronic Check,108.91,4226.73,Fiber Optic,No,No,2,2,34,5.6,1
C108054,Female,44,45,One Year,Credit Card,45.11,2184.06,DSL,Yes,No,2,2,7,6.2,1
C108055,Male,46,59,One Year,UPI,103.31,5651.71,Fiber Optic,No,Yes,1,2,18,6.9,0
C108056,Male,32,52,Two Year,Credit Card,104.75,5839.86,Fiber Optic,No,No,1,5,7,6.8,0
C108057,Male,48,18,Month-to-Month,Bank Transfer,79.86,1399.87,Fiber Optic,No,Yes,0,1,4,7.6,1
C108058,Male,49,25,Month-to-Month,Electronic Check,73.2,1730.0,No Internet,No,Yes,1,1,4,8.0,0
C108059,Female,30,1,One Year,UPI,84.29,88.65,Fiber Optic,No,No,1,3,1,6.6,1
C108060,Female,21,41,One Year,UPI,41.87,1755.84,No Internet,No,No,3,0,9,6.2,0
C108061,Male,45,18,One Year,Credit Card,77.14,1299.49,Fiber Optic,Yes,No,1,3,14,5.9,0
C108062,Female,19,1,Two Year,Credit Card,75.84,77.28,DSL,No,No,2,1,15,4.8,0
C108063,Male,40,39,Month-to-Month,Electronic Check,99.96,4095.92,DSL,No,No,2,3,3,6.9,0
C108064,Female,33,31,Month-to-Month,Electronic Check,65.89,2058.6,DSL,Yes,Yes,0,1,9,8.9,0
C108065,Male,53,71,Month-to-Month,Bank Transfer,81.64,5650.5,DSL,No,Yes,3,3,3,5.9,0
C108066,Male,33,38,Two Year,Bank Transfer,59.13,2144.05,No Internet,Yes,Yes,0,3,11,7.0,0
C108067,Male,51,8,Month-to-Month,Credit Card,63.32,526.86,No Internet,Yes,Yes,1,0,45,5.2,1
C108068,Male,32,34,Month-to-Month,Credit Card,72.86,2437.28,Fiber Optic,No,Yes,1,2,28,7.7,0
C108069,Female,50,27,Month-to-Month,Credit Card,63.68,1810.67,DSL,Yes,No,0,3,16,7.0,0
C108070,Male,63,41,One Year,UPI,83.01,3547.27,DSL,No,Yes,2,2,9,6.3,0
C108071,Male,25,7,One Year,Electronic Check,100.83,734.31,Fiber Optic,Yes,Yes,0,0,9,9.2,0
C108072,Female,42,32,Month-to-Month,Credit Card,105.88,3547.51,Fiber Optic,No,No,2,3,26,7.8,0
C108073,Female,71,16,Month-to-Month,Electronic Check,62.0,1000.83,Fiber Optic,No,Yes,1,1,8,8.6,0
C108074,Female,39,2,Month-to-Month,Credit Card,93.81,196.01,Fiber Optic,No,No,2,4,24,7.3,0
C108075,Male,39,43,One Year,Credit Card,47.07,2146.68,No Internet,No,Yes,2,3,7,5.2,0
C108076,Female,47,31,Month-to-Month,Electronic Check,25.0,750.32,DSL,No,Yes,1,7,10,5.9,0
C108077,Female,38,47,Month-to-Month,Electronic Check,88.18,3979.87,DSL,No,Yes,1,1,27,7.8,1
C108078,Male,18,33,One Year,Credit Card,84.4,2766.83,No Internet,No,Yes,2,2,8,5.9,0
C108079,Male,52,17,Two Year,Electronic Check,97.41,1669.96,DSL,No,No,2,1,5,7.2,0
C108080,Male,18,54,Month-to-Month,Electronic Check,52.61,2626.46,DSL,Yes,No,2,3,13,6.0,0
C108081,Male,33,54,Month-to-Month,Electronic Check,65.15,3338.97,DSL,No,No,0,0,10,8.7,0
C108082,Male,52,51,Month-to-Month,Electronic Check,93.94,4424.71,Fiber Optic,No,No,0,2,8,10.0,1
C108083,Male,34,52,Month-to-Month,Credit Card,77.98,4094.99,Fiber Optic,Yes,No,1,2,9,7.4,1
C108084,Female,30,7,One Year,Bank Transfer,83.87,612.56,Fiber Optic,Yes,Yes,3,2,32,5.5,0
C108085,Female,49,54,Month-to-Month,UPI,97.05,5514.45,Fiber Optic,No,Yes,1,3,20,6.7,1
C108086,Female,28,11,Two Year,Credit Card,112.06,1244.19,Fiber Optic,No,Yes,1,2,10,7.3,0
C108087,Female,23,62,One Year,UPI,114.73,6591.03,Fiber Optic,No,No,1,2,1,7.1,1
C108088,Male,41,30,Month-to-Month,Electronic Check,96.42,2934.59,DSL,No,Yes,3,4,7,6.0,1
C108089,Female,36,57,One Year,Electronic Check,61.05,3423.82,DSL,No,Yes,0,1,11,10.0,0
C108090,Female,23,46,Month-to-Month,UPI,50.88,2471.11,DSL,No,No,1,3,4,5.4,0
C108091,Male,46,70,Month-to-Month,Credit Card,141.93,9786.57,No Internet,No,Yes,1,3,14,5.5,1
C108092,Female,44,66,Two Year,Credit Card,69.63,4756.03,DSL,No,Yes,3,1,3,5.9,0
C108093,Female,34,55,One Year,UPI,82.65,4323.73,Fiber Optic,No,Yes,1,2,22,7.2,0
C108094,Female,35,58,Two Year,Bank Transfer,75.66,4685.53,No Internet,No,No,0,3,4,8.2,0
C108095,Female,44,10,One Year,UPI,45.61,441.16,DSL,Yes,Yes,2,3,22,6.0,1
C108096,Male,52,4,Month-to-Month,Electronic Check,53.81,198.22,No Internet,No,No,2,0,21,7.1,0
C108097,Male,35,62,Two Year,UPI,101.59,5876.9,Fiber Optic,No,Yes,2,3,15,8.1,0
C108098,Male,46,43,Month-to-Month,Bank Transfer,45.34,1865.2,DSL,Yes,Yes,2,4,13,9.0,0
C108099,Female,45,42,Two Year,Bank Transfer,70.67,,Fiber Optic,No,No,0,2,1,8.3,0
C108100,Female,49,24,Two Year,Credit Card,49.11,1120.27,DSL,No,No,0,2,32,6.4,0
C108101,Female,38,5,Two Year,Electronic Check,65.58,332.06,DSL,No,Yes,2,2,18,7.6,0
C108102,Male,27,68,Month-to-Month,Credit Card,66.97,4534.55,DSL,Yes,No,1,0,10,6.7,0
C108103,Male,32,45,Two Year,Bank Transfer,93.35,4343.28,DSL,No,No,0,1,22,7.0,0
C108104,Female,42,59,One Year,Bank Transfer,109.05,6732.83,Fiber Optic,No,Yes,2,1,17,7.1,0
C108105,Female,60,65,One Year,Credit Card,85.58,5577.55,Fiber Optic,No,No,2,2,4,6.5,0
C108106,Male,32,63,One Year,Bank Transfer,70.46,4504.95,DSL,No,No,2,0,6,6.5,0
C108107,Male,48,67,Month-to-Month,Bank Transfer,57.24,4004.27,Fiber Optic,No,Yes,1,6,1,6.8,0
C108108,Female,34,49,Month-to-Month,Bank Transfer,40.07,1834.6,No Internet,No,No,2,5,7,6.6,0
C108109,Female,39,32,One Year,Electronic Check,85.43,2704.88,DSL,No,Yes,0,6,20,7.0,0
C108110,Male,56,50,Month-to-Month,Credit Card,107.19,5383.87,DSL,No,Yes,1,0,6,5.8,0
C108111,Male,47,58,One Year,Bank Transfer,78.72,4637.27,DSL,Yes,No,0,7,19,6.4,0
C108112,Female,23,52,Month-to-Month,UPI,77.2,4041.69,DSL,No,No,1,1,26,7.5,0
C108113,Female,31,23,Month-to-Month,Credit Card,129.29,2902.68,Fiber Optic,Yes,No,4,2,43,4.6,1
C108114,Male,53,30,Month-to-Month,UPI,100.39,2909.3,Fiber Optic,No,No,0,1,4,7.4,0
C108115,Male,40,70,Month-to-Month,Electronic Check,61.35,4253.81,Fiber Optic,Yes,Yes,5,2,6,4.1,1
C108116,Female,24,71,One Year,Electronic Check,57.89,,Fiber Optic,No,No,1,3,17,5.1,0
C108117,Male,28,30,One Year,Credit Card,74.06,2211.55,Fiber Optic,No,No,0,2,16,7.7,0
C108118,Male,46,37,Month-to-Month,Credit Card,55.06,2189.02,DSL,No,Yes,1,1,6,8.1,0
C108119,Female,50,48,One Year,Credit Card,65.94,2939.2,DSL,Yes,Yes,1,1,17,7.7,0
C108120,Male,38,32,One Year,Credit Card,79.6,2405.76,No Internet,No,Yes,0,3,5,7.3,0
C108121,Female,68,70,Two Year,Credit Card,61.77,4414.08,Fiber Optic,Yes,Yes,0,7,5,6.2,0
C108122,Male,48,35,Month-to-Month,Credit Card,78.99,2856.39,DSL,No,Yes,3,2,6,7.3,0
C108123,Female,35,68,Month-to-Month,Electronic Check,89.12,6036.18,Fiber Optic,No,No,2,1,8,5.2,0
C108124,Male,28,32,Month-to-Month,UPI,129.89,4433.68,DSL,Yes,Yes,1,2,20,6.6,0
C108125,Male,26,59,Month-to-Month,Bank Transfer,70.76,4162.62,No Internet,No,No,3,4,9,5.7,0
C108126,Male,42,35,Two Year,UPI,64.6,2119.68,DSL,Yes,No,1,4,19,6.3,0
C108127,Female,32,16,Two Year,Credit Card,115.93,1848.64,DSL,Yes,No,0,3,41,6.1,1
C108128,Female,58,52,Two Year,Credit Card,46.82,2440.37,No Internet,No,Yes,1,1,2,6.3,0
C108129,Male,56,66,Month-to-Month,UPI,144.49,9427.63,Fiber Optic,No,Yes,0,4,21,7.3,0
C108130,Female,46,6,Month-to-Month,UPI,92.12,589.38,Fiber Optic,Yes,No,2,2,26,6.5,0
C108131,Female,24,14,One Year,UPI,99.73,1391.58,DSL,No,No,1,4,16,6.7,0
C108132,Female,30,29,Month-to-Month,Bank Transfer,81.84,2446.44,Fiber Optic,No,Yes,0,1,6,7.6,0
C108133,Male,53,26,Two Year,Electronic Check,49.37,,DSL,No,Yes,1,2,20,5.9,0
C108134,Female,31,18,Month-to-Month,Bank Transfer,52.95,987.64,DSL,No,Yes,4,2,1,5.0,0
C108135,Male,51,4,Month-to-Month,Bank Transfer,84.94,318.5,DSL,Yes,No,2,6,5,4.6,0
C108136,Male,44,57,Two Year,UPI,132.51,8090.74,Fiber Optic,No,Yes,1,0,8,9.6,0
C108137,Female,39,53,Two Year,Credit Card,65.01,3507.14,Fiber Optic,No,Yes,1,2,18,5.6,0
C108138,Female,30,25,Two Year,Electronic Check,84.16,2039.28,No Internet,No,Yes,1,2,7,9.3,0
C108139,Male,37,47,Month-to-Month,Electronic Check,46.6,2096.74,DSL,No,Yes,0,2,19,8.1,0
C108140,Male,40,52,Two Year,Electronic Check,116.76,6302.45,Fiber Optic,No,Yes,0,1,11,8.2,0
C108141,Female,50,34,Month-to-Month,Bank Transfer,87.17,2853.44,DSL,Yes,Yes,1,0,20,6.2,0
C108142,Female,27,16,Month-to-Month,UPI,43.41,688.88,No Internet,Yes,Yes,1,1,1,7.2,0
C108143,Male,35,36,Month-to-Month,Credit Card,90.14,3305.63,Fiber Optic,No,No,1,1,22,8.0,0
C108144,Female,39,28,Two Year,Electronic Check,99.89,2957.02,Fiber Optic,No,Yes,1,1,8,7.1,0
C108145,Male,46,65,Month-to-Month,Credit Card,104.83,7172.91,DSL,No,Yes,1,4,9,6.7,0
C108146,Male,27,72,One Year,Credit Card,89.36,6605.93,No Internet,No,Yes,1,2,4,6.7,0
C108147,Female,22,53,One Year,Bank Transfer,25.0,1275.18,No Internet,Yes,No,2,2,34,6.2,0
C108148,Male,46,42,One Year,Credit Card,27.13,1077.82,DSL,No,No,1,3,1,7.2,0
C108149,Male,20,19,Month-to-Month,Electronic Check,95.4,1825.78,Fiber Optic,No,No,2,3,26,6.1,1
C108150,Female,53,44,Month-to-Month,UPI,43.32,2022.43,Fiber Optic,No,No,1,2,12,6.6,0
C108151,Female,36,30,Two Year,Credit Card,160.0,4729.59,Fiber Optic,No,Yes,1,0,5,8.7,0
C108152,Male,19,44,One Year,Credit Card,84.72,3869.03,DSL,Yes,Yes,1,1,24,6.3,0
C108153,Female,32,27,One Year,UPI,97.4,2769.51,Fiber Optic,Yes,No,0,4,7,7.7,0
C108154,Female,43,34,Month-to-Month,UPI,77.82,2545.35,Fiber Optic,No,Yes,0,1,14,7.6,0
C108155,Male,32,24,Month-to-Month,UPI,83.85,2161.91,DSL,Yes,Yes,2,0,16,6.9,0
C108156,Female,38,56,Month-to-Month,Electronic Check,145.18,7811.41,Fiber Optic,No,Yes,1,0,4,6.8,0
C108157,Male,47,7,Month-to-Month,UPI,84.3,598.54,Fiber Optic,Yes,Yes,3,2,4,5.7,0
C108158,Male,36,68,Month-to-Month,Credit Card,102.65,7167.83,Fiber Optic,Yes,Yes,2,0,25,4.6,1
C108159,Female,27,51,Month-to-Month,Electronic Check,97.25,5001.81,DSL,Yes,Yes,3,4,14,6.3,0
C108160,Female,34,8,One Year,,53.43,435.75,DSL,Yes,No,1,3,17,6.4,0
C108161,Male,55,56,Two Year,Electronic Check,77.6,4144.77,DSL,Yes,No,2,2,8,6.9,0
C108162,Male,58,58,Two Year,UPI,82.23,,No Internet,No,No,1,2,16,5.2,0
C108163,Male,18,69,Two Year,Electronic Check,104.24,6634.92,DSL,Yes,No,3,1,22,5.8,0
C108164,Male,51,8,One Year,Credit Card,80.2,652.77,Fiber Optic,No,Yes,1,4,5,8.8,0
C108165,Male,41,66,Month-to-Month,Electronic Check,42.91,3024.17,DSL,No,Yes,2,3,9,6.6,0
C108166,Male,49,24,Month-to-Month,UPI,105.99,2617.28,DSL,Yes,No,1,4,15,8.7,1
C108167,Female,31,42,Month-to-Month,Electronic Check,93.27,4011.99,Fiber Optic,No,Yes,1,4,8,7.6,0
C108168,Male,18,54,One Year,Bank Transfer,91.79,4982.49,DSL,No,No,0,3,2,8.3,0
C108169,Male,45,16,Month-to-Month,Bank Transfer,89.27,1455.32,DSL,Yes,No,0,0,10,8.5,0
C108170,Female,27,4,Month-to-Month,Bank Transfer,121.6,503.77,No Internet,Yes,Yes,3,1,14,6.2,1
C108171,Female,21,59,Month-to-Month,Bank Transfer,97.76,5445.93,Fiber Optic,No,Yes,1,1,4,9.1,0
C108172,Male,22,46,Two Year,Electronic Check,109.53,5224.08,Fiber Optic,No,No,3,2,10,5.9,0
C108173,Male,45,13,One Year,Credit Card,86.12,1057.8,DSL,Yes,No,1,4,16,7.2,0
C108174,Female,40,37,Month-to-Month,Credit Card,80.56,2882.65,No Internet,No,Yes,2,1,3,6.8,1
C108175,Male,47,54,Month-to-Month,UPI,116.59,6134.0,No Internet,No,No,3,4,5,5.4,0
C108176,Male,46,49,Month-to-Month,Bank Transfer,112.4,5318.68,Fiber Optic,No,No,2,1,4,7.1,0
C108177,Female,33,58,Month-to-Month,Bank Transfer,74.45,4335.09,Fiber Optic,No,Yes,1,3,15,5.6,0
C108178,Male,37,19,Month-to-Month,Credit Card,90.93,1742.91,Fiber Optic,No,No,4,2,44,4.6,0
C108179,Male,32,18,Month-to-Month,UPI,86.38,1634.34,Fiber Optic,Yes,No,1,3,8,6.8,1
C108180,Male,35,60,One Year,Electronic Check,73.43,4460.19,DSL,No,No,1,2,22,8.4,0
C108181,Male,26,17,Month-to-Month,Electronic Check,101.13,1855.77,Fiber Optic,No,Yes,2,4,9,5.5,1
C108182,Male,43,11,Two Year,Bank Transfer,92.8,1052.62,Fiber Optic,No,No,2,3,36,4.6,0
C108183,Female,51,15,Month-to-Month,Credit Card,54.3,844.42,Fiber Optic,No,No,0,0,16,8.2,1
C108184,Male,28,72,Two Year,Credit Card,77.5,6024.44,Fiber Optic,No,No,1,2,16,6.1,0
C108185,Male,53,17,One Year,Credit Card,84.33,1372.63,Fiber Optic,No,Yes,0,6,4,5.8,1
C108186,Male,39,5,Two Year,Electronic Check,66.63,340.97,DSL,No,Yes,2,1,7,7.9,0
C108187,Female,41,61,One Year,Electronic Check,56.3,3647.48,DSL,Yes,Yes,1,0,8,7.8,0
C108188,Female,18,4,One Year,Electronic Check,75.55,324.83,Fiber Optic,No,No,2,1,18,6.4,0
C108189,Male,18,56,Month-to-Month,Credit Card,78.66,4367.26,Fiber Optic,No,No,0,5,11,6.1,0
C108190,Female,40,48,Month-to-Month,UPI,88.46,4199.12,Fiber Optic,No,Yes,0,1,17,7.9,0
C108191,Male,47,48,Month-to-Month,Credit Card,67.25,3018.69,DSL,No,Yes,3,4,7,6.2,0
C108192,Male,30,35,Month-to-Month,UPI,90.06,3355.98,Fiber Optic,No,Yes,1,3,5,5.3,1
C108193,Male,58,33,Month-to-Month,Electronic Check,39.6,1398.12,Fiber Optic,No,No,2,3,22,5.6,0
C108194,Male,47,21,Month-to-Month,Electronic Check,65.14,1452.1,DSL,No,No,1,3,7,7.0,0
C108195,Male,27,5,Month-to-Month,Electronic Check,105.37,503.7,No Internet,Yes,No,7,1,10,2.8,0
C108196,Female,38,64,Two Year,Credit Card,83.79,5192.42,Fiber Optic,Yes,No,1,2,21,7.8,0
C108197,Male,68,69,Two Year,Electronic Check,78.09,5774.79,Fiber Optic,No,No,0,2,22,8.4,0
C108198,Female,23,21,One Year,Bank Transfer,79.3,1695.73,DSL,Yes,Yes,2,2,60,3.5,0
C108199,Male,44,32,Month-to-Month,Electronic Check,119.93,3919.03,DSL,No,No,0,1,3,6.7,0
C108200,Male,34,18,Month-to-Month,Credit Card,108.07,1919.43,DSL,No,Yes,0,4,7,7.6,0
C108201,Male,46,58,Month-to-Month,Credit Card,92.72,5476.89,Fiber Optic,Yes,Yes,0,1,6,9.9,0
C108202,Female,53,24,Month-to-Month,Electronic Check,78.55,1782.8,Fiber Optic,No,Yes,3,1,9,6.3,1
C108203,Male,33,5,Two Year,Bank Transfer,69.57,372.86,Fiber Optic,Yes,No,0,1,11,7.2,0
C108204,Female,51,53,Month-to-Month,Credit Card,94.92,5389.38,No Internet,No,Yes,2,4,11,6.3,0
C108205,Male,65,55,Month-to-Month,Electronic Check,95.85,5572.97,Fiber Optic,No,No,3,1,4,5.3,0
C108206,Male,39,5,One Year,UPI,76.14,365.84,DSL,No,Yes,1,1,16,8.5,0
C108207,Male,47,69,Month-to-Month,Bank Transfer,108.63,7946.41,No Internet,No,Yes,2,5,4,6.7,0
C108208,Male,31,41,Two Year,Electronic Check,68.85,2913.23,DSL,No,No,1,0,14,7.1,0
C108209,Male,38,7,Month-to-Month,Credit Card,66.9,449.28,Fiber Optic,Yes,No,1,2,7,6.8,1
C108210,Male,36,1,Two Year,Electronic Check,91.96,96.89,Fiber Optic,No,Yes,2,3,8,7.1,1
C108211,Female,48,52,One Year,UPI,40.16,1951.64,No Internet,No,Yes,0,2,5,7.0,0
C108212,Male,52,26,Month-to-Month,Bank Transfer,94.53,2543.15,Fiber Optic,Yes,No,0,2,25,6.9,1
C108213,Female,37,63,Month-to-Month,Bank Transfer,57.02,3878.16,DSL,No,Yes,3,2,12,7.3,0
C108214,Male,56,12,Month-to-Month,Electronic Check,89.88,1066.67,Fiber Optic,Yes,No,0,1,25,6.2,1
C108215,Male,56,70,Month-to-Month,UPI,121.99,8705.48,Fiber Optic,No,No,1,2,32,5.2,0
C108216,Female,48,19,Two Year,Electronic Check,76.7,1391.19,No Internet,No,Yes,1,1,47,7.3,0
C108217,Male,32,4,One Year,Credit Card,85.53,340.29,DSL,No,No,0,4,2,7.0,0
C108218,Male,31,5,One Year,Bank Transfer,76.7,359.46,Fiber Optic,No,Yes,0,4,18,6.7,0
C108219,Female,28,54,Month-to-Month,Credit Card,99.98,5567.69,No Internet,No,Yes,1,5,10,4.0,0
C108220,Female,49,70,Month-to-Month,UPI,79.97,5842.2,DSL,No,No,1,2,4,,0
C108221,Male,23,57,Month-to-Month,UPI,70.75,4089.76,No Internet,No,Yes,2,2,24,5.0,1
C108222,Male,46,52,Month-to-Month,Electronic Check,39.77,2147.82,DSL,Yes,Yes,2,2,16,7.2,0
C108223,Female,25,18,Month-to-Month,Bank Transfer,84.18,1561.26,DSL,No,Yes,1,6,18,5.9,1
C108224,Male,48,64,Month-to-Month,Electronic Check,65.16,4452.44,DSL,No,No,5,3,5,4.1,1
C108225,Female,38,10,Month-to-Month,Bank Transfer,123.68,1232.56,Fiber Optic,No,Yes,0,2,15,8.2,0
C108226,Male,54,23,Month-to-Month,Bank Transfer,44.97,1040.67,Fiber Optic,No,Yes,2,0,4,7.1,1
C108227,Male,52,68,Two Year,Credit Card,100.7,6707.53,DSL,No,Yes,1,1,12,8.5,0
C108228,Female,55,52,Month-to-Month,Bank Transfer,93.51,4748.03,Fiber Optic,No,Yes,2,2,29,8.3,0
C108229,Female,56,47,Month-to-Month,Bank Transfer,72.14,3562.95,DSL,No,Yes,0,3,0,6.3,0
C108230,Male,40,70,One Year,Credit Card,115.9,8669.71,No Internet,Yes,Yes,1,1,12,6.9,0
C108231,Male,24,26,One Year,Credit Card,95.81,2415.24,DSL,No,No,2,4,14,3.7,0
C108232,Female,25,70,Two Year,Electronic Check,57.01,3939.21,No Internet,No,No,2,0,15,5.8,0
C108233,Female,18,43,Month-to-Month,Credit Card,67.78,2845.67,Fiber Optic,Yes,Yes,0,1,21,8.0,1
C108234,Male,25,69,Month-to-Month,Electronic Check,99.86,7281.33,DSL,No,Yes,1,3,11,7.1,0
C108235,Female,39,63,Two Year,Bank Transfer,98.05,6619.73,No Internet,Yes,No,0,1,7,8.9,0
C108236,Female,31,66,Two Year,Bank Transfer,62.28,4374.86,DSL,No,No,1,1,5,8.1,0
C108237,Female,36,63,Two Year,Electronic Check,98.08,5697.79,DSL,No,No,0,2,10,5.7,0
C108238,Female,44,13,Two Year,Electronic Check,115.69,1425.22,No Internet,No,Yes,1,5,8,7.1,0
C108239,Male,34,51,Month-to-Month,Credit Card,92.82,5033.12,No Internet,No,Yes,1,1,7,6.0,0
C108240,Female,25,5,Two Year,Credit Card,90.04,452.02,DSL,No,No,1,2,5,7.1,0
C108241,Female,37,47,Two Year,Bank Transfer,111.47,5136.39,DSL,No,No,2,1,15,8.2,0
C108242,Male,27,36,One Year,Credit Card,75.46,2676.1,DSL,No,No,2,3,15,5.4,0
C108243,Male,35,36,One Year,Credit Card,103.18,3907.1,Fiber Optic,No,Yes,1,3,4,5.7,0
C108244,Male,54,50,One Year,Credit Card,84.39,4430.29,Fiber Optic,Yes,Yes,0,3,6,5.9,0
C108245,Female,35,56,Month-to-Month,Credit Card,86.24,5083.01,Fiber Optic,No,Yes,0,3,10,7.7,0
C108246,Male,59,19,One Year,Credit Card,91.74,1840.07,Fiber Optic,No,No,2,2,13,7.3,0
C108247,Female,55,20,Two Year,Credit Card,49.99,930.93,DSL,Yes,No,2,2,11,4.5,0
C108248,Female,31,22,Month-to-Month,Credit Card,99.56,2280.18,DSL,No,No,1,5,16,5.0,0
C108249,Female,25,31,One Year,Bank Transfer,95.45,3011.45,No Internet,Yes,Yes,1,2,8,7.5,0
C108250,Female,37,62,Month-to-Month,Bank Transfer,54.08,3220.84,DSL,No,No,3,2,10,4.9,0
C108251,Female,52,44,Month-to-Month,Credit Card,43.13,1925.82,DSL,Yes,No,0,2,2,8.1,0
C108252,Male,32,68,One Year,Credit Card,70.54,4937.83,DSL,Yes,Yes,3,3,10,4.7,0
C108253,Female,49,67,Month-to-Month,Electronic Check,87.92,5957.67,DSL,Yes,Yes,1,1,4,6.5,0
C108254,Male,53,49,Month-to-Month,Credit Card,75.6,3617.02,Fiber Optic,No,No,0,0,28,8.6,0
C108255,Female,29,59,Two Year,Bank Transfer,90.59,5126.32,No Internet,No,No,1,4,11,5.9,0
C108256,Male,30,4,Two Year,Electronic Check,41.43,154.75,DSL,Yes,No,2,5,27,4.9,0
C108257,Female,47,39,Month-to-Month,Bank Transfer,75.09,2720.89,DSL,No,Yes,2,1,26,7.9,0
C108258,Female,40,7,One Year,Bank Transfer,89.39,610.96,DSL,Yes,Yes,2,1,7,6.8,0
C108259,Female,30,71,Month-to-Month,Electronic Check,76.95,5233.14,Fiber Optic,Yes,Yes,0,3,8,8.1,0
C108260,Male,34,49,Month-to-Month,Electronic Check,76.13,3727.2,Fiber Optic,Yes,Yes,1,1,18,5.3,1
C108261,Male,37,15,Month-to-Month,Electronic Check,113.31,1716.96,Fiber Optic,Yes,Yes,0,0,17,6.6,1
C108262,Female,19,7,Month-to-Month,Bank Transfer,86.42,593.29,DSL,No,Yes,2,3,13,6.6,1
C108263,Male,47,47,Month-to-Month,Electronic Check,89.42,4122.15,DSL,No,No,0,0,17,7.0,0
C108264,Female,32,68,Month-to-Month,Bank Transfer,116.28,8221.29,Fiber Optic,No,Yes,2,1,5,6.9,0
C108265,Male,18,45,Month-to-Month,Credit Card,91.78,3803.61,Fiber Optic,Yes,Yes,1,0,16,7.4,0
C108266,Female,38,19,One Year,Credit Card,80.57,1652.76,DSL,No,No,3,2,0,6.2,0
C108267,Male,29,47,Month-to-Month,UPI,101.14,4708.66,No Internet,No,Yes,1,5,9,4.9,0
C108268,Female,58,53,Month-to-Month,UPI,123.0,6610.0,Fiber Optic,Yes,No,1,3,20,5.7,0
C108269,Female,31,27,Month-to-Month,Credit Card,92.34,2390.95,DSL,Yes,No,1,2,25,7.3,0
C108270,Male,25,5,Month-to-Month,Electronic Check,121.37,578.66,DSL,No,Yes,1,1,26,6.2,1
C108271,Male,44,60,Month-to-Month,Electronic Check,116.16,7162.29,DSL,Yes,Yes,0,0,22,9.1,0
C108272,Male,30,62,Month-to-Month,UPI,48.45,3231.1,Fiber Optic,No,No,0,4,7,7.1,0
C108273,Female,29,59,Two Year,Electronic Check,100.17,6296.19,DSL,Yes,Yes,6,3,15,3.6,1
C108274,Female,44,61,One Year,UPI,64.19,4186.12,DSL,No,Yes,0,1,6,8.4,0
C108275,Female,26,56,One Year,Credit Card,103.29,5791.76,DSL,No,No,0,3,6,9.8,0
C108276,Male,21,47,Month-to-Month,Electronic Check,108.9,5002.78,No Internet,No,Yes,1,4,6,7.7,0
C108277,Male,59,48,Two Year,UPI,108.84,5446.59,Fiber Optic,Yes,Yes,0,0,2,8.7,0
C108278,Male,45,10,Month-to-Month,UPI,56.53,569.12,Fiber Optic,Yes,Yes,2,2,6,5.9,1
C108279,Male,35,32,Month-to-Month,Bank Transfer,87.13,2927.84,No Internet,No,Yes,0,0,26,6.9,0
C108280,Male,38,65,Two Year,Credit Card,102.86,6898.74,DSL,No,No,1,3,20,6.2,0
C108281,Female,44,24,Month-to-Month,Bank Transfer,86.9,2040.13,DSL,Yes,Yes,0,2,10,7.3,0
C108282,Female,50,29,Two Year,Bank Transfer,80.11,2162.75,No Internet,Yes,No,1,2,16,5.6,0
C108283,Male,29,7,Month-to-Month,Bank Transfer,61.45,416.03,DSL,Yes,No,0,2,22,5.8,1
C108284,Female,42,17,Month-to-Month,Bank Transfer,81.55,1459.69,DSL,No,No,0,5,9,4.5,1
C108285,Female,32,25,Two Year,Electronic Check,72.64,1804.79,Fiber Optic,No,Yes,1,2,7,9.1,0
C108286,Male,36,36,Month-to-Month,Electronic Check,92.57,3503.93,DSL,Yes,Yes,1,1,18,6.7,1
C108287,Male,40,61,Month-to-Month,Electronic Check,72.89,4586.99,DSL,Yes,Yes,1,3,6,6.6,0
C108288,Male,38,71,Month-to-Month,Credit Card,44.71,3077.37,DSL,Yes,Yes,1,2,7,6.1,0
C108289,Male,47,35,One Year,Bank Transfer,53.1,1841.01,Fiber Optic,Yes,No,1,2,1,6.5,0
C108290,Female,44,50,Month-to-Month,Electronic Check,84.79,4345.84,Fiber Optic,No,No,2,2,20,5.9,0
C108291,Female,20,56,One Year,Credit Card,74.31,4412.47,Fiber Optic,No,No,1,4,10,7.3,0
C108292,Male,22,65,One Year,Electronic Check,101.71,6123.98,Fiber Optic,Yes,No,2,2,13,6.2,1
C108293,Male,34,41,Month-to-Month,Credit Card,82.59,3652.81,DSL,No,Yes,2,4,13,6.3,0
C108294,Female,60,25,One Year,UPI,123.17,3033.67,Fiber Optic,Yes,Yes,3,1,15,8.1,0
C108295,Female,28,34,Two Year,UPI,125.38,4010.55,Fiber Optic,No,No,0,0,19,7.1,1
C108296,Female,36,8,Two Year,UPI,108.06,841.14,Fiber Optic,No,Yes,1,1,4,7.6,0
C108297,Female,32,56,Month-to-Month,Bank Transfer,94.86,5563.53,DSL,Yes,Yes,3,1,5,7.7,0
C108298,Male,31,30,One Year,Credit Card,47.83,1451.95,No Internet,No,No,2,0,19,7.1,0
C108299,Female,40,68,Two Year,UPI,72.48,4621.75,DSL,No,No,2,2,4,5.7,0
C108300,Female,55,21,Two Year,Electronic Check,85.42,1761.76,Fiber Optic,No,Yes,0,4,25,6.4,0
C108301,Male,43,10,Month-to-Month,UPI,79.86,741.8,DSL,Yes,No,1,0,2,7.9,1
C108302,Female,28,33,Month-to-Month,Credit Card,89.52,2749.36,Fiber Optic,No,Yes,0,2,26,7.0,0
C108303,Male,71,4,Month-to-Month,Bank Transfer,81.69,312.16,DSL,No,Yes,3,4,6,5.8,1
C108304,Male,39,23,Month-to-Month,Bank Transfer,91.89,2063.16,Fiber Optic,No,Yes,3,5,22,4.5,1
C108305,Male,31,69,Month-to-Month,Bank Transfer,89.22,6346.49,Fiber Optic,Yes,No,1,2,11,7.3,0
C108306,Male,55,53,One Year,UPI,109.49,5354.58,Fiber Optic,No,No,1,4,12,7.1,0
C108307,Male,32,5,Month-to-Month,Electronic Check,94.8,459.99,DSL,Yes,Yes,2,4,11,5.3,1
C108308,Male,58,18,Two Year,Credit Card,79.12,1391.69,Fiber Optic,Yes,Yes,0,3,20,6.3,0
C108309,Male,28,17,Month-to-Month,Credit Card,57.63,949.86,Fiber Optic,Yes,No,0,2,32,6.4,1
C108310,Male,55,58,Month-to-Month,Bank Transfer,59.23,3238.73,Fiber Optic,No,No,0,3,20,6.2,1
C108311,Male,40,67,Month-to-Month,Credit Card,67.22,4763.77,DSL,No,No,1,4,19,7.1,0
C108312,Male,53,72,One Year,UPI,125.24,8759.31,Fiber Optic,No,Yes,3,3,12,5.6,0
C108313,Female,61,56,Month-to-Month,Credit Card,93.68,5535.22,Fiber Optic,Yes,No,2,4,16,5.3,0
C108314,Male,24,40,One Year,Credit Card,108.72,4133.09,Fiber Optic,No,Yes,3,5,24,5.0,1
C108315,Male,53,2,Month-to-Month,Credit Card,59.49,123.22,No Internet,Yes,Yes,1,0,36,8.2,0
C108316,Female,21,21,Month-to-Month,Bank Transfer,80.15,1602.51,Fiber Optic,No,Yes,0,3,3,6.2,0
C108317,Female,25,52,Month-to-Month,Credit Card,91.82,4654.15,DSL,No,Yes,0,2,19,7.0,0
C108318,Female,28,24,Month-to-Month,UPI,91.1,2248.47,Fiber Optic,No,Yes,3,0,10,5.4,1
C108319,Male,44,53,Month-to-Month,Electronic Check,95.07,5077.41,DSL,Yes,No,3,3,45,3.0,0
C108320,Male,38,38,Month-to-Month,Electronic Check,80.15,2932.02,Fiber Optic,No,Yes,1,3,12,7.0,0
C108321,Female,36,20,One Year,Credit Card,97.28,2064.29,No Internet,No,Yes,0,1,2,7.7,0
C108322,Male,40,50,Month-to-Month,Bank Transfer,42.58,2119.63,DSL,Yes,Yes,0,2,27,6.8,0
C108323,Male,45,39,Month-to-Month,Bank Transfer,104.33,4256.65,Fiber Optic,No,Yes,1,2,17,8.0,0
C108324,Male,46,60,Month-to-Month,UPI,134.57,8542.02,DSL,No,Yes,1,5,3,6.1,0
C108325,Female,51,39,Month-to-Month,Electronic Check,89.36,3457.13,DSL,Yes,Yes,1,1,2,7.6,0
C108326,Male,60,71,Month-to-Month,Bank Transfer,110.2,7615.22,Fiber Optic,No,No,1,2,13,5.9,1
C108327,Female,38,33,One Year,UPI,69.07,2298.8,Fiber Optic,No,No,2,3,14,,0
C108328,Female,32,29,Two Year,UPI,114.7,3104.08,Fiber Optic,Yes,Yes,0,4,1,8.2,0
C108329,Male,45,10,Month-to-Month,Credit Card,69.24,712.76,Fiber Optic,No,Yes,0,1,9,7.6,0
C108330,Female,24,67,One Year,Credit Card,86.35,6020.88,DSL,No,No,0,3,7,8.0,0
C108331,Female,30,3,One Year,UPI,106.91,300.52,No Internet,No,Yes,2,5,14,4.7,0
C108332,Female,50,31,Month-to-Month,Bank Transfer,48.64,1458.69,No Internet,Yes,No,1,3,10,5.6,0
C108333,Male,37,27,Month-to-Month,Credit Card,61.38,1728.07,No Internet,No,Yes,3,5,2,6.3,1
C108334,Female,24,70,Month-to-Month,Bank Transfer,48.28,3280.35,DSL,No,No,3,2,4,6.5,0
C108335,Male,20,27,Month-to-Month,Electronic Check,29.66,815.45,DSL,No,No,1,1,16,8.0,0
C108336,Female,39,9,One Year,Bank Transfer,122.07,1116.4,Fiber Optic,No,No,2,1,20,6.9,0
C108337,Male,52,6,Month-to-Month,Credit Card,94.7,546.32,No Internet,No,No,2,1,18,7.5,1
C108338,Male,52,6,One Year,Electronic Check,60.1,375.93,DSL,No,Yes,0,2,33,5.3,0
C108339,Female,39,26,One Year,UPI,83.62,2172.04,Fiber Optic,Yes,Yes,0,3,14,6.5,0
C108340,Female,62,43,Month-to-Month,Credit Card,30.9,1247.95,No Internet,No,No,1,2,13,6.2,0
C108341,Female,37,19,Month-to-Month,Credit Card,55.72,991.22,DSL,No,No,1,4,16,5.9,0
C108342,Male,36,16,One Year,Electronic Check,119.55,2040.53,Fiber Optic,No,Yes,0,2,10,7.8,0
C108343,Male,18,23,Two Year,Electronic Check,42.7,963.58,Fiber Optic,Yes,Yes,0,1,19,5.4,0
C108344,Female,33,29,One Year,Electronic Check,58.03,1697.41,Fiber Optic,No,Yes,1,2,3,7.1,0
C108345,Female,48,38,Month-to-Month,Bank Transfer,94.96,3689.81,Fiber Optic,No,Yes,2,2,12,5.3,1
C108346,Female,57,59,Month-to-Month,Electronic Check,96.73,5911.65,No Internet,No,Yes,0,1,48,8.1,0
C108347,Male,28,48,Two Year,Credit Card,53.65,2539.45,No Internet,No,No,0,1,24,7.9,0
C108348,Male,44,20,One Year,UPI,66.49,1327.27,Fiber Optic,Yes,Yes,1,3,33,6.4,0
C108349,Female,51,21,Month-to-Month,Electronic Check,67.99,1480.48,DSL,Yes,Yes,2,4,23,5.8,1
C108350,Female,38,28,One Year,UPI,65.33,1875.47,DSL,Yes,No,0,3,7,5.9,0
C108351,Male,18,50,Month-to-Month,Electronic Check,25.0,1273.52,Fiber Optic,Yes,Yes,1,2,11,7.8,0
C108352,Female,41,33,Month-to-Month,Bank Transfer,71.62,2321.07,DSL,No,No,2,3,37,4.7,1
C108353,Female,47,40,Month-to-Month,Credit Card,48.99,2105.62,No Internet,No,Yes,1,5,21,5.8,0
C108354,Male,27,54,One Year,Electronic Check,74.58,3824.04,Fiber Optic,Yes,Yes,2,4,4,6.5,0
C108355,Male,35,10,Month-to-Month,Bank Transfer,86.63,813.16,No Internet,No,No,0,2,10,7.4,1
C108356,Male,24,34,Month-to-Month,Electronic Check,73.04,2398.3,Fiber Optic,No,Yes,1,1,10,4.9,1
C108357,Female,18,36,One Year,Credit Card,83.99,2903.47,Fiber Optic,Yes,Yes,1,4,11,7.4,0
C108358,Male,50,7,One Year,Bank Transfer,72.55,545.3,No Internet,No,Yes,0,4,2,8.0,0
C108359,Male,38,16,Month-to-Month,Electronic Check,58.69,865.17,Fiber Optic,No,Yes,3,3,2,6.6,1
C108360,Female,57,51,Month-to-Month,Credit Card,75.39,4078.72,DSL,Yes,No,4,2,15,6.1,1
C108361,Male,48,61,Month-to-Month,Electronic Check,105.43,6334.88,Fiber Optic,No,Yes,0,2,18,8.5,0
C108362,Male,34,31,Month-to-Month,UPI,91.8,2876.51,No Internet,Yes,No,1,4,3,6.4,0
C108363,Male,37,32,Month-to-Month,Credit Card,64.39,2124.29,DSL,No,No,0,6,18,5.8,0
C108364,Male,45,45,Month-to-Month,Electronic Check,72.36,3019.12,Fiber Optic,No,Yes,3,1,7,7.3,0
C108365,Female,50,27,Month-to-Month,Electronic Check,94.37,2555.13,Fiber Optic,Yes,Yes,2,2,16,4.9,1
C108366,Male,42,22,Two Year,Electronic Check,137.35,2799.12,Fiber Optic,No,Yes,0,4,12,6.8,0
C108367,Female,51,15,Two Year,Electronic Check,96.78,1358.4,Fiber Optic,No,No,1,2,34,6.1,0
C108368,Female,34,8,Month-to-Month,Credit Card,80.79,659.49,No Internet,No,Yes,0,4,16,6.2,0
C108369,Male,26,68,Month-to-Month,UPI,72.31,4739.97,DSL,No,Yes,1,2,10,7.5,0
C108370,Male,37,8,Month-to-Month,Electronic Check,60.21,454.11,DSL,Yes,No,2,3,21,5.3,0
C108371,Male,40,16,Month-to-Month,Credit Card,33.11,491.58,No Internet,Yes,Yes,2,0,15,5.8,0
C108372,Male,24,48,One Year,Bank Transfer,75.16,3783.21,DSL,No,No,1,2,12,7.8,0
C108373,Female,22,34,Two Year,Electronic Check,68.19,2367.87,Fiber Optic,No,Yes,1,0,13,6.3,0
C108374,Female,43,57,Two Year,Electronic Check,76.14,4015.08,DSL,No,Yes,0,3,9,6.2,0
C108375,Male,33,5,Two Year,Electronic Check,87.42,446.45,DSL,No,Yes,1,6,19,4.8,1
C108376,Male,36,44,Two Year,UPI,119.0,4903.54,Fiber Optic,Yes,No,0,3,15,6.3,0
C108377,Male,34,71,Month-to-Month,Bank Transfer,63.18,4361.94,Fiber Optic,Yes,Yes,3,2,2,6.3,0
C108378,Female,56,37,Two Year,Credit Card,60.71,2303.74,DSL,No,Yes,1,3,17,6.4,0
C108379,Male,53,28,Month-to-Month,UPI,108.59,2935.81,Fiber Optic,Yes,No,1,4,8,6.0,0
C108380,Male,23,68,Two Year,UPI,60.64,4293.92,DSL,No,Yes,1,4,18,8.6,0
C108381,Male,32,38,Month-to-Month,Credit Card,76.99,2934.33,Fiber Optic,Yes,No,2,3,4,7.4,0
C108382,Female,48,46,Month-to-Month,Credit Card,60.23,2659.44,Fiber Optic,No,No,2,0,8,6.0,0
C108383,Female,45,26,Month-to-Month,Credit Card,119.22,3127.76,Fiber Optic,Yes,Yes,2,1,4,6.7,0
C108384,Male,38,53,Month-to-Month,Electronic Check,82.81,4061.79,No Internet,No,No,0,2,7,7.6,0
C108385,Male,24,63,One Year,Bank Transfer,68.95,4301.41,Fiber Optic,No,Yes,1,3,15,6.6,0
C108386,Female,30,63,Two Year,Bank Transfer,117.2,7177.47,Fiber Optic,No,Yes,3,1,18,5.7,0
C108387,Male,32,38,Month-to-Month,Credit Card,120.56,4521.56,Fiber Optic,No,No,0,2,10,6.7,0
C108388,Female,41,15,Month-to-Month,Electronic Check,50.19,766.26,No Internet,No,Yes,3,3,5,5.8,0
C108389,Male,58,9,Month-to-Month,Bank Transfer,108.91,968.24,Fiber Optic,No,No,0,1,2,8.6,0
C108390,Female,30,22,Month-to-Month,Credit Card,89.73,1991.24,Fiber Optic,Yes,No,3,8,6,4.7,0
C108391,Male,26,70,Month-to-Month,Electronic Check,50.71,3329.01,Fiber Optic,No,No,0,6,18,6.5,0
C108392,Female,37,56,Month-to-Month,Electronic Check,83.07,4510.38,Fiber Optic,No,No,1,4,1,8.3,0
C108393,Female,50,37,Month-to-Month,Bank Transfer,78.92,2883.91,DSL,Yes,No,0,5,5,7.7,0
C108394,Female,21,57,Two Year,Credit Card,44.54,2357.48,Fiber Optic,Yes,No,3,0,28,6.3,0
C108395,Female,55,60,Two Year,Electronic Check,128.26,8247.8,DSL,Yes,Yes,3,4,4,7.2,0
C108396,Female,36,12,Month-to-Month,Electronic Check,61.61,787.34,DSL,No,No,0,1,6,6.3,1
C108397,Male,29,7,Two Year,UPI,99.26,676.28,Fiber Optic,No,Yes,1,3,8,6.4,1
C108398,Female,19,66,Month-to-Month,Electronic Check,88.09,5932.38,Fiber Optic,Yes,Yes,0,1,13,7.1,0
C108399,Female,46,41,One Year,Electronic Check,78.99,3224.92,Fiber Optic,No,No,1,3,15,6.8,0
C108400,Male,36,24,One Year,Bank Transfer,77.17,1870.64,Fiber Optic,No,Yes,2,1,9,7.3,0
C108401,Female,40,25,Month-to-Month,Electronic Check,92.61,2175.09,Fiber Optic,Yes,Yes,1,3,8,7.8,1
C108402,Female,27,62,Month-to-Month,Bank Transfer,55.85,3486.3,No Internet,No,Yes,1,0,11,6.5,0
C108403,Female,34,44,Two Year,Credit Card,75.06,3172.46,DSL,Yes,No,0,1,7,9.0,0
C108404,Male,32,2,Month-to-Month,Electronic Check,40.14,81.71,DSL,No,No,1,2,4,6.8,0
C108405,Male,37,42,Month-to-Month,Electronic Check,104.76,4588.27,Fiber Optic,No,No,1,1,12,4.8,1
C108406,Male,30,33,Two Year,Electronic Check,62.16,2183.22,DSL,No,No,1,2,17,7.1,0
C108407,Male,20,17,Month-to-Month,Bank Transfer,76.2,1198.73,No Internet,Yes,Yes,2,1,6,5.8,0
C108408,Male,71,63,Month-to-Month,Bank Transfer,91.16,5764.84,No Internet,No,Yes,1,2,21,8.1,0
C108409,Male,22,22,Two Year,Bank Transfer,105.0,2276.05,DSL,Yes,No,1,0,9,5.7,1
C108410,Male,40,1,Two Year,Bank Transfer,119.75,,DSL,No,Yes,0,4,19,7.7,0
C108411,Female,18,70,Two Year,Electronic Check,105.51,7106.8,Fiber Optic,Yes,No,3,2,26,4.2,0
C108412,Male,18,54,Month-to-Month,UPI,48.34,2745.45,DSL,Yes,No,1,4,9,6.8,0
C108413,Male,39,14,Month-to-Month,Bank Transfer,109.56,1592.13,No Internet,Yes,Yes,1,1,17,8.0,1
C108414,Male,40,53,One Year,Bank Transfer,64.2,3622.12,Fiber Optic,No,No,2,0,11,7.8,0
C108415,Male,53,6,One Year,Electronic Check,66.84,419.32,Fiber Optic,No,Yes,2,1,11,7.8,0
C108416,Female,43,64,One Year,Electronic Check,80.06,4760.53,Fiber Optic,No,Yes,0,1,21,7.0,0
C108417,Female,36,33,Two Year,UPI,89.37,2765.93,No Internet,Yes,Yes,2,2,12,5.4,0
C108418,Female,27,72,Two Year,Credit Card,136.32,10096.47,Fiber Optic,No,No,1,5,7,7.6,0
C108419,Male,56,44,One Year,Credit Card,69.59,3139.66,DSL,No,No,2,1,8,7.0,0
C108420,Female,49,34,Month-to-Month,Electronic Check,152.34,5504.65,Fiber Optic,No,Yes,0,2,12,6.3,1
C108421,Male,23,34,Month-to-Month,Credit Card,98.99,3380.12,DSL,No,Yes,0,6,25,5.7,0
C108422,Male,38,24,Month-to-Month,UPI,64.62,1569.72,DSL,Yes,No,4,1,10,5.2,1
C108423,Male,40,2,Month-to-Month,UPI,95.64,191.97,DSL,No,No,1,3,10,7.2,0
C108424,Male,34,8,Month-to-Month,Bank Transfer,52.88,435.18,DSL,Yes,No,0,1,8,8.8,0
C108425,Male,47,25,One Year,Credit Card,79.79,1961.3,Fiber Optic,Yes,Yes,2,0,18,9.0,0
C108426,Male,48,32,One Year,UPI,57.92,1887.14,DSL,Yes,No,2,1,3,4.0,0
C108427,Female,36,56,One Year,UPI,99.61,5569.93,Fiber Optic,No,No,2,2,16,7.5,0
C108428,Male,35,7,Month-to-Month,UPI,110.74,830.49,Fiber Optic,Yes,No,0,2,8,7.4,1
C108429,Male,56,48,Month-to-Month,UPI,86.44,4095.57,Fiber Optic,No,No,1,0,5,8.2,0
C108430,Male,49,54,Month-to-Month,Credit Card,73.92,3754.09,DSL,No,Yes,2,2,6,6.9,0
C108431,Female,39,63,One Year,Credit Card,74.74,4951.57,DSL,No,Yes,2,1,7,7.8,0
C108432,Male,18,2,One Year,Credit Card,49.7,99.47,Fiber Optic,No,Yes,1,2,11,6.4,0
C108433,Female,42,35,Month-to-Month,Bank Transfer,81.03,2682.06,Fiber Optic,Yes,Yes,0,2,16,6.2,0
C108434,Female,46,22,Month-to-Month,Bank Transfer,76.63,1801.23,DSL,Yes,No,1,4,12,5.7,1
C108435,Male,18,64,Month-to-Month,Electronic Check,123.25,7410.95,DSL,No,No,0,1,6,7.3,0
C108436,Male,41,59,Two Year,Electronic Check,49.19,2701.77,No Internet,No,No,3,1,17,5.9,0
C108437,Male,33,49,Month-to-Month,Electronic Check,97.17,4584.24,Fiber Optic,No,Yes,1,1,12,8.0,0
C108438,Female,35,52,One Year,Bank Transfer,60.73,3236.22,Fiber Optic,Yes,Yes,3,0,11,7.0,0
C108439,Male,27,21,Month-to-Month,Electronic Check,83.79,1650.34,No Internet,Yes,No,2,2,5,7.7,0
C108440,Male,36,12,Month-to-Month,Credit Card,87.18,1124.42,DSL,No,Yes,2,1,14,7.0,0
C108441,Male,55,11,Month-to-Month,UPI,116.45,1288.14,Fiber Optic,Yes,Yes,3,2,1,6.5,1
C108442,Female,33,54,Two Year,UPI,92.11,5032.6,Fiber Optic,No,Yes,2,3,10,6.2,0
C108443,Male,50,70,Month-to-Month,Credit Card,78.22,5869.96,No Internet,Yes,No,1,3,5,7.6,0
C108444,Male,28,14,Two Year,Credit Card,84.27,1173.68,DSL,Yes,No,1,4,23,5.8,0
C108445,Female,47,33,Two Year,UPI,84.96,2891.65,Fiber Optic,Yes,Yes,1,2,14,8.6,0
C108446,Female,38,26,One Year,UPI,93.78,2257.28,Fiber Optic,No,Yes,0,0,10,8.5,0
C108447,Female,42,14,Month-to-Month,Credit Card,79.12,1025.6,DSL,No,Yes,2,1,7,8.1,1
C108448,Male,38,48,Two Year,Credit Card,63.45,3164.01,Fiber Optic,No,No,1,2,3,,0
C108449,Female,46,65,Month-to-Month,Credit Card,99.6,6927.13,Fiber Optic,No,No,1,1,20,7.8,0
C108450,Female,18,46,Month-to-Month,Electronic Check,116.04,5528.51,DSL,No,Yes,0,2,28,6.1,0
C108451,Male,21,55,One Year,UPI,67.23,3493.26,Fiber Optic,No,Yes,4,2,18,4.1,0
C108452,Female,43,68,Month-to-Month,Credit Card,93.1,6662.55,Fiber Optic,Yes,No,3,2,7,7.0,0
C108453,Male,18,12,Month-to-Month,Credit Card,115.56,1407.09,Fiber Optic,No,No,1,1,16,6.5,0
C108454,Female,32,54,Two Year,Credit Card,72.13,3624.18,DSL,No,No,1,4,19,7.2,0
C108455,Male,37,64,One Year,Electronic Check,127.47,8009.93,Fiber Optic,Yes,Yes,1,3,25,6.3,0
C108456,Female,28,47,Month-to-Month,Bank Transfer,101.93,5001.09,DSL,No,Yes,2,1,12,8.4,0
C108457,Male,30,37,Month-to-Month,Bank Transfer,52.0,1833.6,DSL,Yes,No,0,2,13,6.2,0
C108458,Female,41,41,Two Year,Electronic Check,63.3,2729.53,No Internet,No,No,2,0,13,7.4,0
C108459,Male,50,27,One Year,Electronic Check,95.84,2618.55,DSL,No,No,1,3,21,5.2,0
C108460,Female,26,42,Month-to-Month,UPI,44.13,1838.83,Fiber Optic,Yes,No,1,2,22,6.3,0
C108461,Female,31,68,Month-to-Month,Credit Card,61.74,3864.03,No Internet,No,Yes,2,3,5,7.4,0
C108462,Male,29,29,Month-to-Month,Credit Card,84.16,2346.75,DSL,No,No,2,3,5,5.0,1
C108463,Female,18,36,Month-to-Month,Electronic Check,77.83,2944.81,Fiber Optic,No,Yes,0,1,6,9.4,1
C108464,Female,40,57,Two Year,Electronic Check,57.49,3070.79,Fiber Optic,No,No,4,3,5,4.9,0
C108465,Male,49,12,Two Year,Credit Card,90.82,1091.39,Fiber Optic,No,Yes,4,2,6,4.5,0
C108466,Male,50,45,Month-to-Month,Credit Card,117.75,4901.15,Fiber Optic,No,Yes,3,4,45,5.5,1
C108467,Female,28,20,Month-to-Month,UPI,72.28,1389.98,Fiber Optic,No,Yes,2,0,12,6.4,1
C108468,Male,23,45,Two Year,Electronic Check,75.57,3218.47,Fiber Optic,No,Yes,1,1,16,7.8,0
C108469,Male,38,23,One Year,UPI,85.91,1949.67,Fiber Optic,Yes,Yes,1,1,2,7.2,0
C108470,Male,48,62,Month-to-Month,Credit Card,127.2,8006.88,Fiber Optic,Yes,No,1,1,7,7.2,0
C108471,Male,40,34,Month-to-Month,Credit Card,62.67,2109.91,Fiber Optic,Yes,No,2,5,5,5.0,0
C108472,Male,41,21,Month-to-Month,Credit Card,50.71,1119.57,DSL,No,No,0,2,5,8.8,0
C108473,Male,52,51,Two Year,UPI,93.68,4525.31,Fiber Optic,No,No,2,1,18,7.0,0
C108474,Female,29,9,One Year,Electronic Check,114.39,1049.18,No Internet,No,Yes,0,2,13,9.5,0
C108475,Female,35,10,Month-to-Month,UPI,68.8,727.52,Fiber Optic,No,No,1,3,12,7.3,0
C108476,Male,58,52,Two Year,Electronic Check,120.57,6370.36,No Internet,Yes,Yes,0,3,7,8.2,0
C108477,Female,36,45,Two Year,UPI,55.8,2490.85,Fiber Optic,No,Yes,4,2,8,6.1,0
C108478,Female,23,52,Month-to-Month,Credit Card,49.56,2674.71,No Internet,No,Yes,1,3,11,5.6,1
C108479,Female,30,30,One Year,UPI,58.27,1634.01,DSL,Yes,No,0,1,7,7.5,0
C108480,Male,27,64,One Year,Bank Transfer,88.9,6113.35,Fiber Optic,No,Yes,0,4,17,8.4,0
C108481,Male,42,2,One Year,Electronic Check,83.0,161.71,Fiber Optic,No,Yes,1,3,14,5.2,1
C108482,Female,27,49,One Year,Electronic Check,55.74,2600.36,No Internet,Yes,No,0,1,4,6.4,0
C108483,Female,41,45,One Year,Electronic Check,39.53,1909.5,Fiber Optic,No,Yes,1,1,12,7.3,0
C108484,Female,29,17,Two Year,Credit Card,90.17,1411.51,Fiber Optic,Yes,Yes,1,1,16,6.7,0
C108485,Female,18,28,Month-to-Month,Bank Transfer,80.08,2345.48,Fiber Optic,Yes,No,1,2,1,4.8,1
C108486,Male,42,45,Month-to-Month,Electronic Check,84.77,3765.43,Fiber Optic,No,No,1,3,9,6.6,1
C108487,Male,40,17,Month-to-Month,Electronic Check,67.16,1198.51,Fiber Optic,Yes,Yes,0,2,29,6.7,1
C108488,Male,44,59,Month-to-Month,Bank Transfer,67.22,4193.86,DSL,No,No,0,1,7,8.0,0
C108489,Male,30,14,Month-to-Month,Electronic Check,77.31,1050.31,DSL,No,Yes,0,0,8,6.0,0
C108490,Female,29,10,Month-to-Month,Credit Card,73.71,783.01,Fiber Optic,No,No,2,2,6,5.7,0
C108491,Male,43,18,Two Year,Credit Card,64.39,1249.88,DSL,Yes,Yes,2,1,5,7.1,0
C108492,Male,56,35,Two Year,UPI,86.9,3259.99,DSL,No,No,1,2,4,8.1,0
C108493,Female,38,48,Two Year,Electronic Check,59.35,2861.76,Fiber Optic,Yes,Yes,0,1,3,8.1,0
C108494,Male,43,58,Two Year,UPI,88.43,4882.85,Fiber Optic,Yes,Yes,4,2,28,4.6,1
C108495,Female,34,18,Month-to-Month,Credit Card,67.28,1270.64,No Internet,No,Yes,2,1,31,4.8,1
C108496,Female,19,52,Month-to-Month,Electronic Check,67.21,3741.86,DSL,No,Yes,2,2,29,5.2,0
C108497,Female,50,30,Month-to-Month,UPI,98.87,3185.14,DSL,Yes,Yes,0,4,4,9.2,0
C108498,Male,49,37,Month-to-Month,Electronic Check,100.91,3956.08,Fiber Optic,No,No,2,0,6,7.9,0
C108499,Male,47,40,Two Year,UPI,83.95,3204.76,DSL,Yes,Yes,2,2,17,5.9,0
C108500,Male,36,6,One Year,Credit Card,101.93,625.83,Fiber Optic,No,Yes,1,2,10,7.6,1
C108501,Male,45,35,Month-to-Month,Credit Card,85.39,3190.74,DSL,No,No,1,1,6,9.9,0
C108502,Male,49,26,Month-to-Month,UPI,66.94,1736.88,Fiber Optic,No,No,0,3,8,8.9,0
C108503,Female,57,30,Month-to-Month,Electronic Check,77.31,2436.75,DSL,No,Yes,1,2,13,6.7,0
C108504,Male,50,24,Month-to-Month,UPI,62.57,1406.67,No Internet,No,Yes,2,2,18,6.3,0
C108505,Female,39,55,Month-to-Month,Bank Transfer,84.46,4847.27,Fiber Optic,No,No,3,0,4,4.5,0
C108506,Male,22,9,One Year,Bank Transfer,25.0,209.33,Fiber Optic,No,Yes,0,3,20,7.6,0
C108507,Female,40,62,Two Year,Bank Transfer,25.0,1562.84,Fiber Optic,No,No,0,4,13,7.5,0
C108508,Female,41,18,Two Year,Bank Transfer,84.25,1499.1,DSL,No,Yes,2,3,17,5.6,0
C108509,Male,47,51,Month-to-Month,Electronic Check,109.03,5278.85,DSL,No,Yes,0,5,39,6.8,0
C108510,Male,54,19,Month-to-Month,Electronic Check,72.79,1369.08,DSL,No,No,1,2,10,7.3,0
C108511,Female,37,69,Two Year,Credit Card,54.52,3894.14,No Internet,No,No,0,0,5,9.0,0
C108512,Female,63,33,One Year,Credit Card,63.87,2195.89,No Internet,No,No,3,2,29,5.9,0
C108513,Female,18,38,One Year,Bank Transfer,86.53,3510.04,DSL,No,Yes,1,2,4,6.8,0
C108514,Male,43,13,Two Year,Bank Transfer,122.54,1643.34,Fiber Optic,Yes,No,3,1,6,5.6,0
C108515,Male,28,49,Month-to-Month,Credit Card,25.0,1322.28,No Internet,Yes,No,1,1,42,5.3,0
C108516,Female,18,53,Month-to-Month,Credit Card,105.99,5425.33,Fiber Optic,No,Yes,1,1,14,7.3,1
C108517,Female,36,1,Two Year,Bank Transfer,76.73,72.49,Fiber Optic,No,Yes,2,1,7,7.3,0
C108518,Male,21,12,Month-to-Month,Bank Transfer,88.85,997.51,Fiber Optic,No,Yes,4,1,20,3.9,1
C108519,Female,36,24,One Year,UPI,25.0,608.12,DSL,No,No,1,2,20,8.2,0
C108520,Male,38,1,Month-to-Month,UPI,68.64,66.95,Fiber Optic,Yes,No,1,3,3,5.5,0
C108521,Male,51,68,Month-to-Month,Electronic Check,84.81,5493.28,Fiber Optic,Yes,Yes,1,2,12,7.8,0
C108522,Male,20,7,Month-to-Month,Credit Card,97.73,652.69,Fiber Optic,No,Yes,0,6,27,6.3,1
C108523,Male,49,69,Month-to-Month,Credit Card,51.74,3482.64,Fiber Optic,Yes,Yes,1,4,13,6.6,0
C108524,Female,39,39,Month-to-Month,UPI,90.93,3651.91,DSL,Yes,No,1,3,2,6.2,0
C108525,Male,50,32,Month-to-Month,Credit Card,96.57,3140.41,DSL,Yes,Yes,2,2,16,8.4,1
C108526,Male,33,49,One Year,Credit Card,101.72,5217.61,DSL,No,No,2,2,0,6.5,0
C108527,Female,22,31,Two Year,Credit Card,85.15,2562.8,Fiber Optic,Yes,No,1,1,8,8.3,0
C108528,Female,23,3,Two Year,Electronic Check,73.69,228.65,Fiber Optic,Yes,No,2,2,14,5.7,1
C108529,Female,22,47,Month-to-Month,Credit Card,121.94,6070.39,DSL,No,No,1,3,1,9.0,0
C108530,Female,44,15,Two Year,Credit Card,46.7,738.43,No Internet,No,Yes,0,2,15,7.7,1
C108531,Male,56,51,Month-to-Month,Bank Transfer,90.55,4735.55,Fiber Optic,No,Yes,1,0,22,8.6,0
C108532,Female,31,21,One Year,Bank Transfer,90.26,2001.45,Fiber Optic,No,Yes,4,3,24,3.8,1
C108533,Female,46,41,Month-to-Month,UPI,112.61,4312.86,Fiber Optic,Yes,No,1,5,5,5.4,0
C108534,Female,20,3,Month-to-Month,Electronic Check,70.47,210.64,DSL,Yes,Yes,1,3,20,5.9,1
C108535,Male,40,1,Two Year,Bank Transfer,67.38,65.02,DSL,Yes,No,4,2,25,5.8,0
C108536,Male,46,21,Month-to-Month,Bank Transfer,134.58,2821.26,DSL,No,Yes,1,1,9,6.3,0
C108537,Female,21,21,Month-to-Month,Electronic Check,116.8,2306.27,Fiber Optic,No,Yes,2,0,9,6.1,0
C108538,Male,36,49,Month-to-Month,Bank Transfer,87.18,4005.69,DSL,No,Yes,2,3,7,7.1,0
C108539,Female,47,65,Month-to-Month,Bank Transfer,62.36,3800.54,No Internet,Yes,No,1,2,9,6.9,0
C108540,Female,18,41,One Year,Electronic Check,103.49,3965.95,Fiber Optic,No,Yes,2,2,7,7.4,0
C108541,Female,54,67,Two Year,Bank Transfer,100.43,6715.45,DSL,No,No,2,5,4,5.5,0
C108542,Female,42,42,One Year,UPI,56.4,2224.57,DSL,Yes,No,2,0,7,7.6,0
C108543,Female,47,69,Two Year,Credit Card,62.11,4518.24,Fiber Optic,No,Yes,1,5,27,5.6,0
C108544,Male,33,57,Two Year,UPI,91.6,5043.12,DSL,Yes,Yes,2,4,15,7.7,0
C108545,Male,18,43,Month-to-Month,Electronic Check,97.76,4511.76,No Internet,Yes,Yes,1,3,8,7.4,0
C108546,Female,44,12,Month-to-Month,Electronic Check,98.3,1192.29,DSL,No,Yes,1,0,19,6.3,0
C108547,Male,37,64,Month-to-Month,Electronic Check,82.66,5403.1,Fiber Optic,No,Yes,0,0,4,8.3,1
C108548,Male,38,51,Month-to-Month,Electronic Check,80.95,4209.46,DSL,Yes,Yes,2,1,21,6.3,1
C108549,Male,51,60,One Year,Credit Card,94.61,5525.2,Fiber Optic,No,No,1,0,15,7.6,1
C108550,Female,47,71,Month-to-Month,Bank Transfer,94.83,7131.15,Fiber Optic,No,No,0,1,19,7.1,0
C108551,Male,61,28,Month-to-Month,Electronic Check,80.62,2435.27,Fiber Optic,No,No,2,1,21,7.1,0
C108552,Female,40,71,Month-to-Month,Credit Card,70.51,4735.2,Fiber Optic,No,Yes,2,3,5,6.0,0
C108553,Male,30,14,Month-to-Month,Credit Card,66.87,935.0,No Internet,Yes,No,2,1,7,8.4,0
C108554,Male,36,32,One Year,Electronic Check,111.52,3570.53,DSL,Yes,No,2,1,12,8.5,0
C108555,Female,43,8,Two Year,Electronic Check,93.5,781.8,No Internet,No,Yes,1,3,12,6.9,0
C108556,Male,50,27,Month-to-Month,Electronic Check,79.46,2121.54,No Internet,Yes,No,2,0,11,7.8,0
C108557,Female,20,50,One Year,Electronic Check,74.63,3837.37,Fiber Optic,No,Yes,1,3,11,7.6,0
C108558,Female,38,59,Month-to-Month,Bank Transfer,64.96,3745.97,Fiber Optic,No,No,2,0,22,4.8,1
C108559,Female,57,57,Month-to-Month,Electronic Check,78.16,4142.88,Fiber Optic,No,No,1,3,6,7.9,0
C108560,Male,35,3,Month-to-Month,Credit Card,50.03,149.12,DSL,No,Yes,3,1,18,5.9,0
C108561,Female,49,27,Month-to-Month,Electronic Check,92.62,2602.65,DSL,Yes,No,2,3,24,5.6,0
C108562,Female,44,34,One Year,Bank Transfer,111.78,3890.19,DSL,No,No,4,2,12,5.9,0
C108563,Female,49,26,Month-to-Month,Credit Card,44.94,1173.35,No Internet,Yes,No,1,2,14,6.9,0
C108564,Male,28,40,Month-to-Month,Credit Card,59.9,2554.52,No Internet,No,Yes,1,4,21,6.2,0
C108565,Female,28,32,Month-to-Month,Bank Transfer,95.91,3060.18,Fiber Optic,Yes,Yes,1,2,9,6.7,0
C108566,Female,38,41,One Year,Bank Transfer,76.31,3059.87,No Internet,Yes,No,2,2,10,6.4,0
C108567,Female,20,2,One Year,Credit Card,82.38,162.02,DSL,Yes,Yes,0,4,13,8.1,1
C108568,Male,35,72,One Year,Bank Transfer,88.84,6625.45,DSL,Yes,Yes,1,2,13,6.8,0
C108569,Male,41,7,Month-to-Month,Credit Card,129.23,879.85,Fiber Optic,Yes,Yes,4,2,11,3.7,1
C108570,Male,59,19,One Year,Electronic Check,52.06,1011.33,Fiber Optic,Yes,Yes,2,4,14,6.3,0
C108571,Male,43,33,Month-to-Month,Bank Transfer,130.19,4217.76,Fiber Optic,No,No,2,1,14,6.8,1
C108572,Male,46,2,Month-to-Month,Bank Transfer,73.65,149.08,Fiber Optic,No,No,1,4,11,5.3,1
C108573,Male,52,67,One Year,UPI,68.78,4408.94,DSL,No,Yes,2,0,2,6.7,0
C108574,Female,26,15,One Year,Credit Card,79.88,1140.45,DSL,No,Yes,2,1,10,6.3,0
C108575,Male,36,21,Two Year,Electronic Check,74.67,1578.2,Fiber Optic,No,Yes,2,2,18,4.8,0
C108576,Female,67,59,Two Year,UPI,145.63,8273.45,Fiber Optic,No,Yes,2,2,6,5.1,1
C108577,Male,37,39,Two Year,Electronic Check,94.98,3466.04,Fiber Optic,No,Yes,3,3,12,6.0,0
C108578,Male,51,20,Two Year,UPI,103.38,1989.55,Fiber Optic,No,No,0,3,12,8.7,0
C108579,Male,50,1,One Year,Credit Card,101.06,99.36,No Internet,No,No,2,3,25,5.6,0
C108580,Male,20,9,Month-to-Month,Electronic Check,92.27,806.35,Fiber Optic,No,No,0,4,4,7.0,0
C108581,Female,42,51,Month-to-Month,Electronic Check,72.22,3746.84,Fiber Optic,No,Yes,1,2,9,5.8,0
C108582,Female,40,38,Two Year,Credit Card,95.55,3548.15,Fiber Optic,No,No,2,0,17,7.7,0
C108583,Male,42,15,Month-to-Month,Electronic Check,65.26,930.61,DSL,No,Yes,1,4,14,7.0,0
C108584,Male,29,41,Month-to-Month,Credit Card,85.71,3744.8,DSL,Yes,No,3,3,8,6.0,1
C108585,Male,25,47,Month-to-Month,Electronic Check,55.05,2619.8,DSL,Yes,No,0,0,9,8.5,0
C108586,Female,32,26,Month-to-Month,Electronic Check,75.38,1874.68,DSL,No,Yes,3,4,16,6.3,0
C108587,Female,37,54,One Year,Electronic Check,79.41,4172.56,Fiber Optic,Yes,Yes,2,1,6,5.5,0
C108588,Male,52,70,One Year,Electronic Check,57.4,4062.84,Fiber Optic,No,Yes,0,2,6,7.8,0
C108589,Female,60,39,One Year,Credit Card,62.99,2310.82,Fiber Optic,No,No,3,1,55,4.5,0
C108590,Female,55,17,One Year,Bank Transfer,87.27,1456.11,DSL,No,Yes,1,3,15,7.3,0
C108591,Male,48,70,Month-to-Month,Credit Card,42.57,2830.35,Fiber Optic,Yes,No,0,5,10,6.4,0
C108592,Male,26,9,Month-to-Month,Bank Transfer,83.63,736.36,DSL,No,Yes,1,2,20,7.4,1
C108593,Female,33,46,Two Year,Credit Card,88.15,4013.2,Fiber Optic,No,No,2,2,4,6.0,0
C108594,Female,41,6,Month-to-Month,Electronic Check,104.34,631.04,DSL,No,Yes,1,2,9,7.5,1
C108595,Female,30,68,Month-to-Month,UPI,49.74,3124.02,DSL,No,No,1,3,9,6.4,0
C108596,Female,45,16,One Year,Credit Card,62.09,1024.11,DSL,No,No,2,2,20,6.0,0
C108597,Male,47,29,Month-to-Month,Credit Card,30.75,950.51,Fiber Optic,Yes,No,0,2,1,8.0,0
C108598,Female,44,41,Month-to-Month,Credit Card,103.22,4097.96,Fiber Optic,No,Yes,1,0,5,6.2,0
C108599,Female,50,68,Month-to-Month,Bank Transfer,101.5,6464.5,No Internet,Yes,No,2,3,21,6.9,0
C108600,Male,27,62,Month-to-Month,UPI,120.63,7960.16,Fiber Optic,No,No,1,1,13,7.4,0
C108601,Female,49,40,Month-to-Month,UPI,113.96,4504.89,DSL,No,No,1,2,23,7.7,0
C108602,Female,30,62,Two Year,UPI,85.54,5462.92,Fiber Optic,No,Yes,1,3,14,5.2,0
C108603,Male,27,24,One Year,Credit Card,71.55,1748.47,DSL,Yes,No,0,3,17,8.1,0
C108604,Male,44,6,Month-to-Month,UPI,114.73,727.5,Fiber Optic,No,Yes,2,3,4,6.8,1
C108605,Male,53,40,One Year,Credit Card,64.03,2556.05,No Internet,Yes,Yes,1,0,13,5.9,0
C108606,Female,44,70,Month-to-Month,Electronic Check,87.99,6358.43,No Internet,Yes,Yes,1,1,3,6.5,0
C108607,Male,38,58,Month-to-Month,Electronic Check,89.49,4814.14,No Internet,No,Yes,0,0,5,7.7,0
C108608,Female,42,14,Two Year,Credit Card,114.34,1475.23,Fiber Optic,No,Yes,3,0,11,6.2,0
C108609,Female,40,45,Two Year,Bank Transfer,81.9,3849.35,Fiber Optic,No,Yes,1,2,11,6.2,0
C108610,Male,24,6,One Year,Electronic Check,117.06,732.66,Fiber Optic,No,Yes,0,1,2,10.0,0
C108611,Female,23,23,Two Year,Credit Card,91.64,1990.56,No Internet,No,Yes,0,3,14,7.8,0
C108612,Female,37,62,Two Year,UPI,88.61,5596.93,Fiber Optic,Yes,Yes,0,1,12,7.0,0
C108613,Male,39,17,One Year,Bank Transfer,64.97,1075.25,DSL,Yes,No,0,1,9,6.2,0
C108614,Male,38,70,Two Year,Bank Transfer,49.43,3291.96,Fiber Optic,No,No,1,3,43,5.2,0
C108615,Female,46,28,Month-to-Month,Electronic Check,119.07,3567.7,Fiber Optic,No,Yes,1,0,8,7.4,1
C108616,Female,35,13,Month-to-Month,Electronic Check,100.04,1390.82,Fiber Optic,Yes,No,1,2,18,7.2,1
C108617,Male,45,29,Two Year,Electronic Check,94.47,2816.41,No Internet,Yes,No,2,1,31,5.8,0
C108618,Male,36,45,Month-to-Month,Credit Card,54.96,2668.86,No Internet,No,Yes,3,3,12,5.7,0
C108619,Male,60,20,Month-to-Month,Bank Transfer,44.81,849.88,Fiber Optic,Yes,Yes,1,3,25,8.2,1
C108620,Female,39,58,Month-to-Month,Electronic Check,156.79,9571.35,Fiber Optic,No,Yes,0,2,4,8.8,1
C108621,Male,66,54,Two Year,Electronic Check,62.29,3396.51,No Internet,Yes,No,0,2,3,7.1,0
C108622,Male,42,64,Month-to-Month,Electronic Check,62.9,3820.51,Fiber Optic,Yes,No,2,1,17,7.7,0
C108623,Female,35,52,Month-to-Month,Credit Card,73.54,3900.28,Fiber Optic,No,Yes,0,3,11,6.0,1
C108624,Male,27,43,Month-to-Month,Bank Transfer,120.13,5572.3,DSL,No,No,1,2,23,7.6,0
C108625,Female,21,18,One Year,UPI,66.11,1137.1,DSL,Yes,No,3,2,30,6.7,0
C108626,Male,26,54,Month-to-Month,Electronic Check,73.45,3945.99,Fiber Optic,No,No,0,3,20,6.7,0
C108627,Female,27,60,One Year,Bank Transfer,134.02,7524.35,Fiber Optic,Yes,Yes,0,2,3,7.1,0
C108628,Male,43,71,Two Year,Credit Card,94.82,6477.23,Fiber Optic,No,No,2,4,7,7.3,0
C108629,Female,32,1,Month-to-Month,UPI,87.54,84.68,Fiber Optic,No,No,2,3,8,6.9,0
C108630,Female,40,37,Two Year,Credit Card,94.07,3521.52,Fiber Optic,No,No,2,1,19,7.9,0
C108631,Male,53,49,Month-to-Month,Credit Card,83.84,3823.37,Fiber Optic,No,No,1,5,20,6.0,0
C108632,Male,37,35,Month-to-Month,Credit Card,59.29,2202.7,No Internet,Yes,Yes,0,0,20,8.0,0
C108633,Male,63,67,One Year,Electronic Check,107.51,7733.29,DSL,Yes,Yes,2,1,25,6.4,0
C108634,Male,24,35,Two Year,Credit Card,73.08,2631.55,DSL,No,Yes,1,2,11,8.2,0
C108635,Female,36,9,Month-to-Month,UPI,79.88,738.48,Fiber Optic,No,Yes,1,4,16,6.8,1
C108636,Female,32,37,One Year,Bank Transfer,57.34,2053.76,No Internet,Yes,Yes,0,5,6,6.7,0
C108637,Male,49,60,Month-to-Month,UPI,100.86,6432.02,DSL,No,No,3,0,13,6.8,0
C108638,Female,18,56,Month-to-Month,Credit Card,91.1,5363.2,Fiber Optic,No,Yes,4,4,4,4.2,1
C108639,Female,21,12,One Year,Electronic Check,104.17,1173.7,Fiber Optic,Yes,Yes,1,2,8,8.2,0
C108640,Female,37,71,Month-to-Month,Bank Transfer,120.51,8852.64,Fiber Optic,No,Yes,1,3,9,5.0,0
C108641,Male,57,71,One Year,Electronic Check,92.45,6170.81,Fiber Optic,Yes,Yes,1,1,22,8.1,0
C108642,Male,41,4,Month-to-Month,Electronic Check,98.93,379.05,Fiber Optic,No,No,1,4,13,7.1,1
C108643,Male,22,61,One Year,Credit Card,107.13,6870.32,Fiber Optic,No,No,4,1,7,4.7,1
C108644,Female,24,45,One Year,Bank Transfer,87.23,3910.51,Fiber Optic,No,No,1,3,7,7.5,0
C108645,Male,58,50,One Year,Bank Transfer,87.66,4350.33,DSL,No,No,0,2,8,7.5,0
C108646,Male,31,50,Month-to-Month,UPI,78.48,3769.49,DSL,Yes,Yes,2,3,8,4.0,1
C108647,Male,27,48,Month-to-Month,Bank Transfer,110.54,5405.94,Fiber Optic,Yes,Yes,1,1,7,6.4,0
C108648,Female,56,23,Two Year,Bank Transfer,68.05,1475.33,Fiber Optic,Yes,No,2,6,20,4.2,0
C108649,Male,50,8,Two Year,UPI,96.69,810.29,DSL,No,Yes,0,4,4,6.5,1
C108650,Male,53,29,One Year,Bank Transfer,76.08,,Fiber Optic,No,No,0,4,10,9.9,0
C108651,Male,27,43,One Year,Bank Transfer,101.24,4593.63,DSL,No,Yes,0,2,9,7.6,0
C108652,Male,20,53,One Year,Electronic Check,54.77,2900.21,DSL,No,No,0,2,20,7.6,0
C108653,Female,40,6,Month-to-Month,Credit Card,110.74,642.47,Fiber Optic,No,No,1,3,6,8.3,1
C108654,Male,42,24,Month-to-Month,UPI,32.38,716.44,Fiber Optic,No,No,1,1,23,7.1,0
C108655,Male,42,14,One Year,UPI,103.51,1428.66,Fiber Optic,No,Yes,2,3,17,5.3,1
C108656,Female,56,52,Month-to-Month,Credit Card,40.9,2278.64,DSL,Yes,No,0,3,14,7.6,0
C108657,Male,18,70,Two Year,Credit Card,84.41,6226.59,DSL,Yes,Yes,1,4,16,5.2,0
C108658,Male,48,4,Month-to-Month,UPI,55.66,240.4,No Internet,No,Yes,2,4,32,5.9,1
C108659,Female,25,58,Month-to-Month,Electronic Check,90.24,4946.37,Fiber Optic,No,Yes,2,0,9,5.9,0
C108660,Male,48,37,One Year,UPI,95.88,3625.7,No Internet,No,Yes,0,1,11,9.2,0
C108661,Male,32,48,Month-to-Month,Bank Transfer,55.16,2492.49,DSL,No,Yes,4,2,13,4.3,1
C108662,Male,28,39,One Year,Electronic Check,82.76,3436.85,Fiber Optic,No,Yes,0,2,6,7.2,0
C108663,Male,31,66,One Year,Bank Transfer,25.0,1609.85,Fiber Optic,No,No,1,3,11,7.2,0
C108664,Female,21,13,Month-to-Month,UPI,113.25,1564.96,DSL,No,Yes,0,4,23,6.9,1
C108665,Female,38,66,Month-to-Month,Electronic Check,144.59,9089.61,Fiber Optic,Yes,Yes,4,3,15,5.3,0
C108666,Female,29,60,Month-to-Month,Credit Card,102.52,5815.87,DSL,Yes,No,3,3,4,3.7,0
C108667,Male,47,41,One Year,UPI,75.43,2933.75,No Internet,No,Yes,2,2,3,5.9,0
C108668,Male,46,32,Month-to-Month,Electronic Check,113.04,3779.22,Fiber Optic,No,No,2,0,25,6.0,1
C108669,Female,58,52,One Year,Credit Card,85.85,4723.81,No Internet,Yes,Yes,1,0,18,5.8,0
C108670,Female,42,5,Month-to-Month,Bank Transfer,114.32,529.56,Fiber Optic,No,No,2,3,28,5.9,1
C108671,Male,44,67,One Year,Electronic Check,78.56,4967.56,DSL,Yes,Yes,2,6,15,4.1,0
C108672,Male,55,66,One Year,Electronic Check,89.19,5418.7,DSL,No,No,4,2,10,6.0,0
C108673,Male,30,52,One Year,Credit Card,63.0,3045.66,DSL,No,No,1,2,11,8.3,0
C108674,Male,20,49,Two Year,Credit Card,42.97,1967.36,Fiber Optic,Yes,No,0,0,4,7.8,0
C108675,Male,40,29,Month-to-Month,Credit Card,122.43,3433.84,DSL,Yes,Yes,2,2,26,6.8,1
C108676,Male,21,38,Two Year,Electronic Check,122.07,4425.62,Fiber Optic,No,No,2,1,9,5.9,0
C108677,Female,67,70,Month-to-Month,UPI,87.14,6257.98,DSL,Yes,No,0,3,13,8.2,0
C108678,Female,55,8,Month-to-Month,UPI,68.88,594.9,DSL,Yes,Yes,1,5,7,6.9,0
C108679,Male,64,59,Month-to-Month,Credit Card,78.85,4771.92,Fiber Optic,No,No,1,2,2,7.4,0
C108680,Male,39,55,One Year,Electronic Check,84.41,4271.59,No Internet,Yes,Yes,1,1,4,8.0,0
C108681,Female,45,2,Two Year,Electronic Check,131.6,247.62,DSL,No,Yes,1,5,47,7.9,0
C108682,Male,32,26,Two Year,Electronic Check,87.46,2131.86,Fiber Optic,Yes,Yes,3,3,2,,0
C108683,Female,49,63,Month-to-Month,Bank Transfer,66.56,4137.99,No Internet,No,Yes,4,0,4,6.5,0
C108684,Male,23,17,Month-to-Month,Bank Transfer,55.01,901.97,DSL,No,Yes,2,2,9,6.5,0
C108685,Female,18,59,One Year,Electronic Check,40.77,2584.04,DSL,No,No,2,1,33,,0
C108686,Male,29,16,Two Year,Electronic Check,65.95,999.4,Fiber Optic,No,No,1,3,16,5.9,0
C108687,Male,21,58,Month-to-Month,Bank Transfer,120.11,7151.14,Fiber Optic,No,Yes,1,3,7,7.9,0
C108688,Male,56,64,Two Year,Credit Card,36.74,2224.66,No Internet,No,No,0,1,13,8.4,0
C108689,Male,60,50,One Year,Credit Card,92.97,4680.03,Fiber Optic,No,No,4,0,3,6.8,1
C108690,Male,21,26,One Year,Bank Transfer,90.63,2177.26,Fiber Optic,Yes,Yes,1,2,9,8.8,0
C108691,Female,54,17,Month-to-Month,Credit Card,80.92,1276.23,Fiber Optic,No,No,0,4,7,7.9,1
C108692,Male,49,46,Two Year,Credit Card,63.87,2717.87,Fiber Optic,No,No,4,1,8,4.7,0
C108693,Male,19,68,Two Year,Electronic Check,97.28,6251.22,Fiber Optic,No,No,1,1,6,7.4,0
C108694,Male,33,50,Month-to-Month,Credit Card,78.16,3597.91,DSL,Yes,No,0,0,10,10.0,0
C108695,Female,31,43,Month-to-Month,Electronic Check,106.25,4563.14,Fiber Optic,No,Yes,0,7,15,5.1,1
C108696,Female,47,48,Two Year,UPI,88.77,4184.5,DSL,No,Yes,0,1,7,8.0,0
C108697,Female,23,68,Month-to-Month,Electronic Check,65.08,4115.59,Fiber Optic,Yes,Yes,2,2,16,8.0,0
C108698,Male,37,19,Month-to-Month,Electronic Check,67.94,1203.73,No Internet,Yes,No,0,2,13,7.0,0
C108699,Female,30,25,Month-to-Month,Electronic Check,84.73,2211.31,DSL,No,Yes,1,2,11,8.4,0
C108700,Female,44,72,One Year,Electronic Check,39.43,2623.01,DSL,No,No,1,0,9,7.1,0
C108701,Female,35,18,Month-to-Month,UPI,105.02,2017.4,Fiber Optic,No,No,1,1,12,7.4,1
C108702,Male,32,51,Month-to-Month,Electronic Check,106.51,5319.75,DSL,Yes,No,4,3,19,3.7,0
C108703,Male,35,18,Month-to-Month,Bank Transfer,85.22,1446.5,DSL,No,Yes,0,1,40,7.8,0
C108704,Male,62,58,Month-to-Month,Bank Transfer,76.05,4665.59,Fiber Optic,No,No,3,3,32,5.1,1
C108705,Male,33,64,One Year,Credit Card,52.34,3271.75,Fiber Optic,No,No,2,1,8,7.8,0
C108706,Female,26,71,Month-to-Month,UPI,79.4,5701.5,Fiber Optic,No,Yes,3,2,9,5.8,0
C108707,Male,45,57,Two Year,Electronic Check,93.22,5307.95,DSL,No,Yes,0,4,16,9.1,0
C108708,Male,36,17,Month-to-Month,Electronic Check,100.61,1737.17,DSL,No,Yes,1,0,12,6.3,1
C108709,Female,21,59,One Year,Electronic Check,90.19,5047.68,DSL,Yes,No,1,2,8,4.7,1
C108710,Female,65,67,One Year,Credit Card,25.0,1647.16,DSL,No,Yes,1,2,20,4.8,0
C108711,Male,34,15,Month-to-Month,Credit Card,66.86,970.07,Fiber Optic,No,Yes,1,0,23,8.2,0
C108712,Female,33,26,One Year,Bank Transfer,103.28,2804.08,Fiber Optic,No,Yes,1,1,6,6.2,0
C108713,Male,40,48,Two Year,Bank Transfer,51.39,2578.43,DSL,No,Yes,1,3,13,5.5,0
C108714,Female,59,14,Month-to-Month,Electronic Check,60.8,918.51,No Internet,Yes,No,2,1,15,6.1,0
C108715,Female,18,9,Month-to-Month,Bank Transfer,57.1,554.88,No Internet,Yes,No,0,1,11,5.8,0
C108716,Female,41,7,One Year,Electronic Check,40.65,266.19,DSL,Yes,No,1,1,13,7.3,0
C108717,Female,63,55,One Year,UPI,99.88,5461.88,Fiber Optic,Yes,No,0,2,28,6.4,1
C108718,Female,40,12,One Year,UPI,88.96,1109.92,DSL,No,No,4,2,16,5.0,0
C108719,Male,23,17,Two Year,Electronic Check,83.88,1464.98,Fiber Optic,No,No,2,4,30,4.7,1
C108720,Male,31,8,One Year,Bank Transfer,107.49,857.88,DSL,No,No,3,1,11,7.1,0
C108721,Female,40,42,Month-to-Month,UPI,92.27,3626.94,DSL,Yes,Yes,2,1,4,5.5,0
C108722,Male,54,37,Month-to-Month,Electronic Check,93.52,3442.95,Fiber Optic,No,Yes,0,1,9,7.5,0
C108723,Male,34,20,Month-to-Month,Electronic Check,76.58,1643.42,DSL,No,No,2,2,9,3.8,1
C108724,Female,48,1,One Year,Credit Card,99.03,98.05,No Internet,No,Yes,0,3,14,7.2,0
C108725,Female,21,9,Month-to-Month,Electronic Check,100.21,833.84,Fiber Optic,Yes,Yes,2,1,16,6.8,0
C108726,Male,21,24,Month-to-Month,UPI,61.0,1440.84,DSL,Yes,No,1,1,13,7.3,0
C108727,Male,32,34,Two Year,UPI,94.79,3206.3,Fiber Optic,Yes,No,0,2,31,6.9,0
C108728,Male,55,36,Month-to-Month,UPI,113.09,4227.02,Fiber Optic,No,Yes,0,2,13,6.8,1
C108729,Male,39,4,Month-to-Month,Electronic Check,122.39,468.26,Fiber Optic,No,Yes,1,9,3,6.5,0
C108730,Male,41,29,Month-to-Month,Electronic Check,142.7,4192.37,Fiber Optic,No,Yes,0,1,17,8.2,1
C108731,Female,41,16,Month-to-Month,Credit Card,110.37,1673.65,DSL,No,Yes,1,6,4,5.7,0
C108732,Male,51,8,Month-to-Month,UPI,48.75,397.24,DSL,No,No,0,0,12,7.5,0
C108733,Male,31,39,Two Year,Bank Transfer,93.82,3671.84,Fiber Optic,No,No,2,2,9,4.6,0
C108734,Male,46,58,Two Year,UPI,103.35,6339.06,DSL,No,Yes,0,2,9,7.6,0
C108735,Female,28,12,Month-to-Month,UPI,40.19,479.37,DSL,No,No,2,3,10,5.2,1
C108736,Male,62,44,One Year,Credit Card,84.88,3606.56,No Internet,No,Yes,2,0,11,7.6,0
C108737,Male,28,4,One Year,Electronic Check,70.23,282.31,DSL,No,Yes,0,2,16,7.6,1
C108738,Male,27,25,Month-to-Month,Electronic Check,76.21,1923.38,Fiber Optic,No,Yes,5,2,27,4.6,1
C108739,Female,45,70,Month-to-Month,Bank Transfer,84.5,5529.09,DSL,No,No,1,3,4,7.3,0
C108740,Female,39,67,Two Year,UPI,59.09,4003.54,DSL,No,Yes,1,2,16,5.9,0
C108741,Male,42,39,One Year,Credit Card,58.21,2340.74,No Internet,Yes,No,2,3,11,5.6,0
C108742,Male,41,24,Month-to-Month,UPI,62.69,1597.13,DSL,No,No,3,2,4,6.7,1
C108743,Male,25,6,Month-to-Month,Credit Card,58.22,333.31,Fiber Optic,Yes,No,3,4,11,4.8,1
C108744,Male,57,72,One Year,Electronic Check,73.16,5230.68,Fiber Optic,No,No,2,0,18,4.5,0
C108745,Male,49,33,Month-to-Month,Bank Transfer,112.32,3444.66,DSL,Yes,Yes,1,0,3,6.8,0
C108746,Male,54,48,Month-to-Month,Credit Card,66.93,3039.99,Fiber Optic,No,Yes,0,1,9,6.9,0
C108747,Male,32,67,Month-to-Month,Electronic Check,82.13,5877.09,DSL,No,Yes,0,3,10,7.7,0
C108748,Male,43,2,Month-to-Month,UPI,87.45,187.17,Fiber Optic,No,Yes,0,3,7,5.9,1
C108749,Male,40,38,Two Year,Bank Transfer,118.73,4180.63,DSL,No,Yes,2,0,3,6.6,0
C108750,Female,52,40,Month-to-Month,Credit Card,92.89,3736.02,DSL,No,No,1,1,14,7.4,0
C108751,Male,52,56,One Year,Electronic Check,73.79,3892.59,No Internet,Yes,No,2,1,13,6.4,0
C108752,Male,40,21,Two Year,Credit Card,109.48,2374.32,No Internet,Yes,No,0,2,28,6.4,0
C108753,Male,20,35,Month-to-Month,Credit Card,60.96,2175.7,DSL,No,No,0,2,7,9.6,0
C108754,Female,59,67,Month-to-Month,Electronic Check,124.73,8379.05,Fiber Optic,Yes,Yes,0,1,13,7.2,0
C108755,Female,45,60,Two Year,Electronic Check,120.13,7230.54,Fiber Optic,No,Yes,0,4,24,7.0,0
C108756,Male,31,23,Two Year,Electronic Check,85.39,2000.41,DSL,Yes,Yes,2,4,27,4.5,0
C108757,Male,43,65,One Year,Credit Card,61.46,3956.77,DSL,No,No,2,1,25,7.6,0
C108758,Male,20,63,One Year,UPI,118.86,7766.03,Fiber Optic,Yes,Yes,2,1,21,6.4,0
C108759,Male,51,23,Month-to-Month,Bank Transfer,96.96,2305.81,DSL,No,Yes,0,1,45,6.3,0
C108760,Male,20,42,One Year,Electronic Check,96.73,3957.24,No Internet,No,Yes,0,3,26,6.0,0
C108761,Female,35,64,One Year,Electronic Check,82.82,5487.35,DSL,No,No,1,2,2,6.3,0
C108762,Female,41,66,Month-to-Month,Electronic Check,72.62,4672.46,DSL,No,Yes,3,2,5,6.5,0
C108763,Female,50,41,Month-to-Month,Credit Card,103.8,,Fiber Optic,No,Yes,3,3,5,4.8,1
C108764,Male,39,20,Month-to-Month,UPI,56.25,1073.08,No Internet,Yes,No,2,4,8,5.4,0
C108765,Female,46,9,Month-to-Month,Electronic Check,68.8,,Fiber Optic,No,No,1,5,18,5.7,1
C108766,Female,38,57,Two Year,Credit Card,118.14,6430.58,Fiber Optic,Yes,No,0,3,13,7.6,0
C108767,Male,38,17,One Year,Electronic Check,131.83,,DSL,No,No,2,1,12,6.8,1
C108768,Male,39,18,Month-to-Month,Electronic Check,70.6,1293.49,DSL,No,No,3,5,13,3.3,0
C108769,Male,36,63,Two Year,Electronic Check,100.29,6494.59,DSL,No,No,1,1,21,5.6,0
C108770,Male,18,72,Month-to-Month,Bank Transfer,82.96,6104.66,DSL,Yes,No,0,4,19,6.4,0
C108771,Male,29,72,Two Year,Electronic Check,77.39,5151.78,DSL,No,Yes,0,3,19,6.3,0
C108772,Female,41,26,One Year,Electronic Check,84.76,2280.8,Fiber Optic,Yes,Yes,3,2,2,4.8,1
C108773,Male,35,72,Two Year,Bank Transfer,107.41,8078.72,DSL,Yes,No,2,1,11,5.4,0
C108774,Female,36,72,Month-to-Month,Bank Transfer,73.96,5189.3,No Internet,No,Yes,2,2,16,7.3,0
C108775,Male,34,13,Month-to-Month,Electronic Check,67.92,895.19,DSL,No,Yes,1,4,9,7.3,1
C108776,Female,28,17,Month-to-Month,Electronic Check,100.5,1579.36,DSL,No,No,0,4,14,8.6,1
C108777,Male,32,26,Month-to-Month,Bank Transfer,114.79,2847.19,No Internet,No,Yes,0,2,16,6.1,0
C108778,Female,34,6,One Year,Credit Card,97.67,557.16,No Internet,No,Yes,1,4,4,6.6,1
C108779,Male,38,4,Month-to-Month,Credit Card,48.01,184.55,Fiber Optic,No,No,1,2,6,7.8,1
C108780,Male,43,7,Month-to-Month,Electronic Check,85.83,589.46,Fiber Optic,Yes,Yes,1,0,14,6.5,0
C108781,Female,36,17,One Year,Electronic Check,106.19,1723.89,No Internet,Yes,No,2,2,8,6.9,1
C108782,Male,26,50,Month-to-Month,Credit Card,79.68,3811.03,DSL,No,No,2,2,23,8.1,0
C108783,Female,21,6,Month-to-Month,Bank Transfer,46.89,301.88,DSL,No,Yes,3,1,29,5.5,1
C108784,Female,69,30,Two Year,Bank Transfer,95.16,2742.05,No Internet,Yes,Yes,1,1,20,7.9,0
C108785,Male,24,56,Month-to-Month,Bank Transfer,72.98,4130.6,DSL,No,Yes,0,3,6,7.1,0
C108786,Male,32,39,Month-to-Month,Credit Card,52.24,2083.72,DSL,Yes,No,2,2,29,8.7,0
C108787,Female,44,14,One Year,Bank Transfer,59.09,802.16,Fiber Optic,No,Yes,1,2,7,8.4,0
C108788,Male,42,54,One Year,Bank Transfer,79.35,3989.03,DSL,Yes,No,0,3,15,6.8,0
C108789,Female,44,22,One Year,Bank Transfer,105.25,2305.73,Fiber Optic,No,Yes,1,0,14,5.7,1
C108790,Female,33,57,Two Year,Electronic Check,67.96,4176.88,Fiber Optic,No,Yes,1,2,10,6.8,0
C108791,Male,41,41,Two Year,UPI,34.43,1363.18,DSL,Yes,Yes,1,1,28,7.0,0
C108792,Male,39,10,Month-to-Month,Electronic Check,104.65,963.53,No Internet,No,Yes,0,3,12,4.1,0
C108793,Female,34,2,Month-to-Month,UPI,109.05,228.46,No Internet,No,Yes,0,5,8,9.0,0
C108794,Male,41,67,One Year,Credit Card,55.9,3596.34,No Internet,Yes,No,0,2,23,8.4,0
C108795,Male,51,48,One Year,Credit Card,83.16,4215.58,Fiber Optic,Yes,Yes,2,1,6,8.0,0
C108796,Male,38,42,One Year,Electronic Check,119.53,4823.85,DSL,No,Yes,1,2,3,7.5,0
C108797,Male,38,11,Month-to-Month,Credit Card,66.63,776.5,Fiber Optic,No,No,2,5,34,5.7,0
C108798,Male,51,12,One Year,UPI,87.2,1115.7,DSL,No,No,2,3,17,,0
C108799,Male,50,14,Month-to-Month,Electronic Check,72.57,1029.11,DSL,No,Yes,0,5,3,7.8,0
C108800,Female,57,30,Two Year,Credit Card,55.65,1758.69,No Internet,Yes,Yes,1,0,9,,0
C108801,Male,18,60,Month-to-Month,Bank Transfer,71.75,,Fiber Optic,Yes,No,0,2,8,7.5,0
C108802,Male,49,30,Two Year,Electronic Check,42.37,1240.5,DSL,Yes,No,1,3,10,6.6,0
C108803,Female,45,38,One Year,Bank Transfer,75.08,2925.39,Fiber Optic,Yes,No,2,2,9,6.2,0
C108804,Female,27,65,One Year,UPI,65.97,4359.82,Fiber Optic,No,No,0,1,30,6.9,0
C108805,Female,41,47,Month-to-Month,Electronic Check,87.9,4084.04,Fiber Optic,Yes,Yes,1,1,32,6.7,0
C108806,Male,51,39,Month-to-Month,Bank Transfer,110.78,4497.92,DSL,No,No,2,3,14,5.5,0
C108807,Female,28,49,Two Year,Electronic Check,80.62,3932.45,Fiber Optic,No,Yes,4,3,18,8.0,0
C108808,Male,43,58,Month-to-Month,UPI,78.4,4377.86,Fiber Optic,Yes,Yes,1,4,26,6.1,0
C108809,Male,48,17,Month-to-Month,Credit Card,56.66,928.91,DSL,No,Yes,1,3,16,7.7,0
C108810,Male,25,6,Month-to-Month,UPI,116.95,645.63,Fiber Optic,No,Yes,3,5,28,4.3,1
C108811,Male,36,15,Month-to-Month,Electronic Check,79.37,1109.66,DSL,Yes,Yes,1,4,18,5.8,0
C108812,Female,42,67,Month-to-Month,Bank Transfer,115.87,7317.64,DSL,Yes,Yes,2,3,8,6.2,0
C108813,Male,28,28,Month-to-Month,Credit Card,65.07,1882.83,No Internet,Yes,No,2,2,13,5.6,0
C108814,Female,27,44,One Year,Electronic Check,94.37,3897.79,Fiber Optic,No,No,1,1,6,6.4,0
C108815,Female,36,18,One Year,Bank Transfer,61.13,1051.0,Fiber Optic,No,Yes,1,0,5,7.3,0
C108816,Female,48,32,Two Year,Bank Transfer,97.18,3097.72,Fiber Optic,No,Yes,1,2,12,7.8,0
C108817,Male,46,69,Month-to-Month,UPI,120.81,8116.04,Fiber Optic,No,Yes,3,1,11,6.0,0
C108818,Female,28,44,Month-to-Month,Electronic Check,95.14,4374.88,Fiber Optic,No,Yes,1,1,3,6.1,0
C108819,Male,46,70,Month-to-Month,UPI,79.43,5205.55,Fiber Optic,No,Yes,0,3,14,6.8,0
C108820,Male,28,63,One Year,Bank Transfer,33.56,2277.25,No Internet,No,No,0,1,10,8.4,0
C108821,Female,19,58,Month-to-Month,Credit Card,101.94,6220.09,Fiber Optic,No,Yes,0,2,18,7.6,0
C108822,Male,34,47,One Year,Electronic Check,117.19,5505.98,Fiber Optic,Yes,Yes,1,4,3,6.8,0
C108823,Male,51,17,Month-to-Month,Bank Transfer,74.58,1192.17,DSL,No,No,1,2,8,6.1,0
C108824,Female,46,39,Month-to-Month,UPI,68.06,2482.92,Fiber Optic,No,No,0,1,2,7.3,0
C108825,Male,38,59,Month-to-Month,UPI,48.17,2686.92,DSL,No,Yes,2,1,30,6.5,0
C108826,Female,33,7,Two Year,Bank Transfer,80.37,533.78,DSL,No,Yes,1,1,12,7.6,0
C108827,Male,33,63,Month-to-Month,UPI,94.59,6201.65,Fiber Optic,No,Yes,1,0,14,7.5,0
C108828,Male,39,57,Two Year,UPI,68.85,4221.1,DSL,No,Yes,2,7,28,4.2,0
C108829,Male,25,34,Two Year,UPI,88.33,3126.1,DSL,No,No,0,4,4,5.7,0
C108830,Male,34,53,Month-to-Month,Bank Transfer,79.88,4415.34,DSL,No,No,2,1,16,4.9,1
C108831,Male,35,66,Two Year,UPI,98.2,6944.57,Fiber Optic,Yes,Yes,1,0,9,7.4,0
C108832,Female,22,48,Month-to-Month,Electronic Check,101.04,4537.98,No Internet,No,No,3,2,17,2.6,0
C108833,Male,28,60,Month-to-Month,Bank Transfer,63.04,3539.9,No Internet,No,Yes,1,5,13,,0
C108834,Female,43,43,Month-to-Month,Electronic Check,83.36,3811.55,Fiber Optic,Yes,Yes,1,0,22,,0
C108835,Male,38,4,Month-to-Month,Electronic Check,108.28,436.68,Fiber Optic,No,Yes,0,2,16,6.0,1
C108836,Male,34,52,Month-to-Month,Bank Transfer,75.48,3766.78,No Internet,No,Yes,1,4,22,5.0,1
C108837,Female,27,32,Month-to-Month,Bank Transfer,102.36,3118.33,DSL,Yes,No,2,1,22,7.4,0
C108838,Female,57,51,Month-to-Month,Electronic Check,66.13,3430.36,Fiber Optic,Yes,No,2,0,3,8.4,0
C108839,Male,28,10,One Year,Electronic Check,112.52,1149.82,Fiber Optic,No,Yes,0,4,5,8.5,0
C108840,Female,41,12,Month-to-Month,Electronic Check,101.19,1264.54,Fiber Optic,Yes,No,0,2,13,8.7,0
C108841,Female,32,39,Month-to-Month,Bank Transfer,83.21,3321.08,No Internet,No,No,7,0,15,6.1,0
C108842,Male,38,68,One Year,Electronic Check,118.49,8341.96,Fiber Optic,No,No,0,1,7,8.2,0
C108843,Female,43,10,One Year,Electronic Check,72.55,750.35,DSL,Yes,No,0,3,13,6.6,0
C108844,Male,22,10,One Year,Electronic Check,105.55,979.77,DSL,No,Yes,2,3,24,7.2,1
C108845,Female,38,23,Two Year,Electronic Check,89.16,2120.03,Fiber Optic,No,No,0,1,10,5.8,0
C108846,Female,52,13,One Year,Credit Card,114.59,1408.51,Fiber Optic,No,Yes,0,2,8,7.0,0
C108847,Female,59,48,One Year,Electronic Check,90.11,4325.79,DSL,Yes,No,0,3,41,7.0,0
C108848,Male,36,44,Month-to-Month,Bank Transfer,90.01,3803.36,Fiber Optic,Yes,No,2,0,2,6.4,0
C108849,Male,39,64,Month-to-Month,Credit Card,66.68,4390.82,DSL,No,Yes,1,3,7,7.1,0
C108850,Female,65,40,Month-to-Month,Electronic Check,73.54,2848.16,Fiber Optic,Yes,No,1,0,45,6.1,1
C108851,Male,52,6,Month-to-Month,Bank Transfer,84.38,539.69,DSL,No,No,1,5,28,5.9,0
C108852,Male,31,72,One Year,Credit Card,107.48,7178.76,DSL,No,No,0,3,23,7.7,0
C108853,Female,31,43,One Year,UPI,82.18,3518.05,Fiber Optic,No,No,4,1,20,5.6,0
C108854,Male,49,32,One Year,UPI,89.06,2816.85,No Internet,No,Yes,2,2,10,4.6,0
C108855,Male,26,49,Month-to-Month,Bank Transfer,75.41,3512.58,DSL,Yes,No,3,4,17,6.1,0
C108856,Male,51,19,Month-to-Month,Bank Transfer,106.3,1880.73,Fiber Optic,No,No,3,2,4,6.2,0
C108857,Male,42,52,One Year,Credit Card,76.29,3792.97,No Internet,Yes,Yes,2,2,28,7.1,0
C108858,Female,44,52,Month-to-Month,Credit Card,92.33,4516.65,Fiber Optic,Yes,Yes,1,4,52,7.8,0
C108859,Female,35,34,Month-to-Month,Electronic Check,65.61,2118.68,Fiber Optic,Yes,No,2,0,2,6.4,1
C108860,Male,30,59,Two Year,Bank Transfer,84.63,5279.85,DSL,No,No,2,6,21,6.7,1
C108861,Female,56,5,Two Year,Bank Transfer,54.25,281.0,DSL,No,No,1,3,16,7.1,0
C108862,Female,35,66,One Year,Electronic Check,117.72,7324.2,DSL,No,Yes,0,1,13,8.1,0
C108863,Female,33,41,Month-to-Month,Credit Card,66.21,2888.97,DSL,No,Yes,1,0,16,7.1,0
C108864,Male,37,34,Month-to-Month,Bank Transfer,83.17,3002.99,Fiber Optic,No,No,0,1,1,7.0,0
C108865,Female,40,54,Month-to-Month,Credit Card,31.58,1637.62,No Internet,No,Yes,0,4,18,5.4,0
C108866,Male,26,20,One Year,Bank Transfer,78.08,1448.64,Fiber Optic,No,Yes,0,5,13,8.1,0
C108867,Female,31,54,Month-to-Month,Bank Transfer,65.06,3621.97,DSL,No,No,3,3,10,4.3,1
C108868,Female,31,66,Month-to-Month,Electronic Check,106.94,7151.47,Fiber Optic,Yes,No,1,1,10,7.3,0
C108869,Male,48,18,One Year,Credit Card,63.98,1128.63,No Internet,Yes,Yes,3,1,12,6.7,1
C108870,Female,27,44,Two Year,Credit Card,94.67,3864.26,Fiber Optic,Yes,Yes,0,0,18,8.2,0
C108871,Male,18,48,One Year,Electronic Check,121.45,5484.5,Fiber Optic,No,Yes,3,3,4,4.9,1
C108872,Female,18,35,Two Year,Bank Transfer,101.04,3593.64,Fiber Optic,No,Yes,1,0,3,9.7,0
C108873,Male,20,39,Two Year,Bank Transfer,73.81,2957.58,Fiber Optic,Yes,No,1,0,27,7.2,0
C108874,Female,54,3,Month-to-Month,Credit Card,118.54,338.92,Fiber Optic,Yes,Yes,0,2,11,7.7,1
C108875,Male,38,19,One Year,Electronic Check,36.98,696.73,Fiber Optic,Yes,No,1,2,2,5.4,0
C108876,Male,44,18,Month-to-Month,Credit Card,91.11,1738.34,DSL,No,Yes,1,1,9,7.5,0
C108877,Male,44,5,Month-to-Month,UPI,115.73,554.61,Fiber Optic,Yes,Yes,0,3,10,6.5,0
C108878,Male,39,55,Month-to-Month,Bank Transfer,53.33,3109.35,DSL,No,No,1,5,5,4.2,0
C108879,Male,37,13,Month-to-Month,Electronic Check,37.64,472.76,Fiber Optic,No,Yes,0,2,6,7.1,0
C108880,Female,51,34,Two Year,UPI,62.34,2241.08,Fiber Optic,No,No,2,5,10,5.5,0
C108881,Male,40,18,Two Year,Electronic Check,75.69,1379.41,DSL,No,Yes,0,1,18,6.4,0
C108882,Male,55,68,Month-to-Month,UPI,56.04,3965.32,No Internet,No,No,2,2,10,6.6,0
C108883,Male,45,72,Month-to-Month,UPI,85.17,5975.71,No Internet,No,No,0,2,5,8.6,0
C108884,Female,31,43,Month-to-Month,UPI,53.26,2157.93,No Internet,No,No,3,1,12,,0
C108885,Female,32,65,Month-to-Month,Bank Transfer,80.37,4930.44,Fiber Optic,No,No,0,3,5,8.0,0
C108886,Female,29,41,Month-to-Month,Bank Transfer,108.93,4226.48,Fiber Optic,No,Yes,1,2,24,6.8,0
C108887,Female,53,38,One Year,Electronic Check,79.31,2869.72,No Internet,No,No,1,2,9,8.0,0
C108888,Male,33,38,Month-to-Month,Bank Transfer,56.4,2274.4,Fiber Optic,No,Yes,3,7,5,5.7,0
C108889,Male,28,13,Month-to-Month,Bank Transfer,124.19,1611.76,Fiber Optic,No,Yes,1,5,13,6.2,1
C108890,Male,42,22,One Year,Electronic Check,71.54,1503.55,DSL,No,No,3,3,10,5.8,1
C108891,Female,37,29,Two Year,Credit Card,82.44,2439.58,No Internet,Yes,No,2,3,5,5.7,0
C108892,Female,42,9,Two Year,UPI,104.08,874.3,Fiber Optic,No,No,1,4,34,4.6,1
C108893,Male,61,68,One Year,Credit Card,53.38,3446.24,DSL,No,No,3,3,21,4.8,0
C108894,Male,49,17,Month-to-Month,Credit Card,47.53,814.95,DSL,No,Yes,1,1,5,8.8,0
C108895,Male,38,37,One Year,Electronic Check,58.51,2159.54,DSL,Yes,No,1,1,7,8.6,0
C108896,Male,21,64,Two Year,Credit Card,116.9,7149.39,DSL,No,Yes,2,2,6,6.3,0
C108897,Female,32,67,Month-to-Month,Bank Transfer,84.41,5245.67,Fiber Optic,No,Yes,1,2,13,7.7,1
C108898,Male,47,4,Two Year,Electronic Check,107.05,435.18,Fiber Optic,Yes,Yes,0,2,7,5.9,1
C108899,Female,24,40,Month-to-Month,Bank Transfer,68.97,2928.99,DSL,No,Yes,1,2,42,7.0,0
C108900,Male,64,16,One Year,Bank Transfer,78.84,1315.69,Fiber Optic,No,No,2,1,5,8.3,0
C108901,Female,38,11,Month-to-Month,Bank Transfer,129.62,1357.68,DSL,No,Yes,1,2,17,6.3,1
C108902,Female,39,26,One Year,UPI,71.43,1915.85,DSL,No,No,2,5,3,6.0,1
C108903,Female,30,72,Month-to-Month,Credit Card,61.63,4246.71,DSL,No,Yes,0,2,15,6.6,0
C108904,Female,44,65,Month-to-Month,Electronic Check,91.24,6181.76,Fiber Optic,No,Yes,2,3,2,6.4,1
C108905,Female,24,2,One Year,UPI,44.5,92.64,No Internet,No,Yes,1,2,9,8.9,1
C108906,Female,64,45,Month-to-Month,Electronic Check,51.08,2196.0,DSL,No,Yes,4,4,12,3.8,1
C108907,Female,54,43,Two Year,UPI,99.47,3948.56,DSL,No,No,1,4,28,6.9,0
C108908,Female,50,3,Month-to-Month,UPI,96.33,290.05,Fiber Optic,Yes,Yes,3,2,3,5.6,0
C108909,Female,21,34,Two Year,UPI,85.39,2964.17,DSL,No,Yes,1,3,22,6.9,0
C108910,Female,40,65,Month-to-Month,UPI,86.06,5391.21,Fiber Optic,Yes,Yes,1,3,4,5.7,0
C108911,Female,53,64,One Year,Electronic Check,52.1,3290.75,DSL,No,Yes,1,6,8,5.5,0
C108912,Female,45,7,Two Year,Electronic Check,105.7,735.03,Fiber Optic,No,No,0,3,10,7.5,0
C108913,Male,26,35,Month-to-Month,Electronic Check,111.97,4062.13,DSL,Yes,No,1,1,9,7.0,1
C108914,Male,30,22,Two Year,Bank Transfer,48.1,1006.53,DSL,Yes,Yes,2,2,8,,0
C108915,Male,33,48,One Year,Electronic Check,99.82,4478.77,Fiber Optic,No,Yes,3,1,11,7.5,1
C108916,Male,31,32,Month-to-Month,Bank Transfer,41.33,1273.86,No Internet,Yes,Yes,1,1,8,8.6,0
C108917,Female,56,26,Month-to-Month,Electronic Check,61.56,1600.02,DSL,No,No,2,4,13,7.2,0
C108918,Male,18,6,Two Year,Bank Transfer,138.51,783.04,Fiber Optic,No,Yes,2,2,7,5.8,1
C108919,Female,46,46,Two Year,Electronic Check,97.9,4307.96,DSL,Yes,No,0,3,12,5.8,0
C108920,Female,22,55,One Year,Credit Card,84.74,4657.52,DSL,No,No,1,1,24,7.1,0
C108921,Male,26,55,Month-to-Month,UPI,46.18,2629.9,Fiber Optic,No,No,1,5,1,4.9,0
C108922,Female,18,57,Month-to-Month,Credit Card,95.52,5032.38,DSL,No,No,0,2,14,7.6,0
C108923,Female,31,63,Month-to-Month,Electronic Check,95.86,6107.58,Fiber Optic,Yes,Yes,0,1,8,8.1,0
C108924,Male,56,1,Month-to-Month,UPI,77.55,76.11,Fiber Optic,No,No,1,4,25,6.1,1
C108925,Female,41,21,Month-to-Month,Credit Card,57.28,1214.87,No Internet,Yes,Yes,3,7,35,5.1,0
C108926,Female,24,20,Two Year,Bank Transfer,65.21,1333.52,Fiber Optic,Yes,Yes,0,2,22,8.8,0
C108927,Male,50,29,Month-to-Month,Bank Transfer,61.58,1653.52,No Internet,No,Yes,0,3,11,7.4,0
C108928,Male,53,43,One Year,Bank Transfer,94.27,4078.52,DSL,Yes,Yes,3,0,36,5.5,1
C108929,Female,39,45,Month-to-Month,Credit Card,72.59,3499.23,No Internet,Yes,No,0,1,38,8.4,0
C108930,Male,62,65,One Year,Bank Transfer,91.75,5889.93,Fiber Optic,No,Yes,2,2,4,7.7,0
C108931,Male,48,3,Month-to-Month,Electronic Check,111.86,357.74,Fiber Optic,No,No,1,5,4,6.1,1
C108932,Male,46,20,Month-to-Month,Credit Card,60.7,1305.58,Fiber Optic,No,Yes,0,2,19,8.3,1
C108933,Female,28,37,One Year,Electronic Check,31.66,1193.82,No Internet,No,No,1,2,18,6.4,0
C108934,Female,46,38,Month-to-Month,Credit Card,107.27,4087.48,Fiber Optic,Yes,Yes,1,7,10,6.4,1
C108935,Female,41,45,Month-to-Month,Credit Card,47.91,2250.11,DSL,No,No,1,4,3,7.0,1
C108936,Male,44,42,Two Year,UPI,63.4,2786.04,DSL,No,No,0,1,17,5.8,0
C108937,Female,30,46,Month-to-Month,Credit Card,82.97,3892.1,Fiber Optic,No,Yes,1,3,11,6.8,1
C108938,Male,40,60,Two Year,UPI,86.8,4791.7,Fiber Optic,No,Yes,1,1,12,6.5,0
C108939,Male,28,13,One Year,Credit Card,30.58,407.26,DSL,Yes,No,0,3,18,7.3,0
C108940,Male,18,31,Month-to-Month,Credit Card,77.84,2560.15,DSL,No,Yes,3,1,1,6.7,0
C108941,Male,50,68,Month-to-Month,Credit Card,118.85,7523.09,DSL,No,Yes,1,2,13,6.8,0
C108942,Female,20,62,One Year,Bank Transfer,78.13,4688.14,Fiber Optic,No,No,0,2,37,8.4,0
C108943,Female,39,49,One Year,Bank Transfer,94.74,4907.41,Fiber Optic,No,Yes,4,0,5,5.0,1
C108944,Male,42,18,One Year,Bank Transfer,104.91,1926.2,Fiber Optic,No,No,0,1,35,7.4,0
C108945,Female,42,53,Month-to-Month,Bank Transfer,118.08,5871.89,Fiber Optic,No,Yes,2,1,7,5.8,0
C108946,Female,35,18,One Year,Credit Card,112.95,2064.55,Fiber Optic,Yes,No,1,3,11,7.0,0
C108947,Female,41,51,Two Year,Credit Card,74.65,3879.08,Fiber Optic,No,No,0,3,3,8.7,0
C108948,Male,44,41,Month-to-Month,Credit Card,87.39,3359.18,DSL,No,No,0,6,23,7.9,0
C108949,Female,47,67,Two Year,Electronic Check,117.7,7471.9,DSL,No,Yes,1,4,10,5.0,0
C108950,Male,59,65,Month-to-Month,UPI,71.83,4731.21,DSL,No,Yes,2,0,14,6.1,0
C108951,Female,41,6,Month-to-Month,Electronic Check,108.52,642.05,DSL,No,No,3,3,4,6.3,1
C108952,Male,39,37,Month-to-Month,Electronic Check,69.7,2467.91,DSL,No,Yes,2,1,12,5.7,0
C108953,Female,27,12,Month-to-Month,Credit Card,87.44,1070.62,Fiber Optic,No,No,2,6,29,5.2,1
C108954,Male,43,2,Month-to-Month,Electronic Check,123.25,231.13,DSL,No,No,1,1,18,7.7,1
C108955,Male,46,53,Month-to-Month,UPI,52.57,2613.78,No Internet,No,No,0,2,7,8.3,0
C108956,Female,36,25,Month-to-Month,UPI,41.17,948.62,Fiber Optic,No,Yes,2,0,8,7.6,0
C108957,Female,45,28,Month-to-Month,Credit Card,92.89,2665.02,No Internet,No,Yes,0,0,10,7.4,0
C108958,Female,34,45,Month-to-Month,UPI,101.11,4863.91,DSL,Yes,Yes,2,2,9,5.4,0
C108959,Female,46,37,Month-to-Month,Credit Card,71.89,2455.89,DSL,No,Yes,2,5,10,7.3,0
C108960,Male,49,17,Two Year,Electronic Check,75.1,1256.64,DSL,No,Yes,1,2,5,8.5,0
C108961,Male,49,69,Two Year,UPI,106.61,6973.95,Fiber Optic,No,Yes,1,3,14,8.8,0
C108962,Male,39,56,Two Year,Electronic Check,62.13,3560.69,No Internet,Yes,No,1,2,3,7.6,0
C108963,Male,26,58,Month-to-Month,,65.37,3759.57,No Internet,Yes,No,2,0,18,7.5,0
C108964,Female,31,4,Month-to-Month,Bank Transfer,98.77,400.76,No Internet,No,Yes,0,1,27,7.1,1
C108965,Female,45,55,Month-to-Month,Credit Card,105.78,,Fiber Optic,Yes,No,1,3,32,4.7,0
C108966,Female,67,49,Month-to-Month,Credit Card,74.88,3709.57,DSL,No,No,2,3,10,4.4,0
C108967,Female,34,38,Two Year,Bank Transfer,62.59,2392.07,DSL,No,Yes,0,1,5,,1
C108968,Female,43,45,Two Year,Bank Transfer,97.84,4151.73,DSL,No,Yes,3,3,27,3.6,0
C108969,Male,31,30,Month-to-Month,UPI,91.68,2733.74,Fiber Optic,Yes,No,2,1,8,4.7,1
C108970,Male,26,37,Month-to-Month,Bank Transfer,59.66,2252.53,No Internet,No,Yes,1,2,3,5.8,0
C108971,Female,30,56,Two Year,Electronic Check,69.84,4040.24,Fiber Optic,No,Yes,1,6,25,6.4,0
C108972,Male,18,27,One Year,Credit Card,70.36,1772.65,DSL,Yes,Yes,1,4,23,6.2,0
C108973,Male,54,32,Month-to-Month,UPI,105.47,3474.89,DSL,No,No,1,3,14,7.1,1
C108974,Male,18,11,Month-to-Month,Bank Transfer,58.12,608.2,DSL,No,Yes,1,1,8,8.5,0
C108975,Female,35,58,Month-to-Month,Electronic Check,127.31,7574.25,Fiber Optic,No,No,3,6,15,4.2,1
C108976,Male,24,35,Month-to-Month,Bank Transfer,108.59,3666.65,DSL,No,Yes,3,2,2,5.0,0
C108977,Female,27,17,Two Year,Credit Card,89.78,1548.44,DSL,No,No,0,4,21,6.2,0
C108978,Female,55,30,Month-to-Month,Electronic Check,69.13,1959.51,DSL,No,Yes,1,4,7,7.8,1
C108979,Male,40,18,Month-to-Month,Credit Card,131.82,2547.48,Fiber Optic,Yes,No,1,3,13,6.2,1
C108980,Female,26,30,Month-to-Month,UPI,74.59,2309.56,DSL,No,No,1,6,17,4.8,1
C108981,Female,31,16,Month-to-Month,Credit Card,61.1,939.22,No Internet,No,No,1,3,6,6.1,0
C108982,Female,29,54,One Year,UPI,65.61,3730.92,No Internet,No,No,2,1,12,7.3,0
C108983,Female,37,4,Month-to-Month,Electronic Check,50.91,218.53,Fiber Optic,No,No,1,1,33,8.0,1
C108984,Male,40,15,Month-to-Month,Credit Card,58.81,888.21,DSL,No,Yes,0,3,12,5.0,1
C108985,Female,61,27,One Year,Electronic Check,68.22,1797.42,Fiber Optic,Yes,No,3,1,3,7.6,1
C108986,Male,18,4,Month-to-Month,Electronic Check,76.9,292.3,No Internet,Yes,Yes,1,0,4,6.0,1
C108987,Female,38,35,Month-to-Month,Credit Card,80.38,2866.33,Fiber Optic,No,No,3,1,23,5.5,0
C108988,Female,34,63,Month-to-Month,Credit Card,58.21,3520.28,Fiber Optic,No,Yes,2,3,3,6.4,0
C108989,Female,49,66,Month-to-Month,Electronic Check,71.64,5020.87,DSL,No,Yes,1,2,12,7.0,1
C108990,Male,42,39,Month-to-Month,Electronic Check,84.01,3157.07,Fiber Optic,No,Yes,1,2,27,6.0,0
C108991,Male,45,28,Month-to-Month,Credit Card,69.58,1825.47,DSL,No,Yes,1,3,13,5.1,1
C108992,Male,42,34,One Year,Electronic Check,84.86,3110.9,DSL,No,Yes,1,0,7,7.6,0
C108993,Male,27,33,Month-to-Month,Bank Transfer,87.81,2845.84,DSL,No,Yes,0,1,20,9.6,0
C108994,Male,53,50,One Year,UPI,92.21,4725.65,DSL,No,Yes,0,2,11,7.8,0
C108995,Male,48,60,Two Year,UPI,44.62,2576.82,No Internet,No,No,2,4,13,5.2,0
C108996,Male,49,72,Month-to-Month,Electronic Check,69.26,4787.34,Fiber Optic,No,Yes,0,4,20,6.8,0
C108997,Female,53,72,One Year,UPI,71.22,5070.69,Fiber Optic,No,No,1,0,13,8.5,0
C108998,Male,43,42,Two Year,Bank Transfer,107.03,4745.36,Fiber Optic,No,Yes,1,3,16,5.4,1
C108999,Female,56,28,Two Year,Electronic Check,95.01,2687.33,Fiber Optic,Yes,Yes,2,1,5,6.0,0
C109000,Female,43,27,One Year,Bank Transfer,85.97,2330.29,Fiber Optic,No,Yes,1,3,12,6.6,0
C109001,Female,35,1,Month-to-Month,UPI,81.56,,Fiber Optic,No,No,0,2,18,6.3,1
C109002,Female,38,8,Month-to-Month,Electronic Check,117.48,901.85,Fiber Optic,No,Yes,2,0,27,3.6,1
C109003,Male,38,46,Month-to-Month,Electronic Check,119.48,5725.71,Fiber Optic,No,No,0,3,41,3.0,1
C109004,Female,32,24,Two Year,Credit Card,70.85,1568.61,DSL,Yes,No,0,4,6,7.6,0
C109005,Male,58,40,Month-to-Month,Electronic Check,77.05,3297.8,Fiber Optic,Yes,Yes,1,0,19,7.9,0
C109006,Male,42,51,One Year,Electronic Check,42.65,2269.07,Fiber Optic,Yes,Yes,0,3,3,5.6,0
C109007,Female,39,24,One Year,Bank Transfer,94.23,2196.23,Fiber Optic,No,No,0,4,20,6.7,0
C109008,Male,43,22,Month-to-Month,Credit Card,86.03,1994.93,Fiber Optic,No,No,1,5,11,5.5,0
C109009,Female,74,68,Month-to-Month,Credit Card,100.17,6637.01,DSL,No,Yes,2,4,19,4.9,0
C109010,Male,24,8,Two Year,Credit Card,96.23,747.39,DSL,No,No,0,2,11,6.8,0
C109011,Male,28,58,One Year,Bank Transfer,87.31,,Fiber Optic,Yes,Yes,1,1,13,8.7,0
C109012,Male,21,15,Month-to-Month,UPI,55.6,820.86,Fiber Optic,No,No,0,3,5,7.3,0
C109013,Male,35,8,Month-to-Month,Bank Transfer,114.68,965.41,Fiber Optic,No,No,1,4,4,6.0,1
C109014,Male,41,42,Month-to-Month,Bank Transfer,58.67,2369.42,DSL,No,No,3,2,1,6.4,1
C109015,Male,32,39,Month-to-Month,Credit Card,120.96,4807.36,Fiber Optic,No,Yes,1,2,18,8.0,0
C109016,Male,32,35,Month-to-Month,UPI,105.64,3499.34,Fiber Optic,Yes,Yes,0,4,29,6.7,1
C109017,Female,40,41,Month-to-Month,Credit Card,37.22,1645.42,DSL,No,Yes,2,4,15,6.2,0
C109018,Male,32,48,Month-to-Month,UPI,80.9,3710.96,Fiber Optic,Yes,Yes,0,1,7,8.5,0
C109019,Female,42,71,Month-to-Month,Bank Transfer,75.21,5623.95,Fiber Optic,No,Yes,0,2,22,9.0,0
C109020,Male,51,44,Month-to-Month,Bank Transfer,25.0,1053.33,DSL,Yes,Yes,0,0,20,9.3,0
C109021,Female,46,35,One Year,Electronic Check,49.03,1701.6,DSL,Yes,Yes,2,1,16,7.1,0
C109022,Male,49,27,Two Year,Bank Transfer,40.67,1055.93,DSL,Yes,No,0,2,21,7.7,0
C109023,Male,51,65,Month-to-Month,Electronic Check,100.16,6758.99,DSL,Yes,Yes,0,2,12,5.2,0
C109024,Male,41,70,Month-to-Month,Credit Card,76.53,5496.76,Fiber Optic,No,Yes,0,0,6,8.5,0
C109025,Male,36,66,One Year,Bank Transfer,86.37,5351.66,Fiber Optic,No,Yes,3,2,10,7.2,0
C109026,Female,29,71,Two Year,UPI,89.78,6682.04,Fiber Optic,Yes,Yes,1,2,15,6.5,0
C109027,Male,33,72,Month-to-Month,Credit Card,128.41,9835.58,DSL,No,Yes,1,1,2,7.3,0
C109028,Female,32,63,One Year,Electronic Check,80.13,4697.69,DSL,No,Yes,1,2,14,6.2,0
C109029,Male,47,29,Month-to-Month,UPI,77.0,2089.28,Fiber Optic,Yes,Yes,1,3,32,7.7,0
C109030,Male,42,31,Two Year,Bank Transfer,65.46,1886.36,DSL,No,Yes,1,2,3,6.9,1
C109031,Female,46,64,Two Year,Electronic Check,80.17,4933.6,Fiber Optic,No,Yes,1,0,16,6.2,0
C109032,Male,24,53,One Year,UPI,94.33,5349.8,Fiber Optic,Yes,No,1,0,15,7.7,0
C109033,Female,55,68,Two Year,UPI,72.82,4705.78,DSL,No,Yes,0,2,4,8.9,0
C109034,Male,33,25,Month-to-Month,Credit Card,58.52,1571.02,No Internet,Yes,Yes,0,3,10,6.2,0
C109035,Female,25,13,Month-to-Month,Electronic Check,81.17,1021.89,No Internet,No,Yes,0,4,5,8.3,0
C109036,Male,33,40,Month-to-Month,UPI,101.59,4242.22,DSL,No,No,1,6,9,5.1,1
C109037,Female,68,72,Month-to-Month,Electronic Check,77.56,5667.09,DSL,Yes,No,1,1,35,6.5,0
C109038,Female,33,7,Two Year,Bank Transfer,77.03,515.22,Fiber Optic,No,Yes,2,3,20,5.9,0
C109039,Male,34,32,One Year,,83.76,2835.86,DSL,Yes,Yes,2,3,16,5.6,0
C109040,Male,36,24,One Year,UPI,41.22,917.12,Fiber Optic,Yes,Yes,2,5,14,6.0,0
C109041,Male,36,1,Month-to-Month,UPI,84.34,77.74,Fiber Optic,No,Yes,1,3,15,5.2,1
C109042,Female,29,47,One Year,Bank Transfer,55.31,2572.58,DSL,Yes,No,0,3,6,8.1,0
C109043,Male,40,51,Month-to-Month,Electronic Check,34.14,1718.69,DSL,Yes,No,2,1,9,7.0,0
C109044,Male,51,36,Month-to-Month,Bank Transfer,105.52,3895.09,DSL,No,No,1,2,18,8.9,0
C109045,Male,42,27,One Year,Bank Transfer,68.04,1699.33,DSL,Yes,Yes,2,1,26,7.2,0
C109046,Male,25,70,Month-to-Month,Electronic Check,61.0,4394.62,DSL,No,Yes,2,1,21,8.3,0
C109047,Female,34,42,Two Year,Bank Transfer,86.3,3650.74,Fiber Optic,No,No,0,3,12,6.4,0
C109048,Female,31,68,Month-to-Month,Electronic Check,47.55,3144.0,DSL,Yes,Yes,2,3,11,5.4,0
C109049,Male,39,70,Month-to-Month,Credit Card,74.42,5189.61,Fiber Optic,No,Yes,0,0,12,7.0,0
C109050,Female,54,13,Two Year,Credit Card,68.3,826.25,Fiber Optic,Yes,No,3,1,10,4.7,0
C109051,Female,36,25,Month-to-Month,UPI,84.66,2097.67,Fiber Optic,Yes,Yes,1,4,11,6.2,1
C109052,Male,37,22,Month-to-Month,Credit Card,133.84,2966.46,Fiber Optic,No,Yes,1,0,1,7.0,1
C109053,Male,59,21,Month-to-Month,Bank Transfer,121.61,2612.56,Fiber Optic,No,No,2,3,16,5.3,1
C109054,Female,49,15,Month-to-Month,Credit Card,40.65,561.82,DSL,No,No,0,7,30,5.8,0
C109055,Female,45,67,Month-to-Month,Bank Transfer,75.52,5276.22,No Internet,Yes,No,2,3,6,5.3,0
C109056,Female,61,37,Two Year,Electronic Check,69.83,2501.32,Fiber Optic,No,No,1,2,12,7.1,0
C109057,Male,44,45,Two Year,Electronic Check,85.73,3770.55,DSL,No,Yes,2,1,9,7.1,0
C109058,Male,18,26,Month-to-Month,Bank Transfer,53.09,1435.43,Fiber Optic,Yes,No,0,1,46,6.0,1
C109059,Male,48,55,Month-to-Month,Electronic Check,135.06,8002.77,Fiber Optic,No,Yes,0,8,10,6.4,0
C109060,Female,19,50,Two Year,Electronic Check,77.78,3916.72,DSL,No,Yes,2,2,8,7.2,0
C109061,Female,43,35,One Year,UPI,60.49,1983.79,DSL,No,No,3,2,15,7.1,0
C109062,Female,18,41,Two Year,Electronic Check,73.33,3070.41,Fiber Optic,No,Yes,2,0,29,5.6,0
C109063,Male,32,72,One Year,Credit Card,93.62,7279.8,Fiber Optic,Yes,Yes,0,0,18,6.9,0
C109064,Male,34,11,Two Year,Bank Transfer,69.07,699.32,Fiber Optic,Yes,Yes,2,4,31,8.5,0
C109065,Male,29,8,Two Year,Credit Card,75.82,563.03,Fiber Optic,Yes,Yes,2,1,24,6.7,0
C109066,Male,34,54,Two Year,Credit Card,83.78,4483.76,DSL,Yes,No,2,0,27,6.5,0
C109067,Male,50,1,Month-to-Month,Electronic Check,52.66,48.56,No Internet,No,Yes,1,1,11,8.8,0
C109068,Male,29,20,Month-to-Month,Bank Transfer,78.64,1529.78,DSL,No,No,1,1,22,5.9,0
C109069,Male,45,34,One Year,Electronic Check,90.29,2929.28,DSL,No,Yes,1,2,28,4.8,0
C109070,Female,26,57,Month-to-Month,Bank Transfer,51.47,2979.81,Fiber Optic,No,No,1,1,5,8.6,0
C109071,Female,36,13,Month-to-Month,Credit Card,92.48,1147.93,Fiber Optic,No,Yes,0,1,6,7.9,0
C109072,Male,42,54,Two Year,UPI,81.62,4264.85,DSL,No,Yes,2,1,13,6.2,0
C109073,Male,26,53,Month-to-Month,Electronic Check,98.97,5612.31,No Internet,No,Yes,1,0,4,8.5,0
C109074,Male,22,52,Month-to-Month,Credit Card,77.0,4101.1,Fiber Optic,Yes,No,1,7,15,7.7,0
C109075,Female,44,6,Month-to-Month,UPI,62.07,388.98,Fiber Optic,No,No,0,3,3,8.4,1
C109076,Female,51,36,Month-to-Month,Bank Transfer,54.13,1959.76,DSL,No,Yes,2,1,3,6.8,0
C109077,Female,37,25,One Year,UPI,49.25,1154.11,No Internet,No,Yes,1,7,12,5.5,0
C109078,Female,33,58,Two Year,Electronic Check,73.04,4197.91,DSL,Yes,No,2,2,7,6.5,0
C109079,Male,40,55,One Year,Credit Card,69.61,3652.0,Fiber Optic,No,Yes,1,5,4,7.7,0
C109080,Male,39,3,Month-to-Month,Electronic Check,108.29,312.56,Fiber Optic,No,No,2,1,13,5.8,1
C109081,Male,41,28,Month-to-Month,UPI,81.61,2409.98,No Internet,No,Yes,2,4,15,4.1,1
C109082,Male,18,68,Month-to-Month,Electronic Check,87.66,6336.99,DSL,Yes,Yes,2,1,33,6.1,0
C109083,Female,25,38,Month-to-Month,UPI,87.11,3163.91,Fiber Optic,No,No,2,2,9,8.2,0
C109084,Male,28,34,One Year,Bank Transfer,70.84,2386.68,DSL,Yes,No,1,4,4,7.2,0
C109085,Male,40,13,Month-to-Month,UPI,102.84,1437.26,DSL,No,No,2,2,9,5.7,1
C109086,Male,40,5,Month-to-Month,Electronic Check,41.64,211.94,DSL,No,Yes,2,2,6,5.8,0
C109087,Female,46,60,Month-to-Month,Credit Card,79.34,4994.9,No Internet,No,Yes,1,2,34,6.0,0
C109088,Male,41,17,Month-to-Month,Electronic Check,52.19,892.91,Fiber Optic,Yes,No,0,3,13,7.4,1
C109089,Female,22,57,Two Year,Credit Card,34.45,1959.78,No Internet,Yes,No,1,2,31,8.6,0
C109090,Male,55,31,Month-to-Month,UPI,49.6,1592.94,No Internet,No,Yes,0,0,11,6.7,0
C109091,Male,53,65,Month-to-Month,Bank Transfer,126.85,8006.69,Fiber Optic,Yes,No,0,4,20,7.9,0
C109092,Male,23,66,Month-to-Month,Credit Card,75.76,5114.28,Fiber Optic,No,No,3,0,9,5.1,0
C109093,Female,42,33,Month-to-Month,Credit Card,86.98,2878.8,Fiber Optic,No,No,1,2,10,7.9,0
C109094,Male,31,4,Month-to-Month,Bank Transfer,118.18,489.86,Fiber Optic,No,No,2,2,2,8.7,1
C109095,Female,40,55,One Year,Bank Transfer,55.68,2884.71,DSL,Yes,Yes,0,6,21,7.5,0
C109096,Male,51,24,One Year,Credit Card,75.02,1850.89,DSL,No,Yes,0,6,28,5.3,0
C109097,Male,64,32,Month-to-Month,Electronic Check,73.21,2394.64,DSL,Yes,Yes,0,3,5,8.1,0
C109098,Female,47,47,Month-to-Month,Bank Transfer,99.08,4957.33,No Internet,No,Yes,0,2,13,6.5,0
C109099,Male,42,16,Two Year,Credit Card,102.34,1604.9,No Internet,No,No,1,3,7,9.1,0
C109100,Female,34,21,One Year,UPI,61.12,1356.2,Fiber Optic,No,No,0,2,14,7.0,0
C109101,Female,40,67,Month-to-Month,Credit Card,67.13,4163.07,Fiber Optic,No,No,3,1,13,5.2,0
C109102,Male,54,31,Month-to-Month,Credit Card,106.83,3196.37,DSL,No,Yes,2,1,7,4.3,0
C109103,Female,37,14,Month-to-Month,UPI,68.01,890.23,Fiber Optic,Yes,No,1,4,14,5.0,1
C109104,Male,27,6,One Year,Electronic Check,69.1,398.04,DSL,No,No,0,0,8,8.8,0
C109105,Male,19,69,Two Year,Electronic Check,68.68,4615.73,No Internet,No,Yes,0,1,16,7.4,0
C109106,Male,44,29,One Year,UPI,112.05,3311.49,Fiber Optic,No,Yes,3,4,7,6.1,0
C109107,Female,41,55,Month-to-Month,Bank Transfer,86.52,4426.71,DSL,No,Yes,3,2,8,6.1,0
C109108,Male,30,37,One Year,Electronic Check,30.62,1080.34,DSL,Yes,No,2,1,4,7.5,0
C109109,Female,50,59,Two Year,Credit Card,61.34,3750.09,Fiber Optic,No,No,1,5,19,6.2,0
C109110,Female,33,36,Month-to-Month,Credit Card,79.84,2960.49,Fiber Optic,Yes,Yes,2,2,3,7.1,0
C109111,Female,36,59,Two Year,Bank Transfer,81.61,4874.33,Fiber Optic,Yes,No,0,0,6,9.7,0
C109112,Female,38,64,One Year,Credit Card,120.78,7982.89,Fiber Optic,No,Yes,0,4,4,6.4,0
C109113,Male,34,43,Month-to-Month,Credit Card,96.49,4296.15,Fiber Optic,Yes,Yes,2,5,22,5.7,1
C109114,Male,41,42,Month-to-Month,Bank Transfer,68.55,2745.02,DSL,Yes,No,2,2,12,7.9,0
C109115,Male,52,60,Month-to-Month,Electronic Check,92.29,5565.33,Fiber Optic,Yes,No,1,3,10,7.4,0
C109116,Female,24,62,One Year,Bank Transfer,82.83,5313.64,Fiber Optic,No,No,1,2,15,7.8,0
C109117,Female,44,64,One Year,Credit Card,69.86,4591.78,Fiber Optic,Yes,No,1,1,2,7.7,1
C109118,Female,40,58,Month-to-Month,Credit Card,64.98,3750.22,Fiber Optic,No,No,1,1,6,9.7,0
C109119,Female,40,2,Month-to-Month,UPI,82.06,162.26,Fiber Optic,No,Yes,4,4,19,4.5,1
C109120,Female,48,71,Two Year,Bank Transfer,53.85,3673.05,DSL,No,Yes,2,0,11,6.7,0
C109121,Male,39,8,Month-to-Month,Electronic Check,82.34,646.68,No Internet,Yes,Yes,3,2,19,7.0,1
C109122,Female,44,56,Month-to-Month,Bank Transfer,113.97,6547.74,Fiber Optic,Yes,Yes,2,3,13,7.0,0
C109123,Female,47,36,Month-to-Month,UPI,98.27,3479.34,Fiber Optic,Yes,No,0,0,12,8.0,0
C109124,Male,32,69,Month-to-Month,UPI,106.77,7453.04,Fiber Optic,Yes,Yes,1,3,15,5.5,0
C109125,Female,42,13,Two Year,Bank Transfer,66.23,922.2,Fiber Optic,No,No,1,6,9,6.5,0
C109126,Male,35,39,Month-to-Month,Bank Transfer,56.11,2029.72,Fiber Optic,No,No,3,2,4,6.0,0
C109127,Female,36,6,Month-to-Month,Bank Transfer,103.38,645.56,Fiber Optic,No,No,0,3,5,8.1,0
C109128,Female,34,19,One Year,Electronic Check,91.37,1799.32,Fiber Optic,Yes,No,2,3,11,5.5,1
C109129,Female,44,25,One Year,Bank Transfer,74.81,1871.63,DSL,No,Yes,0,4,6,7.7,0
C109130,Male,39,3,Month-to-Month,UPI,88.89,251.58,DSL,No,No,0,2,24,7.0,0
C109131,Female,43,53,Month-to-Month,Credit Card,73.76,3819.63,No Internet,Yes,Yes,4,3,17,5.6,0
C109132,Female,38,28,Month-to-Month,Bank Transfer,120.63,3274.84,Fiber Optic,No,No,0,1,26,7.5,0
C109133,Male,19,26,Two Year,UPI,89.02,2393.15,No Internet,Yes,No,1,0,18,6.8,0
C109134,Female,38,47,One Year,Electronic Check,74.27,3492.25,DSL,No,No,3,2,5,7.4,1
C109135,Female,39,8,Two Year,Electronic Check,41.63,325.11,DSL,No,No,3,0,4,6.3,0
C109136,Female,41,57,Month-to-Month,Electronic Check,62.95,3669.57,DSL,Yes,No,0,3,4,8.1,0
C109137,Male,31,55,Month-to-Month,Credit Card,106.94,5653.21,DSL,Yes,Yes,0,0,19,8.4,1
C109138,Male,24,1,One Year,UPI,93.87,95.99,DSL,No,Yes,1,1,7,6.8,0
C109139,Female,45,40,Month-to-Month,Credit Card,116.02,,DSL,Yes,Yes,1,1,12,6.3,1
C109140,Male,35,23,One Year,Electronic Check,64.67,1417.54,Fiber Optic,Yes,No,1,3,6,7.3,0
C109141,Male,40,54,Month-to-Month,Electronic Check,36.25,1831.42,DSL,No,No,4,4,10,5.0,1
C109142,Female,35,42,Month-to-Month,UPI,104.58,4693.68,Fiber Optic,No,No,3,1,26,5.4,1
C109143,Male,38,50,One Year,Credit Card,108.6,5307.47,Fiber Optic,No,Yes,1,1,26,7.7,0
C109144,Female,33,4,Month-to-Month,UPI,87.13,357.78,Fiber Optic,No,No,0,1,10,8.2,0
C109145,Male,26,8,Two Year,UPI,101.44,791.83,No Internet,No,Yes,0,0,20,7.4,0
C109146,Male,44,36,Two Year,Credit Card,112.19,4251.61,No Internet,No,Yes,1,0,28,8.0,0
C109147,Male,31,10,One Year,Bank Transfer,83.57,834.33,Fiber Optic,Yes,Yes,2,2,3,6.7,0
C109148,Male,40,30,Month-to-Month,Bank Transfer,115.78,3369.27,Fiber Optic,Yes,No,0,1,14,6.9,0
C109149,Female,43,16,One Year,Bank Transfer,37.33,627.66,No Internet,No,No,2,4,9,6.2,1
C109150,Female,31,30,Month-to-Month,Credit Card,82.14,2369.24,DSL,No,Yes,0,1,4,10.0,0
C109151,Male,24,64,Month-to-Month,Electronic Check,86.31,5723.66,Fiber Optic,No,No,0,3,11,7.2,0
C109152,Male,67,11,Month-to-Month,Bank Transfer,96.99,1037.47,Fiber Optic,Yes,Yes,0,2,13,6.8,0
C109153,Male,32,34,One Year,UPI,96.9,3266.78,DSL,Yes,Yes,2,0,8,6.3,1
C109154,Male,45,55,Two Year,Credit Card,111.18,6238.44,Fiber Optic,Yes,Yes,1,0,18,6.5,0
C109155,Male,61,4,Two Year,Credit Card,79.28,324.94,Fiber Optic,No,Yes,0,2,15,6.7,0
C109156,Female,47,49,Two Year,UPI,60.68,2957.87,Fiber Optic,No,No,2,1,11,5.1,0
C109157,Female,34,44,Two Year,Bank Transfer,94.71,3930.1,DSL,Yes,No,1,2,19,6.1,0
C109158,Female,37,31,Month-to-Month,Credit Card,70.19,2263.94,Fiber Optic,Yes,Yes,1,0,12,8.1,0
C109159,Male,28,48,Month-to-Month,Credit Card,43.83,2233.49,No Internet,Yes,Yes,2,3,9,7.3,0
C109160,Female,49,26,Month-to-Month,UPI,92.61,2568.38,Fiber Optic,Yes,No,2,2,13,7.2,1
C109161,Female,45,70,One Year,Bank Transfer,73.44,4810.61,DSL,No,Yes,1,4,10,5.5,0
C109162,Female,32,12,Month-to-Month,Electronic Check,57.12,709.4,Fiber Optic,No,Yes,2,3,24,5.5,0
C109163,Male,25,45,One Year,Electronic Check,53.58,2298.63,Fiber Optic,Yes,No,2,3,3,6.0,1
C109164,Female,22,8,Two Year,Electronic Check,76.72,574.72,DSL,Yes,Yes,4,3,9,5.9,0
C109165,Female,50,9,Month-to-Month,UPI,75.89,636.14,Fiber Optic,No,No,1,3,7,6.5,1
C109166,Female,39,1,Month-to-Month,Bank Transfer,83.81,77.16,DSL,Yes,No,2,2,22,5.8,1
C109167,Male,41,5,Month-to-Month,UPI,90.97,485.57,Fiber Optic,Yes,No,0,1,2,8.7,0
C109168,Male,28,71,Two Year,Electronic Check,87.53,6319.05,DSL,No,Yes,0,3,17,7.7,1
C109169,Male,20,54,Month-to-Month,Electronic Check,71.31,3914.4,Fiber Optic,Yes,Yes,1,1,9,7.0,0
C109170,Male,50,24,Two Year,Bank Transfer,70.45,1775.03,No Internet,No,No,2,3,11,6.5,0
C109171,Female,39,26,Two Year,Electronic Check,84.71,2329.94,DSL,Yes,No,0,3,3,8.9,0
C109172,Male,49,10,Month-to-Month,Bank Transfer,70.16,645.98,DSL,Yes,No,0,1,42,6.1,0
C109173,Male,33,61,Two Year,Bank Transfer,103.84,6592.31,DSL,Yes,Yes,3,1,14,4.3,0
C109174,Male,35,40,Month-to-Month,Credit Card,69.13,2716.08,DSL,Yes,Yes,1,9,8,6.6,0
C109175,Male,47,44,Month-to-Month,UPI,102.22,4373.81,Fiber Optic,Yes,Yes,2,0,27,7.5,1
C109176,Male,47,12,Month-to-Month,Bank Transfer,78.37,977.24,No Internet,No,No,1,4,19,6.6,1
C109177,Female,48,22,Two Year,Credit Card,64.86,1410.98,DSL,No,Yes,1,1,17,6.7,0
C109178,Female,34,27,Month-to-Month,Credit Card,92.85,2701.97,No Internet,No,No,0,1,23,7.2,1
C109179,Male,45,67,Month-to-Month,Bank Transfer,66.4,4692.89,DSL,Yes,Yes,2,4,5,5.8,1
C109180,Male,51,69,One Year,Credit Card,102.16,6701.31,Fiber Optic,No,Yes,1,4,2,6.6,0
C109181,Male,37,14,Month-to-Month,Electronic Check,107.67,1510.6,Fiber Optic,Yes,Yes,1,0,12,9.9,0
C109182,Male,32,25,Month-to-Month,Bank Transfer,107.97,2787.45,Fiber Optic,No,Yes,0,0,7,7.7,0
C109183,Female,54,52,Two Year,Electronic Check,89.9,4549.86,Fiber Optic,Yes,Yes,3,4,22,4.6,0
C109184,Female,30,59,Month-to-Month,UPI,52.72,2945.17,DSL,No,Yes,4,3,15,5.0,0
C109185,Female,46,38,Month-to-Month,Electronic Check,82.29,3097.25,DSL,Yes,No,1,2,4,5.3,1
C109186,Female,37,20,Month-to-Month,Credit Card,121.6,2285.63,Fiber Optic,Yes,No,2,2,7,8.2,0
C109187,Male,18,20,Two Year,Electronic Check,129.52,2480.84,Fiber Optic,No,Yes,1,1,2,7.8,1
C109188,Female,52,56,Month-to-Month,Bank Transfer,63.2,3663.89,DSL,Yes,Yes,0,2,2,8.1,0
C109189,Female,18,30,Month-to-Month,Electronic Check,95.88,2832.82,Fiber Optic,No,Yes,2,3,12,6.4,0
C109190,Female,18,41,Two Year,UPI,61.41,2493.18,No Internet,Yes,Yes,3,2,26,6.1,0
C109191,Male,44,71,Month-to-Month,Credit Card,121.27,8787.95,Fiber Optic,No,No,3,0,14,6.0,0
C109192,Female,44,63,One Year,UPI,90.88,5616.7,No Internet,Yes,No,0,2,3,8.7,0
C109193,Female,30,69,Two Year,Electronic Check,79.17,5415.19,No Internet,No,No,0,5,18,7.0,0
C109194,Female,40,29,Month-to-Month,Credit Card,88.99,2685.55,No Internet,No,No,2,2,3,6.2,1
C109195,Male,18,44,Month-to-Month,Bank Transfer,41.42,1829.48,Fiber Optic,Yes,No,1,1,9,6.2,0
C109196,Female,46,57,Month-to-Month,Bank Transfer,80.41,4829.72,Fiber Optic,Yes,Yes,1,2,12,7.4,0
C109197,Female,41,24,One Year,Credit Card,96.85,2383.9,Fiber Optic,No,Yes,1,1,10,7.9,0
C109198,Female,37,19,Month-to-Month,Bank Transfer,59.85,1130.45,No Internet,No,Yes,1,1,16,6.2,0
C109199,Female,38,17,One Year,Credit Card,71.93,1303.28,DSL,Yes,Yes,1,1,5,7.5,0
C109200,Female,44,69,Month-to-Month,Credit Card,100.25,6824.81,Fiber Optic,Yes,Yes,1,2,9,7.0,0
C109201,Male,38,61,Month-to-Month,Bank Transfer,102.8,6728.62,Fiber Optic,Yes,Yes,2,3,4,7.1,0
C109202,Female,18,4,Month-to-Month,UPI,84.18,357.41,Fiber Optic,No,Yes,0,0,8,9.4,1
C109203,Male,64,22,Month-to-Month,Bank Transfer,83.91,1790.22,Fiber Optic,No,No,1,3,21,6.0,1
C109204,Female,52,6,Month-to-Month,Electronic Check,64.21,355.83,Fiber Optic,No,No,1,1,7,8.4,1
C109205,Male,23,30,Month-to-Month,Bank Transfer,65.09,1884.84,DSL,Yes,Yes,0,0,7,9.4,0
C109206,Male,34,11,One Year,Bank Transfer,91.61,1001.51,DSL,Yes,No,2,0,4,5.9,0
C109207,Female,35,48,Month-to-Month,Electronic Check,56.65,2892.24,DSL,No,Yes,1,1,14,7.0,0
C109208,Female,51,46,Two Year,Credit Card,107.58,4711.86,Fiber Optic,Yes,No,0,3,5,7.6,0
C109209,Female,18,27,Month-to-Month,Electronic Check,107.84,3124.33,Fiber Optic,Yes,No,0,1,16,7.6,1
C109210,Female,32,19,Month-to-Month,Electronic Check,91.16,1865.34,DSL,No,Yes,1,0,17,7.8,1
C109211,Female,18,59,Two Year,UPI,92.18,5417.2,No Internet,No,Yes,0,5,8,8.3,0
C109212,Male,35,68,Month-to-Month,Credit Card,51.61,3310.87,DSL,No,Yes,1,3,10,8.5,0
C109213,Male,32,54,One Year,Electronic Check,98.23,5523.89,Fiber Optic,Yes,No,1,4,1,6.5,0
C109214,Male,39,17,Month-to-Month,Electronic Check,66.46,1102.45,Fiber Optic,No,Yes,0,5,29,8.2,0
C109215,Male,31,50,Month-to-Month,Electronic Check,40.96,1992.29,DSL,No,Yes,0,2,22,7.5,0
C109216,Female,29,40,One Year,UPI,92.1,3448.31,Fiber Optic,No,No,5,0,9,5.1,0
C109217,Female,45,11,Month-to-Month,Credit Card,125.35,1483.91,Fiber Optic,Yes,No,1,2,38,5.4,1
C109218,Female,43,14,One Year,Electronic Check,74.87,1114.26,Fiber Optic,Yes,Yes,0,1,25,7.3,1
C109219,Male,45,13,One Year,UPI,100.75,1266.85,Fiber Optic,Yes,Yes,1,3,8,7.2,1
C109220,Male,36,28,Month-to-Month,Bank Transfer,100.21,2610.17,Fiber Optic,Yes,Yes,2,2,19,5.3,0
C109221,Female,31,44,Two Year,Bank Transfer,86.87,3813.46,Fiber Optic,No,No,1,5,21,6.4,0
C109222,Female,37,63,Month-to-Month,Electronic Check,57.19,3415.7,Fiber Optic,No,Yes,4,3,15,4.6,0
C109223,Male,44,61,Month-to-Month,Credit Card,90.1,5489.72,Fiber Optic,Yes,No,0,2,2,8.1,1
C109224,Female,18,17,Two Year,UPI,124.01,2201.11,Fiber Optic,No,Yes,1,4,15,,1
C109225,Female,43,50,Month-to-Month,Bank Transfer,111.99,5486.42,Fiber Optic,No,Yes,2,1,7,7.3,0
C109226,Male,42,26,Two Year,Credit Card,48.73,1282.64,Fiber Optic,No,Yes,2,1,7,6.2,0
C109227,Female,39,7,One Year,Electronic Check,105.12,741.63,DSL,Yes,Yes,0,2,16,8.8,1
C109228,Male,36,16,One Year,UPI,84.28,1327.3,Fiber Optic,Yes,No,0,3,53,5.3,0
C109229,Female,18,17,One Year,UPI,108.37,1980.25,DSL,Yes,Yes,0,4,7,7.5,0
C109230,Male,33,35,Month-to-Month,Bank Transfer,48.06,1639.35,DSL,Yes,Yes,1,3,1,7.1,0
C109231,Male,59,23,One Year,Bank Transfer,62.16,1323.06,No Internet,Yes,No,0,4,6,8.4,0
C109232,Female,38,69,Two Year,Credit Card,81.67,5947.23,No Internet,Yes,Yes,2,1,8,6.5,0
C109233,Male,34,9,Month-to-Month,UPI,102.92,990.14,DSL,Yes,No,2,1,1,7.1,0
C109234,Female,38,18,Month-to-Month,Bank Transfer,71.21,1278.82,DSL,Yes,No,2,4,4,7.1,0
C109235,Male,42,48,Month-to-Month,Electronic Check,73.3,3283.08,Fiber Optic,Yes,No,1,1,5,7.9,0
C109236,Male,46,72,Month-to-Month,Electronic Check,76.93,5174.56,No Internet,No,Yes,1,1,1,7.0,0
C109237,Male,35,66,One Year,UPI,127.45,8503.36,Fiber Optic,No,No,3,1,24,7.0,0
C109238,Male,43,23,One Year,UPI,53.35,1152.21,DSL,No,No,2,4,30,5.1,0
C109239,Female,58,10,Month-to-Month,Credit Card,75.69,720.1,Fiber Optic,No,No,1,1,28,6.2,0
C109240,Male,50,38,One Year,Electronic Check,67.78,2691.45,Fiber Optic,Yes,Yes,1,4,5,6.8,0
C109241,Female,66,59,Month-to-Month,Bank Transfer,96.41,5435.06,Fiber Optic,No,No,3,0,14,6.7,1
C109242,Female,30,68,Month-to-Month,Bank Transfer,52.88,3530.05,DSL,Yes,No,0,1,13,6.5,0
C109243,Female,58,43,Two Year,Electronic Check,83.04,3497.69,No Internet,Yes,Yes,1,1,36,7.2,0
C109244,Male,29,12,Month-to-Month,UPI,67.65,804.03,Fiber Optic,No,No,1,1,15,7.4,1
C109245,Female,42,53,Month-to-Month,Credit Card,88.77,4644.79,No Internet,No,Yes,0,1,15,8.4,1
C109246,Male,47,14,Month-to-Month,Credit Card,79.07,1110.86,DSL,Yes,No,2,2,5,7.5,1
C109247,Male,32,52,One Year,Credit Card,94.05,4914.66,DSL,No,No,1,1,39,5.2,0
C109248,Male,39,72,Month-to-Month,Bank Transfer,101.08,6956.69,Fiber Optic,Yes,Yes,0,3,26,7.2,0
C109249,Male,49,61,Two Year,Electronic Check,101.64,5852.39,DSL,No,No,0,4,17,6.7,0
C109250,Male,29,41,Two Year,Bank Transfer,129.64,5048.12,DSL,No,Yes,2,3,18,7.7,1
C109251,Female,58,21,Month-to-Month,Electronic Check,131.16,2624.05,DSL,Yes,Yes,1,3,16,6.3,1
C109252,Male,21,48,Month-to-Month,UPI,89.67,4525.22,No Internet,No,Yes,3,2,4,5.0,0
C109253,Male,61,56,Two Year,UPI,80.75,4833.22,DSL,No,No,0,0,10,8.4,0
C109254,Female,50,35,Two Year,Credit Card,77.38,2811.85,Fiber Optic,No,No,1,5,25,8.1,1
C109255,Male,37,44,One Year,Electronic Check,79.45,3239.39,Fiber Optic,No,No,1,2,30,7.3,0
C109256,Male,33,39,Month-to-Month,Bank Transfer,81.75,3238.97,DSL,Yes,No,1,2,27,7.3,0
C109257,Male,32,15,Month-to-Month,Credit Card,70.21,1100.46,Fiber Optic,Yes,Yes,0,5,7,7.6,0
C109258,Female,36,12,Month-to-Month,UPI,103.62,1247.72,Fiber Optic,No,Yes,2,1,15,5.4,0
C109259,Male,37,8,Month-to-Month,Credit Card,44.8,334.32,Fiber Optic,Yes,No,1,3,6,7.7,0
C109260,Male,53,67,Month-to-Month,UPI,78.42,5264.25,DSL,No,No,2,1,11,5.0,0
C109261,Male,62,1,Two Year,Electronic Check,62.3,63.67,No Internet,Yes,Yes,2,2,34,5.5,0
C109262,Female,40,42,One Year,Bank Transfer,82.06,3484.88,Fiber Optic,Yes,Yes,3,1,18,4.9,0
C109263,Female,28,31,Month-to-Month,Bank Transfer,87.82,2818.96,No Internet,Yes,No,0,3,19,6.3,0
C109264,Female,31,30,Month-to-Month,Credit Card,56.34,1627.24,DSL,Yes,Yes,3,3,9,5.8,0
C109265,Male,36,43,Month-to-Month,UPI,60.04,2663.33,No Internet,No,No,2,3,17,8.5,0
C109266,Male,26,26,One Year,UPI,48.98,1239.46,DSL,No,No,4,4,8,6.4,1
C109267,Male,24,12,Month-to-Month,UPI,118.85,1474.81,Fiber Optic,No,Yes,0,3,4,7.0,0
C109268,Male,63,59,Month-to-Month,Bank Transfer,32.07,1888.63,DSL,No,No,0,0,6,8.1,0
C109269,Male,42,69,Month-to-Month,Credit Card,69.91,5042.14,No Internet,No,Yes,2,1,15,8.0,0
C109270,Male,28,11,One Year,Electronic Check,93.52,1029.13,DSL,No,No,4,1,57,4.5,0
C109271,Female,48,47,Month-to-Month,Electronic Check,114.77,5210.94,Fiber Optic,Yes,Yes,0,1,12,6.9,0
C109272,Female,24,23,Month-to-Month,Credit Card,110.53,2741.41,Fiber Optic,No,No,0,5,9,7.8,0
C109273,Male,25,43,Two Year,Electronic Check,100.91,4160.1,Fiber Optic,No,No,1,2,13,6.6,0
C109274,Female,28,39,One Year,Electronic Check,55.95,2148.05,No Internet,No,No,0,3,8,6.9,0
C109275,Male,58,55,Month-to-Month,Credit Card,83.93,4819.41,DSL,No,Yes,0,2,12,8.1,0
C109276,Male,35,18,Two Year,Electronic Check,46.06,831.45,Fiber Optic,Yes,No,1,1,4,8.1,0
C109277,Female,18,42,Month-to-Month,Credit Card,73.59,3181.32,Fiber Optic,No,Yes,0,1,11,9.0,0
C109278,Male,53,26,Month-to-Month,Bank Transfer,50.96,1322.41,DSL,No,No,1,5,6,6.9,0
C109279,Male,34,18,Two Year,Bank Transfer,67.54,1237.22,No Internet,No,Yes,1,1,6,7.1,0
C109280,Male,18,41,Two Year,Credit Card,87.31,3586.73,Fiber Optic,No,Yes,2,4,23,6.3,0
C109281,Female,34,42,Month-to-Month,Credit Card,47.88,2169.16,No Internet,No,No,2,2,45,5.0,0
C109282,Female,44,33,Two Year,Credit Card,114.98,3616.76,Fiber Optic,Yes,No,1,2,28,8.5,0
C109283,Male,43,43,Month-to-Month,Electronic Check,47.19,2156.29,DSL,Yes,No,1,1,4,7.7,0
C109284,Female,60,14,Two Year,Bank Transfer,96.79,1347.37,Fiber Optic,Yes,Yes,2,3,24,5.9,0
C109285,Female,28,55,Month-to-Month,Bank Transfer,47.5,2414.03,Fiber Optic,No,No,4,1,15,4.6,0
C109286,Female,39,58,Month-to-Month,Electronic Check,78.35,4891.83,DSL,No,No,0,4,3,6.5,0
C109287,Female,30,10,Month-to-Month,Bank Transfer,61.71,653.58,Fiber Optic,No,Yes,1,3,14,6.5,1
C109288,Male,19,28,Two Year,UPI,117.74,3071.79,Fiber Optic,No,Yes,1,5,4,5.7,0
C109289,Male,49,14,One Year,Bank Transfer,83.28,1144.19,Fiber Optic,No,No,1,4,13,6.9,0
C109290,Male,44,26,Two Year,Electronic Check,78.61,2162.73,Fiber Optic,No,Yes,1,4,17,4.7,0
C109291,Female,41,17,Month-to-Month,Credit Card,85.91,1462.02,DSL,Yes,No,3,1,5,5.2,1
C109292,Female,43,34,Month-to-Month,Electronic Check,71.67,2602.06,No Internet,No,No,1,0,13,7.1,1
C109293,Female,30,14,Month-to-Month,Credit Card,103.27,1468.04,Fiber Optic,Yes,Yes,1,3,15,7.8,1
C109294,Female,26,26,Month-to-Month,Electronic Check,110.81,3023.82,Fiber Optic,No,Yes,3,3,10,6.6,1
C109295,Female,38,34,Month-to-Month,Credit Card,80.63,2719.56,Fiber Optic,No,No,0,4,8,6.6,0
C109296,Female,52,24,One Year,Credit Card,73.49,1648.82,No Internet,Yes,No,1,2,6,6.1,1
C109297,Female,57,70,Two Year,Bank Transfer,58.16,3893.37,Fiber Optic,Yes,No,3,3,4,6.6,0
C109298,Female,48,20,Month-to-Month,Credit Card,96.47,1816.91,DSL,No,No,2,2,3,5.9,0
C109299,Male,38,39,One Year,Electronic Check,92.13,3766.6,Fiber Optic,No,Yes,0,1,31,8.7,0
C109300,Male,41,45,Two Year,Electronic Check,98.74,4744.51,Fiber Optic,No,No,2,4,7,6.5,0
C109301,Male,38,34,Month-to-Month,Credit Card,76.49,2488.58,Fiber Optic,No,No,0,0,4,9.4,0
C109302,Female,26,22,One Year,Credit Card,45.24,966.89,Fiber Optic,Yes,No,3,3,30,3.6,0
C109303,Male,38,71,Month-to-Month,Electronic Check,62.5,4607.71,DSL,Yes,Yes,2,3,52,5.6,0
C109304,Female,22,33,Two Year,Electronic Check,33.88,1106.13,Fiber Optic,Yes,No,1,5,35,4.4,0
C109305,Male,37,6,Month-to-Month,Electronic Check,79.01,497.59,Fiber Optic,Yes,No,2,3,7,6.2,1
C109306,Male,58,16,Month-to-Month,Bank Transfer,115.65,1796.65,Fiber Optic,Yes,Yes,2,2,13,6.1,0
C109307,Female,48,72,Month-to-Month,Bank Transfer,60.84,4399.8,Fiber Optic,No,No,2,3,8,6.4,0
C109308,Male,27,23,Two Year,Bank Transfer,119.78,2902.16,DSL,Yes,Yes,1,0,11,9.1,0
C109309,Male,37,18,Month-to-Month,UPI,67.88,1192.5,Fiber Optic,No,Yes,2,2,18,7.0,1
C109310,Male,28,14,Month-to-Month,UPI,40.08,573.8,No Internet,Yes,Yes,3,3,15,6.5,0
C109311,Male,37,50,One Year,Electronic Check,63.76,3262.59,Fiber Optic,Yes,Yes,3,1,25,4.8,0
C109312,Female,50,61,Month-to-Month,Credit Card,88.05,5243.8,DSL,Yes,No,0,0,9,7.1,0
C109313,Male,46,36,Month-to-Month,Electronic Check,74.76,2796.25,DSL,No,Yes,0,4,16,6.3,0
C109314,Female,68,15,Month-to-Month,Credit Card,100.4,1512.88,Fiber Optic,Yes,No,2,3,9,4.6,1
C109315,Male,52,5,Month-to-Month,Bank Transfer,111.45,565.63,Fiber Optic,No,No,3,2,13,6.4,1
C109316,Female,40,53,Two Year,Bank Transfer,67.47,3513.29,Fiber Optic,Yes,Yes,1,1,21,8.5,0
C109317,Male,46,48,One Year,Electronic Check,96.73,4338.43,Fiber Optic,Yes,No,2,1,8,6.8,0
C109318,Female,36,11,Two Year,Bank Transfer,48.2,547.03,No Internet,Yes,Yes,0,4,4,8.6,0
C109319,Female,24,2,Month-to-Month,Bank Transfer,58.37,113.81,No Internet,Yes,Yes,0,0,11,8.0,0
C109320,Male,54,24,Month-to-Month,Electronic Check,90.07,2199.2,No Internet,Yes,Yes,2,2,4,5.1,0
C109321,Female,50,68,Month-to-Month,Bank Transfer,105.65,7653.03,Fiber Optic,No,No,2,1,21,,1
C109322,Female,35,12,Month-to-Month,UPI,79.92,1010.44,Fiber Optic,Yes,Yes,0,3,4,6.4,1
C109323,Male,41,59,One Year,Electronic Check,83.41,5022.97,DSL,Yes,No,0,5,16,6.2,0
C109324,Male,53,67,One Year,Electronic Check,71.27,4566.86,No Internet,No,Yes,1,1,21,7.8,0
C109325,Female,48,32,Month-to-Month,Bank Transfer,150.7,4835.0,Fiber Optic,No,Yes,2,0,10,5.8,0
C109326,Female,20,36,Two Year,Credit Card,87.18,3075.64,Fiber Optic,Yes,No,0,2,6,6.6,0
C109327,Male,41,21,Month-to-Month,UPI,74.67,1590.92,DSL,Yes,No,1,2,16,6.0,0
C109328,Male,36,70,Two Year,Bank Transfer,54.03,3922.09,DSL,Yes,No,1,5,13,5.8,0
C109329,Female,51,66,Month-to-Month,Credit Card,77.15,5276.24,DSL,No,Yes,5,2,5,4.0,1
C109330,Female,50,9,Two Year,Credit Card,97.04,811.45,Fiber Optic,No,Yes,1,1,18,8.3,0
C109331,Female,54,44,Two Year,Electronic Check,69.62,3000.93,DSL,No,No,0,5,12,7.8,0
C109332,Male,25,59,Month-to-Month,Bank Transfer,76.5,4434.1,Fiber Optic,Yes,Yes,1,4,25,5.8,1
C109333,Female,29,24,One Year,Bank Transfer,93.71,2136.5,DSL,Yes,Yes,0,1,38,9.6,0
C109334,Male,51,63,Two Year,Credit Card,79.22,4980.21,Fiber Optic,No,Yes,1,5,14,7.2,0
C109335,Male,31,41,Month-to-Month,UPI,95.26,3767.61,DSL,No,No,2,3,5,8.1,0
C109336,Female,20,2,Month-to-Month,Bank Transfer,61.12,119.26,DSL,No,No,3,2,11,7.3,1
C109337,Female,44,28,Two Year,Electronic Check,75.83,2147.9,Fiber Optic,Yes,Yes,1,1,18,8.8,0
C109338,Male,31,16,Month-to-Month,UPI,97.54,1647.4,No Internet,Yes,Yes,2,2,9,5.0,0
C109339,Male,59,59,Month-to-Month,Bank Transfer,98.9,5768.18,Fiber Optic,No,No,1,3,4,7.4,0
C109340,Female,42,1,Month-to-Month,UPI,111.62,112.34,DSL,Yes,Yes,1,3,17,7.8,1
C109341,Female,40,1,Month-to-Month,Electronic Check,55.13,57.73,No Internet,No,No,1,3,10,6.1,0
C109342,Female,34,31,One Year,Electronic Check,82.12,2517.09,No Internet,No,Yes,1,4,7,6.5,0
C109343,Female,57,22,Month-to-Month,Credit Card,99.8,2155.62,DSL,Yes,Yes,0,4,10,7.4,0
C109344,Male,42,59,Two Year,Credit Card,108.91,6596.28,No Internet,No,Yes,0,4,4,7.3,0
C109345,Female,33,28,One Year,UPI,112.11,3024.0,Fiber Optic,No,Yes,0,1,31,7.4,0
C109346,Female,28,27,Two Year,Electronic Check,78.08,1949.12,DSL,Yes,Yes,0,2,14,7.5,0
C109347,Female,37,1,Month-to-Month,Electronic Check,91.05,85.72,No Internet,Yes,Yes,1,0,29,6.3,1
C109348,Female,26,2,Month-to-Month,Credit Card,44.82,86.42,No Internet,No,No,1,3,6,6.3,1
C109349,Female,50,66,Month-to-Month,Electronic Check,129.41,8963.76,DSL,No,No,4,1,23,6.0,1
C109350,Male,18,49,Month-to-Month,Electronic Check,93.23,4356.68,Fiber Optic,Yes,No,0,0,6,7.7,0
C109351,Male,36,19,One Year,Electronic Check,86.58,1676.78,Fiber Optic,No,Yes,0,1,5,7.3,0
C109352,Female,45,28,One Year,Electronic Check,91.97,2496.6,No Internet,No,No,1,1,1,7.7,1
C109353,Male,42,70,Month-to-Month,Credit Card,79.58,5177.39,No Internet,No,Yes,0,2,26,7.4,0
C109354,Male,29,39,Month-to-Month,UPI,134.05,5505.78,Fiber Optic,No,Yes,2,0,9,7.3,1
C109355,Female,46,19,Month-to-Month,Bank Transfer,127.83,2597.23,No Internet,No,Yes,0,6,4,7.4,0
C109356,Female,27,64,Month-to-Month,Credit Card,76.89,4658.19,Fiber Optic,No,Yes,1,3,24,6.5,1
C109357,Male,38,58,One Year,Credit Card,88.1,5117.78,Fiber Optic,No,No,0,1,9,5.8,0
C109358,Female,46,17,Month-to-Month,Credit Card,74.44,1222.53,DSL,Yes,No,2,3,20,6.4,1
C109359,Female,44,70,Two Year,UPI,49.08,3463.02,Fiber Optic,Yes,Yes,0,2,8,9.5,0
C109360,Female,30,41,One Year,Bank Transfer,89.75,3798.94,No Internet,Yes,No,0,5,7,7.3,0
C109361,Female,52,5,Two Year,Electronic Check,90.47,487.42,Fiber Optic,Yes,Yes,0,3,23,7.0,0
C109362,Male,39,23,Month-to-Month,UPI,106.13,2381.77,Fiber Optic,No,Yes,1,1,15,7.6,1
C109363,Male,47,69,Two Year,Bank Transfer,61.42,4071.48,Fiber Optic,No,Yes,0,2,10,8.2,0
C109364,Male,56,10,One Year,Electronic Check,103.52,1063.08,DSL,No,No,1,5,11,6.3,0
C109365,Male,51,68,Month-to-Month,Credit Card,90.53,6493.9,Fiber Optic,No,Yes,0,3,11,7.2,0
C109366,Female,51,12,Month-to-Month,Bank Transfer,45.11,500.43,DSL,Yes,Yes,1,2,33,8.0,0
C109367,Female,40,10,Two Year,Electronic Check,58.5,542.26,Fiber Optic,Yes,Yes,0,0,16,6.6,0
C109368,Female,48,60,Month-to-Month,Credit Card,84.02,5106.75,Fiber Optic,No,No,1,2,9,5.3,0
C109369,Female,41,30,Month-to-Month,Bank Transfer,78.74,2222.53,Fiber Optic,No,Yes,2,3,21,6.0,0
C109370,Female,23,24,Month-to-Month,UPI,60.3,1477.1,DSL,No,Yes,1,2,14,6.6,0
C109371,Male,42,69,Month-to-Month,UPI,97.64,6808.24,Fiber Optic,Yes,Yes,1,2,12,7.2,0
C109372,Male,41,13,Month-to-Month,Electronic Check,94.58,1288.84,Fiber Optic,No,No,1,3,2,6.6,1
C109373,Female,45,9,One Year,Bank Transfer,80.43,758.3,DSL,No,No,1,3,9,5.5,0
C109374,Male,36,18,Month-to-Month,UPI,45.86,869.39,DSL,No,No,1,0,30,8.2,0
C109375,Male,29,35,One Year,Bank Transfer,87.83,3287.64,Fiber Optic,No,Yes,1,0,35,7.9,1
C109376,Female,46,4,Month-to-Month,Bank Transfer,93.43,379.12,Fiber Optic,Yes,Yes,0,3,14,7.4,1
C109377,Male,22,41,Month-to-Month,Electronic Check,52.5,2030.16,No Internet,No,Yes,2,2,31,6.1,1
C109378,Female,56,26,Month-to-Month,UPI,84.99,2356.33,DSL,No,No,1,8,3,8.0,1
C109379,Male,35,44,One Year,Credit Card,95.17,4520.16,Fiber Optic,No,Yes,0,1,11,8.4,0
C109380,Male,41,42,Month-to-Month,Electronic Check,47.58,1850.79,Fiber Optic,No,No,1,3,11,5.3,0
C109381,Male,45,10,One Year,UPI,60.09,610.71,DSL,Yes,Yes,2,5,21,5.7,0
C109382,Female,45,1,Month-to-Month,UPI,73.29,71.81,DSL,No,No,1,3,1,5.9,0
C109383,Male,21,54,One Year,Credit Card,96.0,5021.22,DSL,Yes,Yes,2,5,4,5.3,0
C109384,Female,48,16,One Year,Bank Transfer,25.0,417.23,DSL,No,No,1,3,3,7.5,1
C109385,Female,42,46,Month-to-Month,Bank Transfer,99.51,4432.0,DSL,No,No,1,2,16,6.1,1
C109386,Female,30,13,One Year,Credit Card,77.07,945.75,Fiber Optic,Yes,No,2,0,4,7.5,0
C109387,Male,29,64,Month-to-Month,Credit Card,114.68,7037.29,Fiber Optic,Yes,Yes,0,3,11,7.5,0
C109388,Male,34,55,One Year,UPI,25.0,1383.22,DSL,Yes,Yes,1,2,24,6.8,0
C109389,Female,22,63,Two Year,Credit Card,63.93,3869.18,Fiber Optic,No,No,2,2,2,8.7,0
C109390,Female,59,18,Month-to-Month,Credit Card,93.16,1636.5,No Internet,Yes,Yes,2,2,9,6.0,1
C109391,Female,56,61,One Year,Electronic Check,98.13,6057.59,DSL,No,No,0,1,10,8.3,0
C109392,Male,43,20,Month-to-Month,Electronic Check,109.37,2254.62,No Internet,Yes,Yes,0,2,13,6.6,1
C109393,Female,35,65,Month-to-Month,Credit Card,105.12,6362.75,Fiber Optic,Yes,No,0,4,13,5.2,0
C109394,Male,36,64,Month-to-Month,UPI,74.39,4693.53,No Internet,Yes,No,2,2,17,7.8,0
C109395,Male,47,64,Month-to-Month,Credit Card,92.76,6140.36,DSL,No,Yes,2,2,10,7.3,0
C109396,Male,59,13,Month-to-Month,Credit Card,104.21,1317.42,DSL,Yes,No,1,2,14,8.3,0
C109397,Male,31,68,One Year,Credit Card,104.1,7370.39,DSL,No,Yes,2,1,23,5.1,0
C109398,Male,25,70,Month-to-Month,Bank Transfer,75.32,5139.5,Fiber Optic,No,No,0,4,11,7.3,0
C109399,Male,57,57,One Year,UPI,101.32,6014.84,Fiber Optic,No,No,1,1,13,8.1,0
C109400,Female,18,45,One Year,UPI,89.93,4341.98,Fiber Optic,No,Yes,4,0,14,3.6,0
C109401,Male,26,38,One Year,Electronic Check,110.8,4213.2,DSL,Yes,Yes,1,6,23,4.9,0
C109402,Female,35,54,Month-to-Month,UPI,69.01,3716.26,No Internet,No,Yes,1,0,27,5.3,0
C109403,Male,19,36,Month-to-Month,Credit Card,106.1,3810.11,Fiber Optic,Yes,Yes,1,0,3,8.3,0
C109404,Male,51,67,Two Year,UPI,102.98,7399.04,DSL,Yes,Yes,0,4,16,8.2,0
C109405,Male,48,11,Month-to-Month,,60.16,625.68,DSL,Yes,Yes,0,1,13,8.5,0
C109406,Male,31,27,Month-to-Month,,68.9,1931.82,No Internet,Yes,Yes,0,2,5,8.1,0
C109407,Female,53,17,Month-to-Month,Bank Transfer,121.54,2128.9,DSL,No,Yes,1,4,5,8.1,0
C109408,Male,55,33,Month-to-Month,UPI,90.61,3053.49,DSL,No,No,0,1,4,7.8,0
C109409,Male,37,5,Two Year,Credit Card,112.53,584.2,No Internet,No,Yes,1,3,8,7.6,0
C109410,Male,33,62,One Year,Electronic Check,67.22,4047.15,No Internet,Yes,Yes,3,1,11,5.5,1
C109411,Female,65,65,Month-to-Month,Credit Card,61.85,4295.57,DSL,No,Yes,1,0,4,7.7,0
C109412,Female,47,71,Two Year,Credit Card,79.13,5984.82,DSL,Yes,No,0,0,26,7.3,0
C109413,Male,41,67,One Year,UPI,63.85,4093.47,No Internet,No,No,3,3,11,6.2,0
C109414,Male,54,44,One Year,Credit Card,25.51,1125.02,DSL,Yes,Yes,0,5,18,7.0,0
C109415,Male,42,14,Month-to-Month,UPI,109.19,1483.07,DSL,Yes,Yes,1,5,13,7.0,1
C109416,Female,32,57,Month-to-Month,Credit Card,112.12,6688.17,DSL,No,No,2,4,1,5.9,1
C109417,Male,39,48,Month-to-Month,Bank Transfer,120.06,6131.97,Fiber Optic,No,Yes,0,4,24,7.6,1
C109418,Female,50,17,One Year,UPI,116.12,1985.08,No Internet,No,Yes,2,2,13,6.1,0
C109419,Male,18,44,Month-to-Month,Electronic Check,99.3,4243.81,Fiber Optic,No,No,1,4,14,5.6,1
C109420,Female,35,4,One Year,Electronic Check,83.82,343.08,Fiber Optic,Yes,Yes,0,0,19,7.7,0
C109421,Female,55,30,Month-to-Month,Electronic Check,129.67,3667.54,DSL,No,Yes,0,0,14,9.4,0
C109422,Female,32,55,Month-to-Month,Electronic Check,123.28,6790.0,Fiber Optic,Yes,Yes,2,6,6,5.0,0
C109423,Male,57,30,Two Year,Bank Transfer,102.67,3207.56,Fiber Optic,Yes,No,0,1,6,6.5,0
C109424,Female,55,18,Month-to-Month,Electronic Check,25.0,432.92,No Internet,No,No,2,0,2,6.1,0
C109425,Female,37,44,Month-to-Month,UPI,94.75,4096.92,Fiber Optic,No,Yes,2,3,3,6.1,0
C109426,Male,31,62,Two Year,UPI,78.26,4971.93,Fiber Optic,No,No,1,1,8,7.7,0
C109427,Female,35,31,Month-to-Month,Credit Card,92.96,3093.7,Fiber Optic,No,No,1,4,32,5.6,0
C109428,Male,70,16,Month-to-Month,Electronic Check,62.61,934.34,No Internet,No,Yes,1,1,12,7.0,0
C109429,Female,60,23,Month-to-Month,Credit Card,99.12,2154.13,Fiber Optic,No,Yes,3,1,6,5.8,1
C109430,Female,40,14,One Year,UPI,73.44,966.96,Fiber Optic,No,Yes,1,2,14,8.1,0
C109431,Male,31,2,Month-to-Month,Bank Transfer,106.64,203.75,Fiber Optic,Yes,Yes,2,1,7,5.6,1
C109432,Female,39,12,Two Year,Electronic Check,67.5,753.06,Fiber Optic,No,Yes,2,3,19,6.2,0
C109433,Male,41,58,Month-to-Month,Electronic Check,86.68,4916.55,No Internet,No,Yes,1,0,7,6.6,0
C109434,Male,23,56,Month-to-Month,Electronic Check,80.53,4351.39,No Internet,Yes,No,2,2,11,6.5,0
C109435,Male,39,24,Month-to-Month,Credit Card,81.93,1871.35,DSL,Yes,No,3,2,10,5.4,1
C109436,Female,54,37,Month-to-Month,Credit Card,71.9,2557.05,DSL,No,Yes,1,0,11,7.8,0
C109437,Male,18,29,Month-to-Month,UPI,63.79,1892.39,DSL,No,No,1,1,16,8.5,1
C109438,Male,48,42,Two Year,Electronic Check,117.54,5085.93,Fiber Optic,Yes,Yes,5,3,30,3.4,1
C109439,Female,54,18,Month-to-Month,Electronic Check,87.33,1679.71,Fiber Optic,Yes,No,1,1,14,7.0,0
C109440,Male,31,3,Month-to-Month,UPI,71.48,204.5,DSL,No,Yes,2,4,15,7.1,1
C109441,Male,58,13,Two Year,UPI,67.71,824.04,DSL,No,No,1,4,5,,0
C109442,Male,30,29,Month-to-Month,Credit Card,87.41,2355.87,No Internet,Yes,No,1,1,16,9.5,0
C109443,Male,43,66,Month-to-Month,Bank Transfer,69.55,4585.23,Fiber Optic,No,No,1,1,11,7.4,0
C109444,Male,34,59,Month-to-Month,Credit Card,73.06,4411.18,No Internet,Yes,Yes,1,4,9,8.3,0
C109445,Male,34,48,Month-to-Month,UPI,68.14,3134.48,No Internet,No,Yes,0,0,13,7.1,0
C109446,Female,31,4,Month-to-Month,UPI,110.27,452.78,DSL,No,No,1,2,5,8.2,0
C109447,Female,46,51,Month-to-Month,UPI,77.96,3777.09,Fiber Optic,No,No,0,1,17,8.0,0
C109448,Male,48,5,Month-to-Month,Electronic Check,50.81,242.77,DSL,No,No,0,2,17,8.0,0
C109449,Male,37,39,Month-to-Month,Credit Card,47.97,1919.99,DSL,Yes,No,2,1,10,8.5,0
C109450,Male,22,41,Month-to-Month,Electronic Check,79.52,,Fiber Optic,No,Yes,2,0,13,7.9,0
C109451,Female,43,5,Month-to-Month,Bank Transfer,82.25,437.78,Fiber Optic,No,Yes,1,1,15,6.8,0
C109452,Male,43,8,One Year,Electronic Check,92.54,684.3,Fiber Optic,No,Yes,2,3,10,4.4,0
C109453,Male,35,56,One Year,Bank Transfer,69.32,4180.91,Fiber Optic,Yes,No,4,3,17,3.3,0
C109454,Female,60,25,Month-to-Month,Electronic Check,80.49,1968.62,DSL,Yes,Yes,0,7,8,7.9,0
C109455,Male,19,52,Month-to-Month,Bank Transfer,110.15,5777.54,No Internet,Yes,No,2,2,13,7.0,0
C109456,Male,18,52,One Year,Bank Transfer,82.06,4161.52,Fiber Optic,No,No,1,1,6,7.7,0
C109457,Female,29,7,One Year,Electronic Check,106.5,784.2,DSL,Yes,Yes,1,2,5,5.8,0
C109458,Female,47,61,One Year,Bank Transfer,88.67,5558.06,Fiber Optic,No,No,0,3,6,8.2,0
C109459,Male,25,47,Month-to-Month,Electronic Check,69.88,3482.58,Fiber Optic,No,No,2,2,25,6.0,1
C109460,Female,26,66,Month-to-Month,Electronic Check,60.59,3814.75,DSL,No,No,2,3,8,5.9,0
C109461,Male,49,59,Two Year,Credit Card,88.23,5322.52,DSL,No,Yes,1,2,31,5.1,0
C109462,Female,44,5,Two Year,Bank Transfer,33.64,169.05,No Internet,Yes,No,0,2,43,5.2,0
C109463,Male,43,44,Month-to-Month,Electronic Check,84.81,3784.68,DSL,No,Yes,1,3,17,5.8,0
C109464,Female,47,42,Two Year,Credit Card,59.6,2449.29,Fiber Optic,No,No,1,4,7,7.2,0
C109465,Female,33,61,Month-to-Month,Credit Card,114.24,6418.33,Fiber Optic,Yes,Yes,3,1,10,4.3,1
C109466,Female,33,63,Two Year,UPI,106.72,6943.52,DSL,Yes,Yes,3,1,6,6.4,0
C109467,Female,48,50,Month-to-Month,Electronic Check,83.17,4301.12,Fiber Optic,No,Yes,1,5,9,7.9,0
C109468,Male,22,38,One Year,Electronic Check,138.83,5587.89,Fiber Optic,Yes,Yes,0,2,5,6.2,0
C109469,Male,18,54,One Year,Bank Transfer,63.56,3686.24,DSL,Yes,Yes,1,3,60,5.9,1
C109470,Male,33,44,Month-to-Month,Bank Transfer,68.23,2857.59,Fiber Optic,Yes,Yes,1,3,19,8.6,0
C109471,Female,49,24,Month-to-Month,Electronic Check,73.66,1645.68,DSL,Yes,Yes,0,0,6,7.7,0
C109472,Female,41,63,Month-to-Month,Electronic Check,32.2,2121.07,Fiber Optic,No,Yes,5,2,9,5.7,1
C109473,Male,48,39,Month-to-Month,Credit Card,88.38,3655.67,Fiber Optic,Yes,Yes,4,1,31,5.0,0
C109474,Female,18,12,Month-to-Month,Bank Transfer,68.12,774.43,No Internet,No,Yes,1,2,22,7.2,1
C109475,Female,42,63,Month-to-Month,Electronic Check,132.15,7804.68,DSL,Yes,Yes,3,0,11,5.9,1
C109476,Female,46,9,Month-to-Month,Credit Card,59.11,561.68,Fiber Optic,No,No,0,0,13,9.1,0
C109477,Female,22,22,One Year,Electronic Check,128.31,3038.6,DSL,No,No,0,2,8,6.9,0
C109478,Male,48,36,Month-to-Month,Bank Transfer,110.37,3914.72,Fiber Optic,No,No,0,2,8,7.3,0
C109479,Male,37,28,Month-to-Month,Credit Card,54.77,1632.92,Fiber Optic,Yes,Yes,3,1,14,4.9,0
C109480,Male,75,56,One Year,Bank Transfer,89.37,5222.04,Fiber Optic,No,No,2,1,2,7.7,0
C109481,Male,18,29,Month-to-Month,Bank Transfer,97.88,2742.92,Fiber Optic,No,No,1,3,11,7.7,1
C109482,Female,54,5,Month-to-Month,Bank Transfer,72.83,344.16,DSL,Yes,No,2,3,20,5.4,0
C109483,Female,33,4,Month-to-Month,Bank Transfer,61.04,232.24,Fiber Optic,No,Yes,3,1,7,5.7,0
C109484,Female,19,51,One Year,Bank Transfer,61.74,3161.9,Fiber Optic,No,No,0,0,12,7.0,0
C109485,Female,32,15,Month-to-Month,Electronic Check,71.83,1059.75,Fiber Optic,No,No,1,3,11,7.8,0
C109486,Male,41,60,Two Year,UPI,65.92,4245.42,DSL,Yes,No,1,2,8,6.7,0
C109487,Male,50,26,Two Year,UPI,84.68,2171.85,Fiber Optic,No,Yes,0,1,2,7.7,0
C109488,Male,59,23,Month-to-Month,Credit Card,40.84,878.78,DSL,No,No,2,3,8,5.7,0
C109489,Male,55,29,Two Year,Electronic Check,99.02,2696.75,Fiber Optic,No,Yes,0,4,6,7.7,0
C109490,Male,26,57,Month-to-Month,Bank Transfer,95.11,5773.22,Fiber Optic,No,No,1,5,11,5.9,1
C109491,Male,52,62,Month-to-Month,Credit Card,45.91,2854.65,No Internet,Yes,Yes,0,2,5,7.3,1
C109492,Male,43,59,Month-to-Month,Electronic Check,101.11,6390.65,Fiber Optic,No,Yes,1,2,18,5.3,0
C109493,Male,30,48,Month-to-Month,UPI,25.0,1286.44,No Internet,No,No,2,2,4,5.8,0
C109494,Female,35,35,Two Year,Bank Transfer,64.64,2429.92,Fiber Optic,No,Yes,2,1,9,6.5,0
C109495,Male,29,46,One Year,UPI,53.9,2646.61,DSL,Yes,Yes,4,6,28,3.2,0
C109496,Male,38,33,Month-to-Month,Bank Transfer,100.96,3538.45,Fiber Optic,No,No,1,2,6,7.2,0
C109497,Male,29,71,Month-to-Month,Credit Card,53.38,3863.24,DSL,No,No,1,3,23,6.6,0
C109498,Female,26,10,Two Year,Credit Card,64.89,695.8,DSL,Yes,Yes,0,1,8,8.5,0
C109499,Male,44,48,Month-to-Month,Electronic Check,96.19,4835.43,No Internet,No,Yes,1,3,11,8.0,1
C109500,Male,46,44,Month-to-Month,Bank Transfer,67.77,3068.35,DSL,No,No,0,1,15,7.7,0
C109501,Female,36,70,Month-to-Month,Credit Card,71.29,5305.06,Fiber Optic,No,No,1,6,11,6.3,0
C109502,Female,54,63,Two Year,Bank Transfer,25.0,1652.78,DSL,Yes,No,1,0,13,7.7,0
C109503,Female,35,49,Month-to-Month,Credit Card,85.84,4126.3,DSL,No,No,0,1,14,6.4,0
C109504,Male,34,72,Month-to-Month,Bank Transfer,114.07,7923.73,Fiber Optic,No,Yes,3,6,14,6.0,0
C109505,Male,46,41,Month-to-Month,Bank Transfer,85.37,3304.59,Fiber Optic,Yes,No,2,5,11,4.2,0
C109506,Male,36,39,One Year,Bank Transfer,107.24,4483.91,Fiber Optic,No,No,1,4,8,4.4,0
C109507,Female,39,23,Month-to-Month,Electronic Check,85.76,1841.75,DSL,Yes,Yes,2,4,8,5.7,1
C109508,Male,18,13,One Year,Bank Transfer,69.5,942.6,Fiber Optic,Yes,No,1,2,6,6.2,0
C109509,Male,38,53,Month-to-Month,UPI,106.3,5531.45,No Internet,No,Yes,0,1,3,7.0,0
C109510,Female,18,70,One Year,Electronic Check,103.2,7185.11,DSL,Yes,Yes,0,1,6,6.7,0
C109511,Female,23,57,One Year,UPI,84.44,4521.34,Fiber Optic,No,Yes,0,3,24,5.1,0
C109512,Male,22,67,One Year,Electronic Check,91.27,5741.95,DSL,Yes,Yes,2,5,3,7.0,0
C109513,Female,25,48,One Year,UPI,128.96,6042.74,Fiber Optic,No,Yes,1,5,5,6.7,0
C109514,Female,31,20,Month-to-Month,UPI,70.6,1460.15,No Internet,No,Yes,0,3,4,5.9,1
C109515,Male,32,62,Two Year,Bank Transfer,108.5,6477.33,Fiber Optic,No,Yes,1,3,8,6.4,0
C109516,Male,46,45,One Year,Electronic Check,94.67,4393.94,No Internet,No,Yes,1,2,21,7.3,1
C109517,Female,41,63,Month-to-Month,Electronic Check,80.27,5458.84,DSL,No,No,0,1,2,7.4,1
C109518,Female,18,8,Month-to-Month,Electronic Check,78.36,619.32,DSL,No,Yes,3,3,9,4.3,1
C109519,Male,39,26,One Year,UPI,31.21,868.0,DSL,No,Yes,1,2,38,4.9,0
C109520,Male,42,38,Month-to-Month,Electronic Check,116.04,4112.79,Fiber Optic,No,Yes,0,1,8,8.0,0
C109521,Female,34,41,Month-to-Month,Bank Transfer,52.39,2083.88,DSL,No,No,0,4,8,7.2,0
C109522,Female,37,2,Two Year,Bank Transfer,83.25,169.14,DSL,Yes,No,1,4,29,5.7,1
C109523,Female,40,7,Month-to-Month,Credit Card,62.95,420.54,No Internet,No,No,1,1,16,5.6,0
C109524,Male,47,25,Month-to-Month,UPI,115.44,2827.46,DSL,No,Yes,1,3,10,7.5,1
C109525,Male,19,51,One Year,Credit Card,56.95,2881.84,No Internet,No,No,0,0,8,7.4,0
C109526,Female,35,50,Two Year,Bank Transfer,62.82,3228.52,DSL,No,No,3,1,10,6.4,0
C109527,Male,56,64,Month-to-Month,Bank Transfer,127.11,7767.89,No Internet,No,Yes,2,4,13,5.5,0
C109528,Female,55,12,One Year,UPI,91.8,1075.64,No Internet,No,No,2,3,16,8.0,0
C109529,Female,48,53,Month-to-Month,Electronic Check,65.25,3709.82,DSL,Yes,Yes,0,3,11,9.3,0
C109530,Male,44,10,Month-to-Month,Credit Card,68.51,659.47,DSL,Yes,No,1,3,10,6.4,1
C109531,Female,58,61,Two Year,UPI,100.03,6331.54,Fiber Optic,No,Yes,1,2,25,5.7,0
C109532,Male,61,55,One Year,Electronic Check,65.5,3816.33,Fiber Optic,No,No,1,3,2,7.6,0
C109533,Female,36,68,One Year,Electronic Check,68.44,4781.48,No Internet,No,Yes,0,3,23,7.6,0
C109534,Male,26,42,Two Year,Bank Transfer,71.58,3145.18,No Internet,No,No,1,0,2,5.6,0
C109535,Male,35,66,One Year,UPI,91.56,6510.97,Fiber Optic,No,No,1,5,7,7.4,0
C109536,Female,75,44,Month-to-Month,Electronic Check,93.93,4021.73,DSL,No,Yes,2,1,19,6.0,0
C109537,Female,19,28,Month-to-Month,Electronic Check,45.13,1214.75,DSL,Yes,Yes,1,6,32,6.8,0
C109538,Male,32,58,One Year,Bank Transfer,62.57,3600.22,DSL,No,No,0,1,27,8.2,0
C109539,Female,21,2,One Year,Bank Transfer,87.11,178.08,Fiber Optic,No,No,1,4,13,7.3,1
C109540,Male,39,55,Month-to-Month,Electronic Check,112.76,5812.0,Fiber Optic,Yes,No,0,2,18,6.7,0
C109541,Male,24,34,One Year,UPI,76.91,2427.67,No Internet,No,No,1,4,6,6.9,0
C109542,Male,37,20,One Year,Credit Card,109.86,2069.8,Fiber Optic,No,Yes,1,0,12,7.9,0
C109543,Male,18,47,Two Year,Bank Transfer,77.48,3447.51,Fiber Optic,No,Yes,3,5,10,7.6,0
C109544,Male,45,26,One Year,Credit Card,101.24,2438.2,DSL,Yes,No,0,0,23,7.6,0
C109545,Male,53,1,Month-to-Month,UPI,85.58,86.84,Fiber Optic,Yes,Yes,0,5,17,7.6,0
C109546,Male,33,65,Month-to-Month,Electronic Check,105.51,6946.36,Fiber Optic,Yes,No,1,4,17,6.8,0
C109547,Male,36,15,One Year,Bank Transfer,88.51,1323.27,Fiber Optic,No,Yes,3,1,14,8.2,0
C109548,Male,36,14,Month-to-Month,Electronic Check,94.51,1244.96,No Internet,No,No,1,1,32,5.2,0
C109549,Female,40,55,Two Year,Credit Card,84.25,4964.85,Fiber Optic,No,Yes,2,1,13,5.3,0
C109550,Male,38,1,Month-to-Month,Bank Transfer,92.53,95.57,Fiber Optic,No,No,1,2,10,6.9,1
C109551,Female,47,33,One Year,Electronic Check,78.92,2438.28,DSL,Yes,Yes,3,3,11,6.2,0
C109552,Female,53,70,Two Year,Credit Card,78.19,5540.38,DSL,Yes,No,1,3,23,6.1,0
C109553,Female,28,56,One Year,Electronic Check,101.0,5239.51,Fiber Optic,No,No,1,2,10,7.2,0
C109554,Female,34,23,One Year,UPI,106.39,2409.61,Fiber Optic,No,Yes,0,3,21,7.3,0
C109555,Female,49,54,Two Year,Bank Transfer,56.39,3195.2,Fiber Optic,No,No,2,4,3,,0
C109556,Male,21,3,One Year,Credit Card,105.08,316.82,DSL,No,Yes,0,3,36,7.2,0
C109557,Male,18,46,Two Year,Credit Card,61.04,2626.35,Fiber Optic,No,Yes,1,4,11,5.8,0
C109558,Female,41,6,One Year,Credit Card,97.86,619.73,Fiber Optic,No,Yes,1,1,13,7.3,0
C109559,Female,44,25,One Year,Credit Card,54.48,,No Internet,No,Yes,0,1,3,8.7,0
C109560,Female,29,17,One Year,Bank Transfer,99.4,1686.33,DSL,Yes,No,1,2,4,5.9,0
C109561,Male,31,28,Month-to-Month,Electronic Check,111.8,3137.33,Fiber Optic,Yes,Yes,1,1,10,6.2,1
C109562,Female,29,32,Two Year,Electronic Check,83.95,2804.01,DSL,No,Yes,0,0,4,8.2,0
C109563,Female,28,23,Two Year,UPI,69.13,1713.54,Fiber Optic,Yes,No,0,3,11,7.4,0
C109564,Male,46,16,One Year,Electronic Check,140.59,2213.05,Fiber Optic,No,Yes,3,3,5,5.5,0
C109565,Male,24,26,Month-to-Month,Credit Card,73.15,1944.74,DSL,No,Yes,0,6,36,5.5,0
C109566,Female,35,33,Month-to-Month,Bank Transfer,66.62,2205.6,DSL,No,Yes,4,1,10,5.4,0
C109567,Female,27,58,Month-to-Month,,25.0,1352.49,Fiber Optic,No,No,2,2,21,6.0,0
C109568,Male,21,48,Month-to-Month,Bank Transfer,46.8,2353.25,DSL,Yes,Yes,1,0,11,7.9,0
C109569,Female,48,55,Month-to-Month,Electronic Check,118.43,6537.34,Fiber Optic,No,Yes,0,0,4,6.6,0
C109570,Male,32,41,Two Year,Credit Card,75.63,3153.74,DSL,No,Yes,1,1,9,7.6,0
C109571,Male,40,62,Two Year,Bank Transfer,69.34,4187.99,DSL,No,Yes,2,1,14,7.8,0
C109572,Male,20,17,Month-to-Month,Electronic Check,94.63,1715.48,DSL,Yes,Yes,3,4,7,5.8,1
C109573,Male,29,59,One Year,Credit Card,60.58,3681.41,No Internet,Yes,No,1,1,19,7.0,0
C109574,Male,47,14,One Year,Bank Transfer,57.24,783.02,Fiber Optic,No,No,1,1,11,6.3,0
C109575,Male,69,21,Month-to-Month,Bank Transfer,100.15,2102.07,Fiber Optic,Yes,Yes,1,3,23,7.1,0
C109576,Female,18,63,Two Year,Electronic Check,85.91,5244.03,No Internet,Yes,No,2,1,5,6.7,0
C109577,Female,36,46,Month-to-Month,UPI,93.32,4388.08,DSL,No,Yes,2,2,11,7.0,0
C109578,Male,43,55,Two Year,UPI,51.58,2977.06,Fiber Optic,No,Yes,2,0,14,4.8,0
C109579,Male,31,62,One Year,Electronic Check,107.22,6480.51,Fiber Optic,No,Yes,2,4,10,6.4,0
C109580,Male,48,39,One Year,Credit Card,92.2,3779.03,DSL,No,Yes,3,1,37,5.7,1
C109581,Female,28,42,Two Year,Electronic Check,82.66,3708.85,DSL,Yes,No,1,3,6,7.2,0
C109582,Male,40,48,Month-to-Month,Credit Card,94.42,4456.04,Fiber Optic,No,No,3,2,6,5.7,1
C109583,Male,32,28,Two Year,Bank Transfer,89.5,2398.18,No Internet,Yes,Yes,0,7,22,7.1,0
C109584,Female,53,6,One Year,Bank Transfer,56.6,363.7,DSL,No,No,2,2,10,7.4,0
C109585,Female,30,59,Two Year,Electronic Check,65.41,3584.26,Fiber Optic,No,Yes,2,5,17,5.3,0
C109586,Male,34,70,One Year,Bank Transfer,96.5,6736.99,DSL,Yes,Yes,1,1,6,6.9,0
C109587,Male,49,39,Month-to-Month,UPI,70.75,2882.53,No Internet,Yes,No,1,4,8,7.5,0
C109588,Male,26,57,One Year,Bank Transfer,128.26,6779.66,Fiber Optic,Yes,Yes,4,3,11,4.0,0
C109589,Female,39,54,Month-to-Month,Credit Card,69.84,3856.09,DSL,No,Yes,2,4,3,6.9,0
C109590,Male,18,60,Two Year,Electronic Check,90.61,5731.51,Fiber Optic,No,Yes,0,5,2,8.6,0
C109591,Male,25,17,Two Year,Bank Transfer,62.47,1027.67,Fiber Optic,No,Yes,0,2,9,8.3,0
C109592,Female,43,40,One Year,Bank Transfer,60.31,2339.19,Fiber Optic,Yes,No,2,1,7,6.8,0
C109593,Male,26,66,Two Year,Bank Transfer,65.65,4009.71,DSL,Yes,Yes,2,4,7,5.8,0
C109594,Male,31,54,Month-to-Month,Electronic Check,49.89,2716.05,DSL,No,No,2,2,12,7.1,0
C109595,Male,44,71,Month-to-Month,Credit Card,96.16,6348.29,DSL,No,No,1,3,8,6.8,0
C109596,Male,31,44,One Year,Credit Card,100.88,4085.2,No Internet,Yes,Yes,1,0,6,7.9,0
C109597,Male,48,67,One Year,Bank Transfer,31.89,2009.09,DSL,No,Yes,5,3,13,3.9,0
C109598,Male,41,57,Month-to-Month,Bank Transfer,63.12,3560.23,Fiber Optic,No,No,1,1,4,8.4,0
C109599,Male,43,36,One Year,UPI,77.49,2899.76,Fiber Optic,No,Yes,0,1,12,8.3,0
C109600,Male,53,57,One Year,UPI,90.47,5301.28,DSL,Yes,Yes,3,3,20,5.7,0
C109601,Female,42,43,Month-to-Month,Credit Card,71.36,2976.35,DSL,No,Yes,2,2,30,7.2,1
C109602,Male,56,44,Month-to-Month,UPI,25.89,1106.53,Fiber Optic,No,Yes,1,2,12,7.1,0
C109603,Male,49,62,Month-to-Month,Electronic Check,50.51,3210.59,Fiber Optic,No,No,0,5,11,6.2,1
C109604,Female,32,61,Month-to-Month,Electronic Check,122.75,7736.15,Fiber Optic,Yes,Yes,0,6,15,5.5,0
C109605,Female,54,11,Two Year,Electronic Check,63.47,723.07,DSL,No,Yes,1,2,10,8.1,1
C109606,Female,41,33,Month-to-Month,Credit Card,91.78,2863.2,No Internet,No,Yes,1,3,2,7.4,1
C109607,Male,33,66,Month-to-Month,Bank Transfer,107.6,6607.44,Fiber Optic,No,Yes,0,1,2,8.2,0
C109608,Male,41,23,One Year,Credit Card,48.58,1118.16,DSL,Yes,Yes,1,0,3,7.5,0
C109609,Female,51,49,Two Year,Bank Transfer,78.39,3778.84,DSL,No,Yes,1,2,34,6.7,0
C109610,Female,43,20,One Year,Bank Transfer,128.11,2738.18,Fiber Optic,No,Yes,0,2,11,7.9,0
C109611,Male,60,15,Month-to-Month,Bank Transfer,82.04,1133.29,No Internet,No,No,2,0,23,,0
C109612,Female,51,66,Two Year,Electronic Check,82.42,5708.61,No Internet,Yes,Yes,0,3,12,8.0,0
C109613,Male,44,30,Month-to-Month,Credit Card,89.57,2898.58,Fiber Optic,No,Yes,0,1,12,8.0,0
C109614,Female,26,4,Month-to-Month,Bank Transfer,116.8,493.39,Fiber Optic,No,Yes,3,1,8,5.1,1
C109615,Female,36,64,Month-to-Month,Electronic Check,127.52,8572.32,No Internet,Yes,Yes,1,1,13,7.4,0
C109616,Female,39,65,Two Year,UPI,39.26,2356.92,Fiber Optic,No,No,0,2,46,6.4,0
C109617,Female,46,8,One Year,Bank Transfer,130.41,1104.28,No Internet,No,Yes,1,2,4,8.9,0
C109618,Female,46,52,Two Year,Electronic Check,102.63,5408.61,Fiber Optic,No,Yes,0,1,10,8.4,0
C109619,Male,40,14,Month-to-Month,Electronic Check,106.53,,Fiber Optic,No,Yes,2,3,30,6.5,1
C109620,Male,39,58,Month-to-Month,Electronic Check,82.54,4708.38,Fiber Optic,No,Yes,2,2,14,7.2,0
C109621,Male,47,11,Month-to-Month,UPI,127.29,1499.66,Fiber Optic,No,No,1,2,4,6.8,0
C109622,Male,28,59,Month-to-Month,Electronic Check,89.78,5316.58,Fiber Optic,No,Yes,1,1,23,7.6,0
C109623,Female,58,24,Two Year,Bank Transfer,81.87,2001.86,DSL,No,Yes,1,1,5,8.0,0
C109624,Male,18,32,Month-to-Month,Electronic Check,66.35,2024.31,Fiber Optic,No,No,0,6,7,7.4,0
C109625,Male,55,46,Month-to-Month,Credit Card,53.4,2479.25,DSL,Yes,Yes,2,5,11,4.5,0
C109626,Female,37,28,One Year,Electronic Check,58.17,1555.96,DSL,No,Yes,0,3,19,8.8,1
C109627,Female,50,16,Month-to-Month,Bank Transfer,103.62,1555.67,DSL,Yes,Yes,0,4,5,7.8,1
C109628,Male,42,42,Month-to-Month,,106.98,4503.97,DSL,No,Yes,1,3,6,6.8,0
C109629,Male,42,16,Month-to-Month,Bank Transfer,111.58,1884.14,Fiber Optic,Yes,Yes,1,5,6,6.1,1
C109630,Male,45,12,Two Year,Credit Card,78.02,992.77,DSL,No,Yes,0,2,29,5.7,0
C109631,Female,48,62,Month-to-Month,UPI,94.88,6293.85,No Internet,Yes,No,2,0,8,6.8,0
C109632,Male,34,34,Two Year,Bank Transfer,68.07,2475.93,Fiber Optic,No,No,2,1,8,9.2,0
C109633,Female,50,38,One Year,UPI,74.59,3046.96,DSL,No,No,0,3,16,5.3,0
C109634,Male,25,47,Month-to-Month,Electronic Check,77.97,3794.6,Fiber Optic,No,Yes,0,7,17,6.8,0
C109635,Male,38,22,Month-to-Month,Electronic Check,74.23,1531.56,Fiber Optic,No,Yes,3,3,4,4.2,1
C109636,Female,48,3,Two Year,Credit Card,94.21,287.96,Fiber Optic,No,Yes,1,1,23,7.0,0
C109637,Male,50,1,One Year,UPI,92.92,94.54,DSL,No,Yes,2,1,20,5.1,0
C109638,Male,44,53,Month-to-Month,Electronic Check,78.58,3903.0,Fiber Optic,No,No,1,4,5,7.0,0
C109639,Male,33,64,Month-to-Month,Electronic Check,88.76,5864.99,DSL,No,No,0,1,12,6.8,0
C109640,Male,49,44,Month-to-Month,Bank Transfer,79.65,3456.38,DSL,Yes,Yes,2,3,4,6.2,0
C109641,Male,30,47,One Year,Credit Card,29.33,1283.72,DSL,No,No,3,2,17,7.3,0
C109642,Male,59,38,Month-to-Month,Bank Transfer,69.74,2834.59,Fiber Optic,Yes,Yes,0,1,20,6.1,0
C109643,Male,37,63,One Year,Bank Transfer,99.16,5939.02,Fiber Optic,Yes,Yes,1,2,9,6.9,0
C109644,Male,20,41,Two Year,Credit Card,100.15,3859.09,Fiber Optic,Yes,Yes,0,3,23,6.5,0
C109645,Female,24,21,Month-to-Month,Bank Transfer,64.04,1280.87,DSL,No,No,1,4,3,6.5,0
C109646,Female,39,45,Month-to-Month,UPI,69.67,3267.72,Fiber Optic,No,Yes,4,4,8,5.9,1
C109647,Female,40,13,One Year,UPI,120.1,1629.05,Fiber Optic,Yes,Yes,2,3,6,6.3,1
C109648,Female,62,66,One Year,Electronic Check,105.82,6521.21,Fiber Optic,Yes,Yes,6,3,5,3.4,1
C109649,Male,26,66,Two Year,Credit Card,41.7,2757.83,Fiber Optic,No,No,3,4,2,6.5,0
C109650,Male,38,43,One Year,Electronic Check,92.34,4091.41,Fiber Optic,No,Yes,1,3,14,6.2,0
C109651,Male,25,62,Month-to-Month,UPI,81.39,5193.9,DSL,No,Yes,4,5,18,5.1,0
C109652,Male,32,48,Month-to-Month,Credit Card,74.32,3664.93,Fiber Optic,No,Yes,0,2,8,6.8,0
C109653,Male,58,26,Month-to-Month,UPI,75.82,1947.44,DSL,No,Yes,0,1,12,6.9,0
C109654,Male,24,61,Month-to-Month,Electronic Check,51.1,3071.78,DSL,Yes,Yes,0,2,3,6.1,0
C109655,Female,45,62,One Year,Electronic Check,108.2,7158.55,Fiber Optic,Yes,Yes,1,4,8,5.8,0
C109656,Female,43,14,One Year,UPI,117.17,1759.35,Fiber Optic,Yes,No,3,4,3,6.3,1
C109657,Male,38,54,Month-to-Month,UPI,70.69,3619.6,Fiber Optic,No,Yes,6,2,21,2.6,0
C109658,Female,44,41,Two Year,Bank Transfer,79.84,3532.96,Fiber Optic,Yes,No,1,4,9,6.6,0
C109659,Female,24,60,Month-to-Month,Electronic Check,50.61,2860.52,DSL,Yes,No,2,0,6,7.2,0
C109660,Female,58,9,Month-to-Month,Electronic Check,65.85,619.81,No Internet,Yes,No,1,0,23,5.6,1
C109661,Male,61,44,Month-to-Month,Bank Transfer,99.53,4102.04,Fiber Optic,No,No,4,3,3,5.2,1
C109662,Male,39,56,One Year,Bank Transfer,71.42,4078.89,DSL,No,No,1,3,11,4.8,0
C109663,Male,67,3,One Year,UPI,106.39,321.93,Fiber Optic,No,Yes,2,0,5,6.8,0
C109664,Male,33,59,Month-to-Month,Electronic Check,135.15,8610.1,Fiber Optic,Yes,No,4,3,19,5.4,0
C109665,Female,43,13,One Year,Electronic Check,61.84,806.26,No Internet,Yes,No,3,3,14,5.2,1
C109666,Male,55,30,Month-to-Month,Bank Transfer,83.61,2561.96,No Internet,No,Yes,1,2,8,6.5,0
C109667,Male,32,53,Month-to-Month,Electronic Check,81.23,4457.07,Fiber Optic,Yes,Yes,0,6,24,6.6,1
C109668,Female,21,51,One Year,Credit Card,95.73,5058.4,DSL,No,Yes,2,3,8,7.6,0
C109669,Female,19,42,Month-to-Month,Credit Card,91.53,3928.96,Fiber Optic,No,Yes,3,2,12,6.9,0
C109670,Male,63,26,Month-to-Month,Bank Transfer,80.21,2180.43,DSL,Yes,No,1,1,37,8.7,1
C109671,Female,32,59,Month-to-Month,Credit Card,80.47,4924.1,No Internet,No,Yes,1,2,7,6.1,0
C109672,Male,36,69,Month-to-Month,UPI,83.16,5617.03,Fiber Optic,Yes,No,1,3,10,7.5,0
C109673,Male,25,3,Two Year,Credit Card,98.78,278.38,Fiber Optic,No,Yes,5,3,12,5.6,0
C109674,Male,49,41,Two Year,Electronic Check,78.8,3439.17,No Internet,Yes,No,2,2,12,6.0,0
C109675,Female,29,1,Two Year,Electronic Check,115.3,106.26,Fiber Optic,No,Yes,0,2,16,6.7,1
C109676,Female,32,65,Month-to-Month,UPI,81.24,5030.24,Fiber Optic,Yes,No,1,2,2,6.6,0
C109677,Male,42,70,Two Year,Bank Transfer,123.18,8691.61,Fiber Optic,No,No,2,1,3,6.4,0
C109678,Male,25,50,Month-to-Month,Credit Card,79.61,4163.68,DSL,Yes,No,0,3,15,7.7,0
C109679,Male,36,59,Two Year,UPI,140.36,7901.76,Fiber Optic,No,Yes,1,2,22,6.5,1
C109680,Male,55,63,Two Year,Bank Transfer,109.25,7031.2,DSL,No,Yes,0,2,12,7.8,0
C109681,Male,43,25,Month-to-Month,,73.16,1793.3,No Internet,No,No,2,2,12,6.5,0
C109682,Male,40,10,Month-to-Month,Electronic Check,68.49,630.48,No Internet,Yes,No,0,2,1,6.5,1
C109683,Female,41,1,One Year,UPI,62.32,64.47,Fiber Optic,No,Yes,1,0,15,7.5,0
C109684,Female,33,14,Month-to-Month,Bank Transfer,123.3,1760.72,Fiber Optic,No,Yes,2,2,13,6.4,1
C109685,Male,62,21,Month-to-Month,Credit Card,127.58,2488.64,DSL,No,Yes,2,2,12,7.0,1
C109686,Male,28,58,Month-to-Month,UPI,75.45,4634.84,Fiber Optic,No,Yes,1,0,7,8.3,0
C109687,Male,41,38,One Year,Credit Card,75.26,2709.0,DSL,No,No,0,2,14,6.1,0
C109688,Male,39,1,Month-to-Month,Bank Transfer,86.58,90.8,DSL,Yes,Yes,2,2,23,5.7,0
C109689,Female,50,5,Two Year,Bank Transfer,82.14,404.28,DSL,No,Yes,0,1,1,6.9,0
C109690,Female,51,44,Month-to-Month,Bank Transfer,59.32,2492.38,No Internet,Yes,Yes,1,2,26,8.7,0
C109691,Male,38,65,Month-to-Month,Bank Transfer,110.51,7281.35,Fiber Optic,No,No,1,1,11,5.9,1
C109692,Male,41,57,Month-to-Month,Electronic Check,91.18,5156.61,Fiber Optic,No,Yes,3,1,6,6.6,0
C109693,Female,42,45,Two Year,UPI,122.34,5858.04,No Internet,No,No,2,2,30,7.9,0
C109694,Male,18,60,One Year,UPI,84.95,5214.6,Fiber Optic,No,Yes,1,3,13,7.4,0
C109695,Female,19,66,Month-to-Month,Credit Card,86.15,5977.31,Fiber Optic,No,No,3,4,16,5.7,0
C109696,Male,31,47,One Year,Credit Card,74.38,3239.75,Fiber Optic,No,No,2,1,17,7.7,0
C109697,Female,31,26,Month-to-Month,Credit Card,45.83,1186.88,DSL,No,Yes,2,3,6,9.2,1
C109698,Female,24,9,One Year,Bank Transfer,73.55,643.46,DSL,No,No,0,2,13,8.0,0
C109699,Female,47,51,Month-to-Month,Bank Transfer,73.22,3530.96,Fiber Optic,No,Yes,2,2,5,6.6,0
C109700,Female,38,8,Month-to-Month,Bank Transfer,112.84,971.22,Fiber Optic,Yes,Yes,2,4,9,7.6,1
C109701,Male,35,5,One Year,Bank Transfer,87.09,448.68,Fiber Optic,No,Yes,0,1,3,6.2,0
C109702,Female,23,39,Month-to-Month,Electronic Check,59.53,2250.75,No Internet,No,No,0,3,4,7.1,0
C109703,Female,37,68,One Year,Electronic Check,54.52,3666.59,Fiber Optic,No,Yes,1,2,24,4.9,0
C109704,Male,18,40,One Year,Credit Card,90.66,3635.72,No Internet,Yes,No,0,1,7,8.7,0
C109705,Male,36,36,One Year,Bank Transfer,61.21,2032.64,DSL,No,No,2,0,15,7.8,0
C109706,Male,39,21,Two Year,Credit Card,99.52,2181.64,Fiber Optic,Yes,Yes,3,3,6,6.7,1
C109707,Male,41,26,One Year,Electronic Check,100.3,2736.09,Fiber Optic,No,Yes,0,4,4,7.1,0
C109708,Male,19,56,Month-to-Month,Electronic Check,106.7,6191.45,Fiber Optic,No,Yes,3,3,4,8.9,0
C109709,Female,41,57,Two Year,Electronic Check,60.99,3408.02,Fiber Optic,Yes,No,1,2,1,5.8,0
C109710,Male,26,59,Two Year,Electronic Check,101.44,5601.48,Fiber Optic,No,No,1,2,15,7.0,0
C109711,Female,28,7,One Year,UPI,81.27,523.83,Fiber Optic,Yes,Yes,0,5,13,8.6,0
C109712,Male,47,42,Two Year,Bank Transfer,96.98,4031.71,Fiber Optic,No,Yes,2,2,8,4.8,0
C109713,Male,62,13,Two Year,Electronic Check,76.35,1063.96,DSL,No,Yes,0,1,25,8.8,0
C109714,Male,39,34,Month-to-Month,Credit Card,117.1,3959.71,Fiber Optic,No,Yes,1,3,20,7.8,0
C109715,Male,28,53,Month-to-Month,Bank Transfer,88.02,4962.28,DSL,No,Yes,0,3,17,6.5,1
C109716,Male,40,46,Month-to-Month,UPI,89.63,4185.64,Fiber Optic,Yes,No,1,0,8,6.3,0
C109717,Male,49,57,Two Year,Electronic Check,146.46,8510.4,Fiber Optic,No,No,1,1,20,8.4,0
C109718,Male,45,61,Month-to-Month,Electronic Check,117.89,7538.55,DSL,Yes,Yes,0,3,21,7.4,0
C109719,Female,71,56,One Year,Credit Card,69.29,3748.72,DSL,Yes,Yes,1,4,1,6.9,0
C109720,Female,29,29,Two Year,UPI,73.18,2132.29,Fiber Optic,No,No,1,1,27,7.0,0
C109721,Male,41,14,Two Year,Electronic Check,75.71,990.58,No Internet,Yes,Yes,2,5,22,6.2,0
C109722,Female,57,68,One Year,Electronic Check,82.16,5993.67,DSL,Yes,Yes,1,0,8,9.1,0
C109723,Female,56,71,Month-to-Month,Electronic Check,47.32,3625.54,DSL,Yes,No,3,3,28,4.6,0
C109724,Male,18,13,Month-to-Month,Credit Card,110.99,1459.1,Fiber Optic,No,Yes,2,1,9,7.9,0
C109725,Female,38,17,Two Year,Credit Card,77.88,1413.28,Fiber Optic,Yes,Yes,0,1,20,7.5,0
C109726,Female,56,29,Two Year,UPI,116.32,3554.27,Fiber Optic,No,No,0,4,11,7.3,0
C109727,Male,73,2,Two Year,UPI,101.54,203.91,Fiber Optic,Yes,No,3,3,7,7.6,0
C109728,Male,46,62,Two Year,Credit Card,69.97,4421.76,Fiber Optic,No,Yes,0,1,7,6.9,0
C109729,Male,34,20,Month-to-Month,UPI,72.08,1494.44,DSL,No,No,2,0,8,6.5,0
C109730,Male,26,56,One Year,Electronic Check,49.41,2692.37,Fiber Optic,Yes,No,0,2,8,8.5,0
C109731,Female,65,52,Month-to-Month,Credit Card,89.22,4498.12,No Internet,No,Yes,1,1,18,7.1,0
C109732,Male,47,25,One Year,UPI,63.0,1657.84,Fiber Optic,Yes,No,1,2,15,8.2,0
C109733,Female,28,62,Month-to-Month,Credit Card,91.26,5376.32,Fiber Optic,No,Yes,1,2,19,5.3,0
C109734,Female,36,17,Month-to-Month,Electronic Check,79.23,1290.09,Fiber Optic,Yes,Yes,0,2,12,7.8,0
C109735,Female,42,39,Two Year,Electronic Check,109.9,4349.4,No Internet,No,Yes,0,3,9,8.8,0
C109736,Female,45,10,One Year,Credit Card,77.87,765.91,DSL,No,Yes,2,2,7,6.8,0
C109737,Male,27,59,Two Year,UPI,131.24,7286.2,Fiber Optic,No,No,2,2,13,6.4,0
C109738,Male,31,25,One Year,Bank Transfer,39.8,,Fiber Optic,No,Yes,1,5,16,7.0,0
C109739,Female,18,28,Month-to-Month,Electronic Check,60.87,1697.07,No Internet,No,No,2,5,12,8.0,0
C109740,Male,50,61,Month-to-Month,Credit Card,127.89,8424.06,DSL,No,No,0,3,16,8.1,0
C109741,Male,34,58,Two Year,UPI,81.93,4714.96,Fiber Optic,Yes,Yes,2,1,19,6.5,0
C109742,Female,44,44,One Year,Bank Transfer,106.16,4884.16,Fiber Optic,No,Yes,1,0,2,8.6,0
C109743,Female,55,23,Two Year,Electronic Check,64.21,1525.01,Fiber Optic,Yes,No,0,3,13,8.7,0
C109744,Male,41,17,Month-to-Month,UPI,132.53,2190.36,DSL,No,Yes,2,2,4,4.6,0
C109745,Female,37,38,Month-to-Month,UPI,78.53,2785.18,Fiber Optic,Yes,No,2,1,9,7.0,1
C109746,Female,40,30,Two Year,Credit Card,47.5,1345.59,No Internet,No,No,3,7,7,3.4,0
C109747,Male,39,19,Month-to-Month,Credit Card,72.76,1280.31,DSL,No,No,0,1,13,6.2,1
C109748,Male,53,32,Month-to-Month,Credit Card,64.01,2099.81,Fiber Optic,No,Yes,0,0,17,7.7,0
C109749,Female,42,20,Month-to-Month,UPI,61.91,1152.13,Fiber Optic,Yes,Yes,0,5,13,7.8,0
C109750,Male,31,64,One Year,UPI,53.13,3289.38,Fiber Optic,Yes,Yes,2,1,20,4.3,0
C109751,Male,51,36,Month-to-Month,UPI,70.68,2387.58,Fiber Optic,Yes,Yes,1,1,6,6.5,0
C109752,Male,53,65,One Year,Electronic Check,87.39,5756.28,DSL,No,No,3,2,10,7.2,0
C109753,Female,22,43,Two Year,UPI,119.08,5285.55,Fiber Optic,No,No,2,0,5,5.5,0
C109754,Male,56,26,Month-to-Month,Credit Card,104.55,2694.61,Fiber Optic,No,No,1,2,21,5.8,1
C109755,Male,42,7,Month-to-Month,UPI,102.69,771.5,Fiber Optic,No,Yes,1,5,10,5.2,1
C109756,Male,41,34,Month-to-Month,Bank Transfer,84.01,2750.77,Fiber Optic,No,No,1,7,11,7.4,0
C109757,Female,50,36,Month-to-Month,UPI,85.89,3335.52,Fiber Optic,No,No,1,2,3,6.6,0
C109758,Male,31,6,Month-to-Month,Electronic Check,66.59,404.98,Fiber Optic,Yes,Yes,2,2,10,4.6,1
C109759,Female,49,37,One Year,Bank Transfer,88.64,3468.8,DSL,No,Yes,1,1,12,7.0,0
C109760,Female,33,62,Month-to-Month,Electronic Check,75.04,4369.6,Fiber Optic,No,No,1,2,29,8.0,0
C109761,Male,20,60,Month-to-Month,Electronic Check,93.12,6019.57,Fiber Optic,No,Yes,3,1,9,4.6,0
C109762,Female,26,64,One Year,Bank Transfer,90.74,6044.35,Fiber Optic,Yes,No,1,5,7,6.3,0
C109763,Female,45,50,Two Year,Bank Transfer,94.42,4792.48,Fiber Optic,No,No,1,2,7,7.1,0
C109764,Female,27,52,Month-to-Month,Credit Card,74.35,3559.91,DSL,No,No,1,0,10,9.2,0
C109765,Male,57,17,One Year,Electronic Check,108.23,1693.96,Fiber Optic,Yes,Yes,2,1,25,6.3,1
C109766,Female,52,60,Month-to-Month,Electronic Check,60.79,3454.18,DSL,Yes,Yes,0,2,7,7.8,0
C109767,Female,54,54,Month-to-Month,Electronic Check,48.12,2559.9,DSL,No,No,3,2,9,5.4,0
C109768,Female,39,10,One Year,Credit Card,47.88,463.16,DSL,No,Yes,2,3,5,6.9,0
C109769,Male,41,25,One Year,Bank Transfer,86.06,2271.89,No Internet,No,Yes,2,3,10,6.4,0
C109770,Female,24,18,One Year,Credit Card,85.65,1603.72,DSL,Yes,Yes,1,1,22,6.3,0
C109771,Male,50,64,Month-to-Month,UPI,87.97,5983.14,Fiber Optic,Yes,Yes,0,1,6,8.2,0
C109772,Male,43,59,Two Year,Electronic Check,93.34,5395.98,Fiber Optic,No,No,1,1,5,9.3,0
C109773,Male,45,27,Month-to-Month,Electronic Check,110.87,3130.83,DSL,No,Yes,0,4,56,4.3,1
C109774,Female,58,58,Month-to-Month,Bank Transfer,44.06,2695.62,Fiber Optic,No,Yes,1,3,16,7.1,0
C109775,Male,31,61,One Year,UPI,74.36,4896.73,Fiber Optic,No,No,1,3,13,7.2,0
C109776,Female,36,71,Month-to-Month,Electronic Check,62.83,4658.62,DSL,Yes,Yes,0,2,22,6.3,0
C109777,Female,42,43,Month-to-Month,UPI,70.57,3208.64,Fiber Optic,No,Yes,4,0,13,5.3,1
C109778,Male,27,11,Month-to-Month,Credit Card,95.24,1014.77,DSL,No,Yes,0,3,37,6.9,1
C109779,Female,36,5,One Year,Bank Transfer,84.56,434.29,Fiber Optic,Yes,No,1,0,11,7.0,0
C109780,Male,44,58,Month-to-Month,UPI,81.63,4856.95,Fiber Optic,No,Yes,1,0,4,6.6,1
C109781,Male,34,39,One Year,Electronic Check,97.95,3871.03,DSL,No,Yes,0,0,33,6.3,1
C109782,Female,54,48,Two Year,Bank Transfer,126.71,6533.03,Fiber Optic,Yes,No,2,3,15,5.7,0
C109783,Female,20,20,Two Year,UPI,94.5,1865.01,Fiber Optic,No,No,3,2,26,5.7,0
C109784,Female,51,19,Month-to-Month,UPI,74.54,1499.64,Fiber Optic,Yes,Yes,2,0,6,7.7,0
C109785,Female,46,60,One Year,Credit Card,67.25,3748.33,DSL,Yes,No,3,1,9,7.6,0
C109786,Male,31,26,Month-to-Month,UPI,96.21,2465.29,DSL,No,No,3,1,5,,0
C109787,Male,27,25,Two Year,Bank Transfer,79.71,1856.59,Fiber Optic,Yes,Yes,1,3,1,8.5,0
C109788,Male,18,15,Two Year,Credit Card,93.92,1430.01,Fiber Optic,Yes,Yes,1,1,16,4.7,0
C109789,Male,28,21,Month-to-Month,Electronic Check,79.33,1690.55,No Internet,No,Yes,0,2,6,9.3,0
C109790,Male,51,47,One Year,Credit Card,108.96,4995.52,No Internet,No,No,1,2,5,6.3,0
C109791,Male,37,35,Two Year,Credit Card,63.88,2381.08,DSL,No,Yes,1,2,11,5.4,0
C109792,Male,52,44,Month-to-Month,Credit Card,48.74,2028.75,DSL,Yes,Yes,1,7,4,7.0,1
C109793,Male,31,6,One Year,,68.02,405.79,DSL,No,Yes,3,4,25,7.2,1
C109794,Male,46,23,Two Year,UPI,75.75,1767.35,Fiber Optic,Yes,No,1,4,22,5.2,1
C109795,Female,29,39,Two Year,Credit Card,80.88,3002.03,Fiber Optic,No,Yes,0,5,2,8.5,0
C109796,Female,26,18,Month-to-Month,Credit Card,66.59,1259.86,DSL,Yes,Yes,3,4,5,7.4,0
C109797,Female,37,40,Two Year,Bank Transfer,89.59,3558.14,Fiber Optic,No,No,1,7,6,6.7,0
C109798,Male,30,36,One Year,UPI,60.66,2191.85,Fiber Optic,Yes,No,4,0,13,7.1,0
C109799,Female,19,28,Month-to-Month,Electronic Check,124.84,3443.19,Fiber Optic,No,No,1,1,10,8.0,1
C109800,Female,36,64,One Year,Credit Card,84.3,5486.74,Fiber Optic,Yes,Yes,1,5,11,6.6,0
C109801,Male,39,58,Month-to-Month,UPI,82.86,5047.32,Fiber Optic,No,Yes,0,1,5,7.7,0
C109802,Male,53,38,Month-to-Month,Bank Transfer,79.71,2949.12,DSL,Yes,No,1,1,1,7.3,0
C109803,Female,49,44,Two Year,Credit Card,75.85,3232.94,DSL,No,Yes,0,3,19,10.0,0
C109804,Female,53,2,Two Year,Bank Transfer,77.83,165.92,Fiber Optic,No,No,1,4,5,5.1,0
C109805,Female,47,35,Two Year,Bank Transfer,106.49,4024.89,DSL,No,Yes,0,4,11,5.3,1
C109806,Female,42,1,Month-to-Month,UPI,87.79,83.97,DSL,No,Yes,1,0,16,5.4,0
C109807,Female,23,46,Month-to-Month,UPI,86.34,3791.84,Fiber Optic,No,No,4,3,2,4.8,0
C109808,Female,40,60,Two Year,Credit Card,61.29,3470.29,DSL,No,Yes,1,3,3,5.9,0
C109809,Female,45,63,Two Year,Electronic Check,82.65,5034.3,Fiber Optic,No,No,0,3,6,8.5,0
C109810,Male,55,45,Two Year,Credit Card,46.56,2093.98,DSL,No,Yes,0,3,8,8.4,0
C109811,Female,46,57,Month-to-Month,Electronic Check,102.97,5404.3,Fiber Optic,No,Yes,0,0,12,7.0,0
C109812,Male,53,37,Two Year,Electronic Check,109.36,3878.63,Fiber Optic,No,No,2,2,7,6.5,0
C109813,Female,26,7,Two Year,UPI,96.99,717.88,DSL,No,Yes,1,3,9,6.8,0
C109814,Female,34,16,Month-to-Month,Bank Transfer,74.41,1118.91,Fiber Optic,Yes,No,3,1,7,7.4,0
C109815,Female,43,50,Month-to-Month,Electronic Check,46.59,2455.47,Fiber Optic,No,No,0,3,4,6.3,0
C109816,Female,52,14,Two Year,UPI,74.37,1051.17,DSL,No,Yes,1,1,25,7.6,0
C109817,Male,36,6,Month-to-Month,UPI,109.92,634.75,Fiber Optic,Yes,No,3,1,14,6.8,1
C109818,Male,37,61,Month-to-Month,UPI,87.88,5322.98,DSL,No,Yes,3,1,15,5.9,0
C109819,Male,46,21,Month-to-Month,UPI,75.22,1496.44,DSL,No,No,0,3,7,5.8,0
C109820,Female,24,10,Month-to-Month,Electronic Check,97.6,991.0,Fiber Optic,No,No,0,3,6,7.1,1
C109821,Female,57,32,Month-to-Month,Bank Transfer,67.55,2016.94,DSL,No,No,0,2,13,7.1,0
C109822,Female,27,6,Month-to-Month,Electronic Check,78.62,480.1,DSL,No,Yes,1,4,10,6.2,1
C109823,Male,18,2,Month-to-Month,Bank Transfer,105.19,209.54,Fiber Optic,Yes,Yes,1,3,9,6.7,1
C109824,Male,38,39,Two Year,Electronic Check,60.92,2186.24,DSL,No,No,0,0,11,7.2,0
C109825,Female,58,49,Month-to-Month,UPI,64.69,3387.4,DSL,No,No,2,4,3,5.0,1
C109826,Male,45,27,Month-to-Month,UPI,110.37,2755.72,Fiber Optic,Yes,No,2,1,16,6.9,1
C109827,Female,47,56,Month-to-Month,Bank Transfer,64.85,3836.04,DSL,No,Yes,0,1,14,6.7,1
C109828,Female,38,14,One Year,,45.22,608.27,DSL,Yes,Yes,1,1,7,6.6,0
C109829,Female,36,23,Month-to-Month,UPI,56.6,1402.21,Fiber Optic,Yes,No,1,2,17,7.7,1
C109830,Male,19,51,Month-to-Month,Credit Card,91.75,5053.38,Fiber Optic,No,No,0,2,7,8.0,0
C109831,Female,18,25,Month-to-Month,Bank Transfer,104.61,2503.66,No Internet,Yes,Yes,3,0,5,5.9,0
C109832,Male,40,53,Two Year,Electronic Check,138.05,7026.47,Fiber Optic,No,Yes,2,1,18,5.9,0
C109833,Female,54,11,One Year,UPI,75.22,873.5,Fiber Optic,No,Yes,0,5,27,6.2,0
C109834,Male,42,35,Month-to-Month,UPI,39.89,,DSL,Yes,Yes,1,1,18,7.0,0
C109835,Male,45,55,Two Year,Credit Card,118.49,5999.12,No Internet,No,No,0,0,10,7.7,0
C109836,Female,57,58,Month-to-Month,Credit Card,110.35,6533.33,Fiber Optic,Yes,Yes,0,1,9,9.6,0
C109837,Male,42,68,Month-to-Month,Credit Card,69.69,4565.98,DSL,Yes,No,0,2,11,7.2,0
C109838,Female,37,37,One Year,Electronic Check,81.36,2947.13,Fiber Optic,No,Yes,2,0,24,7.8,0
C109839,Female,28,9,Month-to-Month,Electronic Check,77.03,687.45,Fiber Optic,No,No,3,0,6,5.9,1
C109840,Female,62,28,One Year,Electronic Check,73.81,1989.25,No Internet,No,Yes,2,0,11,7.6,0
C109841,Female,44,55,Month-to-Month,Credit Card,84.91,4385.14,DSL,Yes,Yes,1,1,12,6.6,0
C109842,Male,27,46,One Year,Electronic Check,93.75,4455.89,Fiber Optic,No,No,1,1,5,8.5,0
C109843,Female,24,70,Month-to-Month,Bank Transfer,106.0,7411.61,Fiber Optic,No,No,1,2,4,8.2,0
C109844,Male,53,27,Month-to-Month,Credit Card,81.09,2283.56,Fiber Optic,No,Yes,3,0,11,4.3,0
C109845,Male,26,10,One Year,UPI,107.47,1144.65,DSL,Yes,Yes,3,3,11,5.5,1
C109846,Female,60,23,Two Year,Bank Transfer,74.25,1632.93,Fiber Optic,No,No,2,1,3,7.6,0
C109847,Male,18,21,Month-to-Month,Bank Transfer,98.81,2206.12,Fiber Optic,No,Yes,1,3,30,6.1,1
C109848,Female,55,45,One Year,UPI,47.76,2306.21,Fiber Optic,No,Yes,2,1,17,6.7,0
C109849,Male,44,3,One Year,,65.72,190.78,No Internet,No,Yes,2,0,13,7.3,0
C109850,Female,39,59,Two Year,Electronic Check,91.59,5710.16,Fiber Optic,No,No,1,3,13,8.4,0
C109851,Female,36,43,Month-to-Month,Bank Transfer,65.38,2709.1,Fiber Optic,Yes,Yes,3,0,8,5.7,0
C109852,Male,61,7,One Year,Credit Card,66.14,487.95,Fiber Optic,No,No,0,3,20,7.8,0
C109853,Female,46,27,One Year,Bank Transfer,91.98,2645.26,DSL,Yes,No,3,4,10,4.1,1
C109854,Female,27,62,Month-to-Month,UPI,54.31,3619.28,Fiber Optic,Yes,No,0,3,17,7.0,0
C109855,Male,18,42,Month-to-Month,Electronic Check,80.11,3404.25,DSL,No,No,1,0,5,6.8,0
C109856,Male,40,4,Month-to-Month,Electronic Check,102.99,415.06,No Internet,Yes,No,3,1,9,6.0,1
C109857,Female,38,62,Two Year,Electronic Check,102.65,5958.4,No Internet,Yes,Yes,1,4,2,8.0,0
C109858,Male,20,8,One Year,UPI,136.37,1097.85,Fiber Optic,Yes,Yes,3,1,20,5.8,1
C109859,Male,37,17,Month-to-Month,Credit Card,75.7,1356.75,No Internet,Yes,No,0,4,21,6.8,1
C109860,Female,31,5,Month-to-Month,Credit Card,101.78,468.93,Fiber Optic,No,Yes,1,0,7,9.7,0
C109861,Female,38,63,One Year,Credit Card,85.68,5750.84,DSL,No,Yes,1,0,4,7.5,0
C109862,Female,47,9,One Year,Electronic Check,93.25,849.48,Fiber Optic,Yes,No,1,2,24,7.5,0
C109863,Female,56,8,Month-to-Month,Electronic Check,98.58,806.61,Fiber Optic,Yes,Yes,1,2,7,7.0,1
C109864,Female,49,7,Month-to-Month,UPI,62.38,452.72,Fiber Optic,No,Yes,2,1,6,6.3,0
C109865,Male,29,37,Two Year,Electronic Check,85.42,3377.2,DSL,No,Yes,3,3,8,5.6,0
C109866,Male,42,55,Month-to-Month,UPI,123.89,7025.84,Fiber Optic,No,No,1,4,18,8.9,0
C109867,Male,39,67,Month-to-Month,UPI,89.11,5912.97,DSL,Yes,No,1,3,4,6.1,0
C109868,Female,22,8,One Year,Bank Transfer,62.73,530.64,DSL,No,No,2,4,3,6.9,1
C109869,Male,43,69,One Year,Credit Card,107.95,7985.88,Fiber Optic,No,Yes,1,2,13,5.8,0
C109870,Male,60,5,One Year,Bank Transfer,40.27,205.25,No Internet,No,Yes,3,2,11,5.5,0
C109871,Male,38,17,Month-to-Month,Electronic Check,101.58,1800.08,Fiber Optic,No,Yes,4,3,9,4.8,1
C109872,Male,19,58,Two Year,UPI,41.63,2434.8,Fiber Optic,Yes,Yes,2,0,5,7.3,0
C109873,Male,38,63,Month-to-Month,Credit Card,64.06,3784.63,Fiber Optic,No,Yes,1,3,9,6.7,0
C109874,Female,23,27,Month-to-Month,Credit Card,59.79,1642.98,DSL,Yes,No,2,3,5,7.6,0
C109875,Male,48,68,Month-to-Month,Electronic Check,53.95,3709.56,No Internet,No,No,0,2,16,7.5,0
C109876,Male,44,28,Month-to-Month,UPI,91.84,2571.65,DSL,No,No,0,2,5,8.8,0
C109877,Male,36,58,One Year,UPI,71.86,4210.86,Fiber Optic,Yes,No,1,3,13,5.9,0
C109878,Female,34,50,Month-to-Month,Bank Transfer,49.56,2414.2,No Internet,No,Yes,3,3,13,5.3,0
C109879,Female,35,67,Month-to-Month,UPI,79.1,5555.31,Fiber Optic,No,Yes,2,0,16,5.7,0
C109880,Male,38,31,Month-to-Month,UPI,83.59,2484.78,Fiber Optic,No,Yes,1,4,23,6.2,0
C109881,Female,29,12,One Year,Electronic Check,89.13,1057.93,Fiber Optic,Yes,No,0,2,2,9.0,0
C109882,Male,21,55,Two Year,Bank Transfer,67.45,3836.49,No Internet,Yes,Yes,2,3,14,6.5,0
C109883,Female,52,4,Month-to-Month,Bank Transfer,110.92,448.1,Fiber Optic,Yes,Yes,0,0,2,6.8,0
C109884,Male,33,42,Two Year,Credit Card,82.06,3242.76,DSL,Yes,No,2,4,8,5.4,0
C109885,Female,40,54,Two Year,Electronic Check,78.28,4224.03,Fiber Optic,Yes,No,2,3,2,5.4,0
C109886,Female,41,22,Month-to-Month,UPI,95.72,2189.03,DSL,Yes,No,3,0,17,6.7,1
C109887,Female,42,1,Two Year,Credit Card,141.31,131.6,Fiber Optic,No,Yes,2,2,5,7.2,0
C109888,Male,24,48,One Year,Bank Transfer,75.13,3809.15,No Internet,Yes,No,1,2,23,7.5,0
C109889,Male,18,43,Two Year,Electronic Check,48.02,2068.57,Fiber Optic,No,Yes,1,2,7,8.0,0
C109890,Female,31,20,Two Year,Credit Card,82.29,1653.25,Fiber Optic,No,No,1,5,5,7.5,0
C109891,Male,43,18,Two Year,Bank Transfer,123.19,2240.13,Fiber Optic,No,Yes,1,5,10,6.9,1
C109892,Female,29,70,Month-to-Month,Credit Card,66.31,4451.25,DSL,No,No,2,0,12,6.1,0
C109893,Female,34,49,One Year,Credit Card,92.47,4444.59,Fiber Optic,No,Yes,4,3,34,4.9,1
C109894,Female,64,17,Month-to-Month,Electronic Check,53.79,939.14,Fiber Optic,Yes,No,1,1,4,5.5,1
C109895,Male,18,53,Month-to-Month,Credit Card,100.78,5251.6,Fiber Optic,Yes,Yes,2,1,12,7.5,0
C109896,Female,29,22,Month-to-Month,Bank Transfer,70.48,1659.19,Fiber Optic,No,Yes,1,0,30,6.8,0
C109897,Female,61,10,Month-to-Month,UPI,99.63,1061.07,DSL,No,No,0,3,14,5.6,1
C109898,Female,37,24,Two Year,Credit Card,59.83,1361.48,No Internet,No,No,0,2,9,7.2,0
C109899,Male,30,12,Two Year,Bank Transfer,43.46,496.37,No Internet,No,Yes,0,4,8,7.7,0
C109900,Male,52,4,Two Year,UPI,87.14,343.6,DSL,Yes,Yes,1,4,6,7.5,1
C109901,Male,39,42,Month-to-Month,Bank Transfer,79.24,3372.36,Fiber Optic,Yes,Yes,1,1,15,5.8,0
C109902,Male,34,5,One Year,Electronic Check,48.73,258.56,DSL,No,Yes,0,3,10,9.9,0
C109903,Female,40,26,One Year,UPI,98.26,2401.72,DSL,Yes,Yes,0,5,22,6.0,0
C109904,Female,30,59,Month-to-Month,UPI,84.29,5208.14,Fiber Optic,Yes,Yes,0,2,11,7.1,0
C109905,Male,26,62,Month-to-Month,Electronic Check,113.77,6626.49,Fiber Optic,No,Yes,1,4,14,5.5,0
C109906,Female,37,5,Month-to-Month,Electronic Check,63.37,319.66,DSL,No,No,1,1,14,6.0,0
C109907,Male,26,26,Two Year,UPI,67.7,1782.6,No Internet,Yes,No,0,2,16,7.1,0
C109908,Male,38,6,Two Year,Bank Transfer,101.06,651.38,Fiber Optic,No,Yes,2,1,7,5.1,1
C109909,Male,42,24,Two Year,Electronic Check,88.08,2199.1,No Internet,No,No,2,1,8,7.8,1
C109910,Male,48,53,Month-to-Month,Bank Transfer,62.47,3429.23,Fiber Optic,No,No,3,0,2,4.6,0
C109911,Female,52,7,Month-to-Month,Bank Transfer,73.28,473.98,DSL,No,No,0,2,7,7.0,1
C109912,Male,33,10,Two Year,Credit Card,150.02,1561.7,Fiber Optic,Yes,Yes,2,3,2,6.7,1
C109913,Female,44,39,Month-to-Month,Credit Card,123.45,4951.76,Fiber Optic,Yes,No,1,1,17,7.3,0
C109914,Male,44,28,Month-to-Month,Credit Card,84.72,2440.17,No Internet,No,No,1,1,30,7.7,0
C109915,Female,42,42,Month-to-Month,Credit Card,129.59,5051.47,DSL,No,Yes,1,3,12,6.3,0
C109916,Male,32,62,Two Year,Credit Card,95.86,5840.53,Fiber Optic,No,Yes,1,2,6,6.9,0
C109917,Male,26,52,Month-to-Month,Electronic Check,58.11,2835.51,DSL,No,No,1,2,10,5.8,0
C109918,Male,44,22,Month-to-Month,Electronic Check,119.27,2796.92,Fiber Optic,Yes,Yes,1,2,3,7.2,1
C109919,Male,18,57,One Year,Credit Card,47.06,2625.28,No Internet,Yes,Yes,1,1,14,5.3,0
C109920,Male,35,11,Month-to-Month,Electronic Check,70.51,822.3,Fiber Optic,Yes,Yes,1,2,7,7.5,0
C109921,Female,18,14,Two Year,Bank Transfer,82.83,1125.8,DSL,No,Yes,1,1,23,4.6,0
C109922,Female,22,31,Month-to-Month,UPI,111.37,,DSL,No,Yes,1,2,5,6.7,0
C109923,Female,27,4,Two Year,UPI,107.52,396.32,No Internet,No,Yes,0,2,18,6.5,1
C109924,Female,51,22,One Year,Credit Card,45.69,1036.96,DSL,Yes,No,0,2,12,7.4,0
C109925,Male,46,64,One Year,Bank Transfer,57.91,3823.23,No Internet,No,Yes,2,2,27,4.8,1
C109926,Male,31,61,Two Year,Electronic Check,64.26,3692.72,Fiber Optic,No,Yes,0,1,5,8.7,0
C109927,Female,47,6,Month-to-Month,Electronic Check,74.8,445.03,DSL,No,No,4,3,39,4.0,0
C109928,Female,49,68,Month-to-Month,Electronic Check,89.58,6270.01,Fiber Optic,No,No,0,2,15,8.1,0
C109929,Female,36,6,Month-to-Month,UPI,72.67,438.17,DSL,No,Yes,0,0,29,7.1,0
C109930,Female,21,66,Month-to-Month,Bank Transfer,77.43,5458.2,Fiber Optic,No,Yes,0,0,19,7.5,0
C109931,Male,36,36,One Year,Electronic Check,69.16,2374.58,Fiber Optic,No,No,2,4,10,5.5,0
C109932,Male,37,15,Month-to-Month,Bank Transfer,112.28,1809.53,DSL,No,Yes,2,1,4,7.1,0
C109933,Male,23,40,Month-to-Month,Credit Card,67.48,2696.17,Fiber Optic,Yes,No,4,2,15,,0
C109934,Male,42,41,Month-to-Month,Credit Card,57.85,2561.5,Fiber Optic,No,Yes,0,1,19,7.5,0
C109935,Male,41,7,One Year,UPI,140.41,971.29,Fiber Optic,No,Yes,3,0,14,6.2,0
C109936,Male,43,22,Month-to-Month,Bank Transfer,74.54,1736.62,DSL,No,No,0,1,15,7.4,0
C109937,Female,41,72,Two Year,Bank Transfer,97.65,7408.94,Fiber Optic,Yes,Yes,1,5,6,6.2,0
C109938,Female,47,11,Month-to-Month,Electronic Check,57.8,639.76,No Internet,No,No,1,1,14,5.5,1
C109939,Female,36,2,One Year,Electronic Check,88.59,184.63,Fiber Optic,Yes,No,0,3,8,8.9,0
C109940,Female,40,30,Two Year,Bank Transfer,69.43,2163.82,Fiber Optic,Yes,Yes,2,2,0,8.1,0
C109941,Male,33,68,Month-to-Month,Electronic Check,57.34,3669.99,DSL,Yes,Yes,2,1,22,4.9,0
C109942,Male,31,53,Two Year,Credit Card,59.01,3244.85,No Internet,No,No,1,3,16,6.5,0
C109943,Female,54,21,One Year,Credit Card,63.29,1377.34,Fiber Optic,No,No,2,2,14,7.7,0
C109944,Male,18,25,Two Year,Credit Card,110.55,2732.98,Fiber Optic,No,No,2,0,21,6.1,0
C109945,Male,49,72,Month-to-Month,Electronic Check,73.83,5021.24,DSL,No,No,1,3,19,4.8,0
C109946,Male,31,5,Month-to-Month,Bank Transfer,100.39,498.03,DSL,No,No,1,4,28,6.2,1
C109947,Male,29,66,Two Year,UPI,92.33,6334.52,DSL,No,Yes,0,3,8,8.0,0
C109948,Male,41,49,One Year,Electronic Check,145.95,7585.93,Fiber Optic,Yes,No,5,3,11,5.2,0
C109949,Male,20,8,Month-to-Month,UPI,69.08,541.05,DSL,No,Yes,0,2,10,5.7,1
C109950,Male,28,27,Two Year,Bank Transfer,61.08,1606.44,No Internet,Yes,No,0,3,4,7.9,0
C109951,Female,28,2,Two Year,Credit Card,92.98,176.94,DSL,No,Yes,2,7,16,5.1,0
C109952,Male,35,28,Month-to-Month,Bank Transfer,102.73,2815.12,Fiber Optic,No,Yes,1,3,13,7.1,1
C109953,Male,28,11,Month-to-Month,Bank Transfer,82.26,867.06,Fiber Optic,No,Yes,4,3,10,5.5,0
C109954,Male,57,46,One Year,Credit Card,93.08,4169.84,No Internet,Yes,Yes,0,3,1,8.3,0
C109955,Male,60,21,Two Year,UPI,53.71,1135.23,No Internet,Yes,Yes,2,5,5,7.2,0
C109956,Female,18,42,Month-to-Month,Credit Card,99.33,4217.19,Fiber Optic,No,Yes,0,5,2,8.3,0
C109957,Female,45,32,One Year,Credit Card,73.67,2448.55,Fiber Optic,Yes,Yes,3,1,11,6.3,1
C109958,Female,48,32,One Year,Electronic Check,72.53,2500.33,DSL,No,Yes,0,0,9,6.6,1
C109959,Male,45,71,Month-to-Month,Electronic Check,52.19,3462.15,No Internet,No,No,1,3,26,7.0,0
C109960,Female,30,22,Month-to-Month,UPI,75.34,1587.36,Fiber Optic,No,Yes,1,3,19,7.4,0
C109961,Female,35,21,Month-to-Month,Electronic Check,65.7,1359.8,Fiber Optic,No,No,0,1,14,7.2,0
C109962,Male,29,22,One Year,UPI,96.27,2276.4,Fiber Optic,No,No,3,1,9,5.3,0
C109963,Female,33,34,Month-to-Month,Bank Transfer,118.38,3884.06,DSL,Yes,Yes,3,4,11,4.2,1
C109964,Male,23,10,Month-to-Month,UPI,41.06,435.38,DSL,Yes,No,1,1,12,5.9,0
C109965,Female,37,65,Two Year,UPI,91.14,5834.98,DSL,No,No,0,4,10,8.5,0
C109966,Female,20,65,Month-to-Month,UPI,110.64,7719.4,Fiber Optic,Yes,Yes,3,1,7,6.1,0
C109967,Male,36,67,One Year,Credit Card,84.55,5244.55,Fiber Optic,No,Yes,0,3,7,6.5,0
C109968,Female,23,43,One Year,UPI,63.81,2630.55,Fiber Optic,Yes,Yes,0,2,5,8.2,0
C109969,Male,40,41,Month-to-Month,Credit Card,59.29,2251.59,No Internet,No,Yes,3,1,13,5.5,0
C109970,Male,30,13,Month-to-Month,Electronic Check,103.97,1406.04,Fiber Optic,No,Yes,1,2,14,6.3,1
C109971,Female,41,4,Month-to-Month,Bank Transfer,60.96,249.77,DSL,No,No,0,1,20,7.1,0
C109972,Female,51,23,Month-to-Month,Bank Transfer,71.11,1565.41,No Internet,No,No,0,1,8,9.3,1
C109973,Male,57,70,Two Year,Electronic Check,38.16,2481.05,DSL,No,No,1,2,12,5.6,0
C109974,Male,18,34,One Year,UPI,100.22,3566.81,Fiber Optic,No,Yes,1,3,20,6.1,0
C109975,Male,28,41,Two Year,Electronic Check,112.29,4795.37,Fiber Optic,No,Yes,3,4,10,6.3,1
C109976,Male,34,18,One Year,Credit Card,69.21,1329.37,Fiber Optic,No,Yes,0,3,7,5.2,1
C109977,Female,44,33,Month-to-Month,Credit Card,72.15,2254.17,Fiber Optic,No,No,2,0,2,7.2,0
C109978,Female,18,25,Month-to-Month,Electronic Check,47.63,1204.84,DSL,No,Yes,5,2,11,7.3,1
C109979,Female,26,52,Month-to-Month,Electronic Check,67.74,3758.17,DSL,No,No,3,1,2,,0
C109980,Male,40,17,Month-to-Month,Credit Card,81.98,1328.0,DSL,No,Yes,0,2,11,7.7,0
C109981,Female,39,51,Month-to-Month,Credit Card,78.7,4082.63,No Internet,No,No,2,0,14,4.8,0
C109982,Male,43,3,Month-to-Month,UPI,114.37,348.99,Fiber Optic,No,Yes,0,4,17,8.3,1
C109983,Female,43,55,One Year,Credit Card,105.85,5394.95,DSL,No,Yes,1,3,12,7.6,0
C109984,Female,42,56,Month-to-Month,Electronic Check,100.84,5902.06,Fiber Optic,Yes,Yes,0,3,8,7.6,0
C109985,Female,40,35,One Year,Electronic Check,45.37,1661.51,No Internet,No,Yes,2,1,1,6.3,1
C109986,Male,39,68,Month-to-Month,Bank Transfer,95.56,6177.54,Fiber Optic,No,No,0,2,26,6.7,1
C109987,Male,46,59,Month-to-Month,UPI,45.24,2473.79,DSL,Yes,No,3,1,34,7.0,0
C109988,Male,18,59,Month-to-Month,UPI,87.68,5355.24,Fiber Optic,No,Yes,0,2,12,8.3,0
C109989,Female,57,13,Month-to-Month,Electronic Check,96.35,1179.36,Fiber Optic,Yes,Yes,1,1,14,7.0,0
C109990,Male,18,62,Month-to-Month,Electronic Check,66.25,4232.01,DSL,No,No,0,3,18,6.1,0
C109991,Male,25,47,Month-to-Month,Electronic Check,113.86,5052.0,No Internet,Yes,Yes,3,3,5,5.5,0
C109992,Male,35,3,Month-to-Month,Credit Card,83.73,265.67,Fiber Optic,No,Yes,2,2,7,7.2,1
C109993,Female,46,21,Month-to-Month,Credit Card,83.11,1776.44,DSL,Yes,Yes,5,2,24,4.2,1
C109994,Male,18,65,Two Year,Electronic Check,120.23,7910.95,Fiber Optic,Yes,Yes,1,3,11,7.2,0
C109995,Female,38,18,Month-to-Month,Electronic Check,71.87,1300.76,Fiber Optic,No,Yes,4,3,15,5.3,0
C109996,Female,48,13,Two Year,UPI,74.0,891.39,DSL,Yes,Yes,2,2,4,5.5,0
C109997,Female,50,71,Month-to-Month,UPI,114.95,8603.85,Fiber Optic,No,Yes,1,1,8,5.8,0
C109998,Male,30,45,Month-to-Month,Electronic Check,86.11,3845.92,DSL,No,No,0,1,11,6.4,0
C109999,Male,34,62,One Year,Electronic Check,86.22,5234.5,Fiber Optic,No,No,1,2,6,9.9,0
